Time,X_ft,Y_ft,Z_ft,Altitude,Vertical_Velocity,Drogue_Deployed,Main_Deployed
0.00833333,-1.84926e-06,0,2.45497e-06,10.5,-0.267915,0,0,58.1116
0.0166667,-1.41009e-05,8.26229e-09,-0.00427881,10.4957,-0.53583,0,0,58.1116
0.025,-3.20917e-05,8.26229e-09,-0.0098604,10.4901,-0.803745,0,0,58.1116
0.0333333,-5.72779e-05,2.47869e-08,-0.0176746,10.4823,-1.07166,0,0,58.1115
0.0416667,-8.96593e-05,4.54426e-08,-0.0277215,10.4723,-1.33957,0,0,58.1111
0.05,-0.000129236,8.26229e-08,-0.040001,10.46,-1.51587,0,0,58.1103
0.0583333,-0.00017129,1.28065e-07,-0.0530498,10.447,-1.29958,0,0,58.1082
0.0666667,-0.000198887,1.77639e-07,-0.0616153,10.4384,-0.0893484,0,0,58.1028
0.075,-0.000173864,2.23082e-07,-0.053866,10.4461,3.96787,0,0,58.088
0.0833333,1.92142e-05,2.23082e-07,0.00599026,10.506,15.3172,0,0,58.0488
0.0916667,0.000665149,5.37049e-08,0.206243,10.7062,25.2243,0,0,58.0056
0.1,0.00146024,-2.80918e-07,0.452719,10.9527,35.5205,0,0,57.9599
0.108333,0.00255792,-9.08851e-07,0.792977,11.293,46.1155,0,0,57.9124
0.116667,0.0039435,-1.91272e-06,1.22246,11.7225,57.0403,0,0,57.8633
0.125,0.00562768,-3.37927e-06,1.74446,12.2445,68.0336,0,0,57.8134
0.133333,0.00760553,-5.39114e-06,2.35745,12.8575,79.0458,0,0,57.7632
0.141667,0.00987931,-8.0392e-06,3.06212,13.5621,90.1253,0,0,57.7126
0.15,0.0124526,-1.14102e-05,3.85957,14.3596,101.273,0,0,57.6616
0.158333,0.0153267,-1.55992e-05,4.7502,15.2502,112.435,0,0,57.6103
0.166667,0.0185008,-2.06929e-05,5.73372,16.2337,123.616,0,0,57.5589
0.175,0.0219761,-2.67822e-05,6.81051,17.3105,134.82,0,0,57.5073
0.183333,0.0257533,-3.3958e-05,7.98078,18.4808,146.048,0,0,57.4555
0.191667,0.0298331,-4.2307e-05,9.24471,19.7447,157.299,0,0,57.4035
0.2,0.034216,-5.19243e-05,10.6025,21.1025,168.573,0,0,57.3513
0.208333,0.0389029,-6.28843e-05,12.0543,22.5543,179.847,0,0,57.299
0.216667,0.043893,-7.53066e-05,13.6001,24.1001,191.098,0,0,57.2467
0.225,0.0491855,-8.92533e-05,15.2393,25.7393,202.335,0,0,57.1943
0.233333,0.0547806,-0.000104824,16.9722,27.4722,213.559,0,0,57.1419
0.241667,0.0606778,-0.000122104,18.7986,29.2986,224.769,0,0,57.0895
0.25,0.0668768,-0.000141186,20.7184,31.2184,235.966,0,0,57.0371
0.258333,0.0733773,-0.000162151,22.7314,33.2314,247.143,0,0,56.9846
0.266667,0.0801786,-0.000185096,24.8374,35.3374,258.252,0,0,56.9323
0.275,0.0872779,-0.000210089,27.0356,37.5356,269.311,0,0,56.8802
0.283333,0.0946746,-0.000237218,29.3258,39.8258,280.318,0,0,56.8281
0.291667,0.102367,-0.000266579,31.7074,42.2074,291.276,0,0,56.7763
0.3,0.110355,-0.000298244,34.1802,44.6802,302.182,0,0,56.7245
0.308333,0.118636,-0.000332284,36.7437,47.2437,313.039,0,0,56.673
0.316667,0.127208,-0.000368779,39.3974,49.8974,323.845,0,0,56.6215
0.325,0.136072,-0.000407814,42.141,52.641,334.601,0,0,56.5703
0.333333,0.145225,-0.000449444,44.974,55.474,345.308,0,0,56.5191
0.341667,0.154666,-0.00049375,47.896,58.396,355.947,0,0,56.4682
0.35,0.164392,-0.0005408,50.9064,61.4064,366.515,0,0,56.4175
0.358333,0.174403,-0.000590646,54.0045,64.5045,377.015,0,0,56.367
0.366667,0.184696,-0.000643364,57.1898,67.6898,387.449,0,0,56.3168
0.375,0.19527,-0.000699002,60.4618,70.9618,397.815,0,0,56.2668
0.383333,0.206123,-0.000757614,63.8199,74.3199,408.115,0,0,56.217
0.391667,0.217252,-0.000819243,67.2635,77.7635,418.348,0,0,56.1675
0.4,0.228657,-0.000883936,70.7922,81.2922,428.55,0,0,56.1181
0.408333,0.240337,-0.000951737,74.4059,84.9059,438.712,0,0,56.0688
0.416667,0.252291,-0.00102267,78.104,88.604,448.835,0,0,56.0196
0.425,0.264517,-0.00109676,81.8864,92.3864,458.918,0,0,55.9705
0.433333,0.277015,-0.00117404,85.7526,96.2526,468.961,0,0,55.9215
0.441667,0.289783,-0.00125451,89.7023,100.202,478.964,0,0,55.8727
0.45,0.302821,-0.00133817,93.7353,104.235,488.927,0,0,55.8239
0.458333,0.316127,-0.00142503,97.851,108.351,498.849,0,0,55.7753
0.466667,0.329701,-0.00151506,102.049,112.549,507.866,0,0,55.7295
0.475,0.343495,-0.00160838,106.316,116.816,512.248,0,0,55.6992
0.483333,0.357304,-0.00170562,110.587,121.087,514.71,0,0,55.6801
0.491667,0.371184,-0.00180669,114.88,125.38,516.746,0,0,55.666
0.5,0.38513,-0.00191159,119.193,129.693,518.772,0,0,55.6536
0.508333,0.399135,-0.0020203,123.525,134.025,520.501,0,0,55.6428
0.516667,0.413179,-0.00213292,127.868,138.368,521.967,0,0,55.6332
0.525,0.42726,-0.00224943,132.223,142.723,523.203,0,0,55.6249
0.533333,0.441372,-0.00236985,136.588,147.088,524.237,0,0,55.6175
0.541667,0.455509,-0.00249423,140.96,151.46,525.098,0,0,55.611
0.55,0.469667,-0.00262256,145.339,155.839,525.864,0,0,55.6052
0.558333,0.483846,-0.00275484,149.724,160.224,526.522,0,0,55.5998
0.566667,0.498041,-0.00289108,154.114,164.614,527.082,0,0,55.595
0.575,0.512249,-0.0030313,158.508,169.008,527.552,0,0,55.5906
0.583333,0.52647,-0.00317551,162.906,173.406,527.941,0,0,55.5866
0.591667,0.5407,-0.00332371,167.307,177.807,528.257,0,0,55.5829
0.6,0.554937,-0.00347589,171.71,182.21,528.505,0,0,55.5796
0.608333,0.56918,-0.0036321,176.115,186.615,528.702,0,0,55.5766
0.616667,0.583429,-0.00379231,180.522,191.022,528.907,0,0,55.5737
0.625,0.597683,-0.00395648,184.93,195.43,529.098,0,0,55.5708
0.633333,0.611942,-0.00412462,189.34,199.84,529.277,0,0,55.5679
0.641667,0.626206,-0.00429669,193.752,204.252,529.442,0,0,55.5651
0.65,0.640474,-0.00447269,198.164,208.664,529.596,0,0,55.5624
0.658333,0.654747,-0.0046526,202.578,213.078,529.736,0,0,55.5598
0.666667,0.669022,-0.00483639,206.993,217.493,529.865,0,0,55.5572
0.675,0.683302,-0.00502406,211.409,221.909,529.982,0,0,55.5546
0.683333,0.697584,-0.00521555,215.826,226.326,530.088,0,0,55.5521
0.691667,0.711869,-0.00541087,220.244,230.744,530.182,0,0,55.5497
0.7,0.726156,-0.00560999,224.663,235.163,530.266,0,0,55.5473
0.708333,0.740445,-0.00581289,229.082,239.582,530.338,0,0,55.545
0.716667,0.754737,-0.00601953,233.502,244.002,530.401,0,0,55.5427
0.725,0.769029,-0.0062299,237.922,248.422,530.452,0,0,55.5404
0.733333,0.783323,-0.00644395,242.343,252.843,530.494,0,0,55.5383
0.741667,0.797618,-0.00666168,246.763,257.263,530.526,0,0,55.5361
0.75,0.811914,-0.00688305,251.185,261.685,530.548,0,0,55.534
0.758333,0.826211,-0.00710802,255.606,266.106,530.561,0,0,55.532
0.766667,0.840507,-0.00733659,260.027,270.527,530.564,0,0,55.53
0.775,0.854803,-0.00756869,264.449,274.949,530.559,0,0,55.528
0.783333,0.8691,-0.00780431,268.87,279.37,530.544,0,0,55.5261
0.791667,0.883395,-0.00804341,273.291,283.791,530.521,0,0,55.5242
0.8,0.89769,-0.00828597,277.712,288.212,530.49,0,0,55.5224
0.808333,0.911984,-0.00853193,282.133,292.633,530.45,0,0,55.5206
0.816667,0.926277,-0.00878129,286.553,297.053,530.402,0,0,55.5188
0.825,0.940569,-0.00903398,290.973,301.473,530.346,0,0,55.5171
0.833333,0.954858,-0.00928999,295.392,305.892,530.283,0,0,55.5154
0.841667,0.969147,-0.00954927,299.811,310.311,530.211,0,0,55.5138
0.85,0.983433,-0.00981178,304.229,314.729,530.133,0,0,55.5122
0.858333,0.997716,-0.0100775,308.646,319.146,530.047,0,0,55.5106
0.866667,1.012,-0.0103463,313.063,323.563,529.954,0,0,55.5091
0.875,1.02628,-0.0106183,317.479,327.979,529.854,0,0,55.5075
0.883333,1.04055,-0.0108934,321.894,332.394,529.747,0,0,55.5061
0.891667,1.05483,-0.0111715,326.308,336.808,529.634,0,0,55.5046
0.9,1.0691,-0.0114526,330.721,341.221,529.514,0,0,55.5032
0.908333,1.08336,-0.0117367,335.133,345.633,529.388,0,0,55.5018
0.916667,1.09763,-0.0120237,339.544,350.044,529.255,0,0,55.5005
0.925,1.11189,-0.0123136,343.954,354.454,529.116,0,0,55.4992
0.933333,1.12614,-0.0126063,348.363,358.863,528.972,0,0,55.4979
0.941667,1.14039,-0.0129019,352.771,363.271,528.821,0,0,55.4966
0.95,1.15464,-0.0132002,357.177,367.677,528.665,0,0,55.4953
0.958333,1.16888,-0.0135013,361.582,372.082,528.504,0,0,55.4941
0.966667,1.18312,-0.0138051,365.985,376.485,528.337,0,0,55.4929
0.975,1.19736,-0.0141117,370.387,380.887,528.164,0,0,55.4918
0.983333,1.21159,-0.0144208,374.788,385.288,527.986,0,0,55.4907
0.991667,1.22581,-0.0147327,379.187,389.687,527.803,0,0,55.4895
1,1.24003,-0.0150471,383.585,394.085,527.616,0,0,55.4885
1.00833,1.25425,-0.0153641,387.981,398.481,527.423,0,0,55.4874
1.01667,1.26846,-0.0156838,392.375,402.875,527.225,0,0,55.4863
1.025,1.28266,-0.016006,396.768,407.268,527.023,0,0,55.4853
1.03333,1.29686,-0.0163308,401.159,411.659,526.816,0,0,55.4843
1.04167,1.31105,-0.0166582,405.548,416.048,526.605,0,0,55.4834
1.05,1.32524,-0.0169882,409.936,420.436,526.389,0,0,55.4824
1.05833,1.33942,-0.0173208,414.321,424.821,526.169,0,0,55.4815
1.06667,1.3536,-0.0176561,418.705,429.205,525.945,0,0,55.4806
1.075,1.36777,-0.017994,423.087,433.587,525.717,0,0,55.4797
1.08333,1.38193,-0.0183347,427.467,437.967,525.484,0,0,55.4788
1.09167,1.39609,-0.0186781,431.845,442.345,525.248,0,0,55.4779
1.1,1.41024,-0.0190245,436.221,446.721,525.008,0,0,55.4771
1.10833,1.42438,-0.0193737,440.595,451.095,524.764,0,0,55.4763
1.11667,1.43852,-0.019726,444.967,455.467,524.517,0,0,55.4755
1.125,1.45265,-0.0200815,449.337,459.837,524.265,0,0,55.4747
1.13333,1.46677,-0.0204403,453.705,464.205,524.011,0,0,55.4739
1.14167,1.48089,-0.0208026,458.071,468.571,523.753,0,0,55.4732
1.15,1.495,-0.0211684,462.434,472.934,523.491,0,0,55.4724
1.15833,1.5091,-0.0215382,466.796,477.296,523.226,0,0,55.4717
1.16667,1.5232,-0.021912,471.155,481.655,522.958,0,0,55.471
1.175,1.53729,-0.0222901,475.512,486.012,522.69,0,0,55.4703
1.18333,1.55137,-0.0226725,479.866,490.366,522.422,0,0,55.4697
1.19167,1.56544,-0.023059,484.219,494.719,522.154,0,0,55.469
1.2,1.57951,-0.0234497,488.569,499.069,521.886,0,0,55.4684
1.20833,1.59357,-0.0238446,492.917,503.417,521.618,0,0,55.4677
1.21667,1.60762,-0.0242437,497.263,507.763,521.35,0,0,55.4671
1.225,1.62167,-0.024647,501.606,512.106,521.082,0,0,55.4665
1.23333,1.63571,-0.0250546,505.947,516.447,520.814,0,0,55.4659
1.24167,1.64974,-0.0254663,510.286,520.786,520.546,0,0,55.4653
1.25,1.66376,-0.0258822,514.623,525.123,520.278,0,0,55.4648
1.25833,1.67778,-0.0263022,518.958,529.458,520.01,0,0,55.4642
1.26667,1.69179,-0.0267265,523.29,533.79,519.742,0,0,55.4637
1.275,1.70579,-0.027155,527.62,538.12,519.474,0,0,55.4632
1.28333,1.71978,-0.0275876,531.948,542.448,519.206,0,0,55.4626
1.29167,1.73377,-0.0280244,536.274,546.774,518.938,0,0,55.4621
1.3,1.74775,-0.0284654,540.597,551.097,518.67,0,0,55.4616
1.30833,1.76173,-0.0289106,544.918,555.418,518.402,0,0,55.4612
1.31667,1.77569,-0.02936,549.237,559.737,518.134,0,0,55.4607
1.325,1.78965,-0.0298135,553.554,564.054,517.866,0,0,55.4602
1.33333,1.8036,-0.0302712,557.868,568.368,517.598,0,0,55.4598
1.34167,1.81755,-0.030733,562.181,572.681,517.33,0,0,55.4593
1.35,1.83148,-0.031199,566.491,576.991,517.062,0,0,55.4589
1.35833,1.84541,-0.0316692,570.798,581.298,516.794,0,0,55.4585
1.36667,1.85934,-0.0321436,575.104,585.604,516.526,0,0,55.458
1.375,1.87325,-0.0326221,579.407,589.907,516.258,0,0,55.4576
1.38333,1.88716,-0.0331047,583.708,594.208,515.99,0,0,55.4572
1.39167,1.90106,-0.0335915,588.007,598.507,515.722,0,0,55.4569
1.4,1.91496,-0.0340825,592.304,602.804,515.454,0,0,55.4565
1.40833,1.92884,-0.0345776,596.598,607.098,515.186,0,0,55.4561
1.41667,1.94272,-0.0350769,600.89,611.39,514.918,0,0,55.4557
1.425,1.9566,-0.0355803,605.18,615.68,514.65,0,0,55.4554
1.43333,1.97046,-0.0360878,609.468,619.968,514.382,0,0,55.455
1.44167,1.98432,-0.0365995,613.753,624.253,514.114,0,0,55.4547
1.45,1.99817,-0.0371153,618.036,628.536,513.846,0,0,55.4544
1.45833,2.01201,-0.0376353,622.317,632.817,513.578,0,0,55.454
1.46667,2.02585,-0.0381594,626.596,637.096,513.31,0,0,55.4537
1.475,2.03968,-0.0386876,630.872,641.372,513.042,0,0,55.4534
1.48333,2.0535,-0.03922,635.147,645.647,512.774,0,0,55.4531
1.49167,2.06732,-0.0397565,639.419,649.919,512.506,0,0,55.4528
1.5,2.08112,-0.0402971,643.688,654.188,512.238,0,0,55.4525
1.50833,2.09493,-0.0408419,647.956,658.456,511.97,0,0,55.4522
1.51667,2.10872,-0.0413907,652.221,662.721,511.702,0,0,55.4519
1.525,2.1225,-0.0419437,656.484,666.984,511.434,0,0,55.4517
1.53333,2.13628,-0.0425008,660.745,671.245,511.166,0,0,55.4514
1.54167,2.15006,-0.043062,665.004,675.504,510.898,0,0,55.4511
1.55,2.16382,-0.0436273,669.26,679.76,510.63,0,0,55.4509
1.55833,2.17758,-0.0441968,673.514,684.014,510.363,0,0,55.4506
1.56667,2.19133,-0.0447703,677.766,688.266,510.095,0,0,55.4504
1.575,2.20507,-0.045348,682.016,692.516,509.827,0,0,55.4501
1.58333,2.21881,-0.0459298,686.264,696.764,509.559,0,0,55.4499
1.59167,2.23253,-0.0465156,690.509,701.009,509.291,0,0,55.4497
1.6,2.24626,-0.0471056,694.752,705.252,509.023,0,0,55.4494
1.60833,2.25997,-0.0476996,698.993,709.493,508.755,0,0,55.4492
1.61667,2.27368,-0.0482978,703.231,713.731,508.487,0,0,55.449
1.625,2.28738,-0.0489,707.467,717.967,508.219,0,0,55.4488
1.63333,2.30107,-0.0495064,711.701,722.201,507.951,0,0,55.4486
1.64167,2.31475,-0.0501168,715.933,726.433,507.683,0,0,55.4484
1.65,2.32843,-0.0507313,720.163,730.663,507.415,0,0,55.4482
1.65833,2.3421,-0.0513499,724.39,734.89,507.147,0,0,55.4482
1.66667,2.35577,-0.0519726,728.615,739.115,506.879,0,0,55.4482
1.675,2.36942,-0.0525994,732.838,743.338,506.611,0,0,55.4482
1.68333,2.38307,-0.0532302,737.059,747.559,506.343,0,0,55.4482
1.69167,2.39671,-0.0538652,741.277,751.777,506.075,0,0,55.4482
1.7,2.41035,-0.0545042,745.494,755.994,505.807,0,0,55.4482
1.70833,2.42398,-0.0551472,749.707,760.207,505.539,0,0,55.4482
1.71667,2.4376,-0.0557944,753.919,764.419,505.271,0,0,55.4482
1.725,2.45121,-0.0564456,758.129,768.629,505.003,0,0,55.4482
1.73333,2.46482,-0.0571008,762.336,772.836,504.735,0,0,55.4482
1.74167,2.47841,-0.0577602,766.541,777.041,504.467,0,0,55.4482
1.75,2.49201,-0.0584236,770.744,781.244,504.199,0,0,55.4482
1.75833,2.50559,-0.059091,774.944,785.444,503.931,0,0,55.4482
1.76667,2.51917,-0.0597625,779.143,789.643,503.663,0,0,55.4482
1.775,2.53274,-0.0604381,783.339,793.839,503.395,0,0,55.4482
1.78333,2.5463,-0.0611177,787.533,798.033,503.127,0,0,55.4482
1.79167,2.55986,-0.0618014,791.724,802.224,502.859,0,0,55.4482
1.8,2.5734,-0.0624891,795.914,806.414,502.591,0,0,55.4482
1.80833,2.58695,-0.0631809,800.101,810.601,502.323,0,0,55.4482
1.81667,2.60048,-0.0638767,804.286,814.786,502.055,0,0,55.4482
1.825,2.61401,-0.0645765,808.468,818.968,501.787,0,0,55.4482
1.83333,2.62753,-0.0652804,812.649,823.149,501.519,0,0,55.4482
1.84167,2.64104,-0.0659883,816.827,827.327,501.251,0,0,55.4482
1.85,2.65454,-0.0667003,821.003,831.503,500.983,0,0,55.4482
1.85833,2.66804,-0.0674163,825.177,835.677,500.715,0,0,55.4482
1.86667,2.68153,-0.0681363,829.348,839.848,500.447,0,0,55.4482
1.875,2.69502,-0.0688604,833.518,844.018,500.179,0,0,55.4482
1.88333,2.70849,-0.0695884,837.685,848.185,499.911,0,0,55.4482
1.89167,2.72196,-0.0703206,841.85,852.35,499.643,0,0,55.4482
1.9,2.73542,-0.0710567,846.012,856.512,499.375,0,0,55.4482
1.90833,2.74888,-0.0717968,850.173,860.673,499.107,0,0,55.4482
1.91667,2.76233,-0.072541,854.331,864.831,498.839,0,0,55.4482
1.925,2.77577,-0.0732892,858.487,868.987,498.571,0,0,55.4482
1.93333,2.7892,-0.0740414,862.64,873.14,498.303,0,0,55.4482
1.94167,2.80263,-0.0747976,866.792,877.292,498.035,0,0,55.4482
1.95,2.81604,-0.0755578,870.941,881.441,497.767,0,0,55.4482
1.95833,2.82946,-0.076322,875.088,885.588,497.499,0,0,55.4482
1.96667,2.84286,-0.0770902,879.233,889.733,497.231,0,0,55.4482
1.975,2.85626,-0.0778625,883.375,893.875,496.963,0,0,55.4482
1.98333,2.86965,-0.0786387,887.515,898.015,496.695,0,0,55.4482
1.99167,2.88303,-0.0794189,891.653,902.153,496.427,0,0,55.4482
2,2.89641,-0.0802032,895.789,906.289,496.159,0,0,55.4482
2.00833,2.90977,-0.0809914,899.923,910.423,495.891,0,0,55.4482
2.01667,2.92313,-0.0817836,904.054,914.554,495.623,0,0,55.4482
2.025,2.93649,-0.0825798,908.183,918.683,495.355,0,0,55.4482
2.03333,2.94984,-0.08338,912.31,922.81,495.087,0,0,55.4482
2.04167,2.96317,-0.0841842,916.435,926.935,494.819,0,0,55.4482
2.05,2.97651,-0.0849923,920.557,931.057,494.551,0,0,55.4482
2.05833,2.98983,-0.0858045,924.677,935.177,494.283,0,0,55.4482
2.06667,3.00315,-0.0866206,928.795,939.295,494.015,0,0,55.4482
2.075,3.01646,-0.0874407,932.911,943.411,493.747,0,0,55.4482
2.08333,3.02976,-0.0882647,937.024,947.524,493.479,0,0,55.4482
2.09167,3.04306,-0.0890928,941.136,951.636,493.212,0,0,55.4482
2.1,3.05635,-0.0899248,945.245,955.745,492.944,0,0,55.4482
2.10833,3.06963,-0.0907608,949.351,959.851,492.676,0,0,55.4482
2.11667,3.08291,-0.0916007,953.456,963.956,492.408,0,0,55.4482
2.125,3.09617,-0.0924446,957.558,968.058,492.14,0,0,55.4482
2.13333,3.10943,-0.0932925,961.658,972.158,491.872,0,0,55.4482
2.14167,3.12269,-0.0941444,965.756,976.256,491.604,0,0,55.4482
2.15,3.13593,-0.0950001,969.852,980.352,491.336,0,0,55.4482
2.15833,3.14917,-0.0958599,973.945,984.445,491.068,0,0,55.4482
2.16667,3.1624,-0.0967236,978.036,988.536,490.8,0,0,55.4482
2.175,3.17563,-0.0975912,982.125,992.625,490.532,0,0,55.4482
2.18333,3.18884,-0.0984628,986.212,996.712,490.264,0,0,55.4482
2.19167,3.20205,-0.0993384,990.296,1000.8,489.996,0,0,55.4482
2.2,3.21526,-0.100218,994.378,1004.88,489.728,0,0,55.4482
2.20833,3.22845,-0.101101,998.458,1008.96,489.46,0,0,55.4482
2.21667,3.24164,-0.101989,1002.54,1013.04,489.192,0,0,55.4482
2.225,3.25482,-0.10288,1006.61,1017.11,488.924,0,0,55.4482
2.23333,3.268,-0.103775,1010.68,1021.18,488.656,0,0,55.4482
2.24167,3.28116,-0.104674,1014.76,1025.26,488.388,0,0,55.4482
2.25,3.29432,-0.105578,1018.82,1029.32,488.12,0,0,55.4482
2.25833,3.30747,-0.106485,1022.89,1033.39,487.852,0,0,55.4482
2.26667,3.32062,-0.107396,1026.96,1037.46,487.584,0,0,55.4482
2.275,3.33376,-0.10831,1031.02,1041.52,487.316,0,0,55.4482
2.28333,3.34689,-0.109229,1035.08,1045.58,487.048,0,0,55.4482
2.29167,3.36001,-0.110152,1039.14,1049.64,486.78,0,0,55.4482
2.3,3.37313,-0.111079,1043.19,1053.69,486.512,0,0,55.4482
2.30833,3.38624,-0.112009,1047.24,1057.74,486.244,0,0,55.4482
2.31667,3.39934,-0.112944,1051.29,1061.79,485.976,0,0,55.4482
2.325,3.41243,-0.113882,1055.34,1065.84,485.708,0,0,55.4482
2.33333,3.42552,-0.114824,1059.39,1069.89,485.44,0,0,55.4482
2.34167,3.4386,-0.115771,1063.43,1073.93,485.172,0,0,55.4482
2.35,3.45167,-0.116721,1067.48,1077.98,484.904,0,0,55.4482
2.35833,3.46474,-0.117675,1071.52,1082.02,484.636,0,0,55.4482
2.36667,3.4778,-0.118633,1075.55,1086.05,484.368,0,0,55.4482
2.375,3.49085,-0.119595,1079.59,1090.09,484.1,0,0,55.4482
2.38333,3.50389,-0.12056,1083.62,1094.12,483.832,0,0,55.4482
2.39167,3.51693,-0.12153,1087.65,1098.15,483.564,0,0,55.4482
2.4,3.52996,-0.122503,1091.68,1102.18,483.296,0,0,55.4482
2.40833,3.54298,-0.123481,1095.71,1106.21,483.028,0,0,55.4482
2.41667,3.556,-0.124462,1099.73,1110.23,482.76,0,0,55.4482
2.425,3.56901,-0.125447,1103.75,1114.25,482.492,0,0,55.4482
2.43333,3.58201,-0.126436,1107.77,1118.27,482.224,0,0,55.4482
2.44167,3.595,-0.127429,1111.79,1122.29,481.956,0,0,55.4482
2.45,3.60799,-0.128426,1115.81,1126.31,481.688,0,0,55.4482
2.45833,3.62097,-0.129427,1119.82,1130.32,481.42,0,0,55.4482
2.46667,3.63394,-0.130431,1123.83,1134.33,481.152,0,0,55.4482
2.475,3.64691,-0.13144,1127.84,1138.34,480.885,0,0,55.4482
2.48333,3.65986,-0.132452,1131.84,1142.34,480.617,0,0,55.4482
2.49167,3.67281,-0.133468,1135.85,1146.35,480.349,0,0,55.4482
2.5,3.68576,-0.134488,1139.85,1150.35,480.081,0,0,55.4482
2.50833,3.69869,-0.135512,1143.85,1154.35,479.813,0,0,55.4482
2.51667,3.71162,-0.13654,1147.85,1158.35,479.545,0,0,55.4482
2.525,3.72454,-0.137572,1151.84,1162.34,479.277,0,0,55.4482
2.53333,3.73746,-0.138607,1155.84,1166.34,479.009,0,0,55.4482
2.54167,3.75037,-0.139647,1159.83,1170.33,478.741,0,0,55.4482
2.55,3.76327,-0.14069,1163.81,1174.31,478.473,0,0,55.4482
2.55833,3.77616,-0.141737,1167.8,1178.3,478.205,0,0,55.4482
2.56667,3.78905,-0.142788,1171.78,1182.28,477.937,0,0,55.4482
2.575,3.80192,-0.143843,1175.77,1186.27,477.669,0,0,55.4482
2.58333,3.8148,-0.144901,1179.75,1190.25,477.401,0,0,55.4482
2.59167,3.82766,-0.145964,1183.72,1194.22,477.133,0,0,55.4482
2.6,3.84052,-0.14703,1187.7,1198.2,476.865,0,0,55.4482
2.60833,3.85337,-0.1481,1191.67,1202.17,476.597,0,0,55.4482
2.61667,3.86621,-0.149174,1195.64,1206.14,476.329,0,0,55.4482
2.625,3.87904,-0.150252,1199.61,1210.11,476.061,0,0,55.4482
2.63333,3.89187,-0.151333,1203.58,1214.08,475.793,0,0,55.4482
2.64167,3.90469,-0.152419,1207.54,1218.04,475.525,0,0,55.4482
2.65,3.91751,-0.153508,1211.5,1222,475.257,0,0,55.4482
2.65833,3.93031,-0.154601,1215.46,1225.96,474.989,0,0,55.4482
2.66667,3.94311,-0.155698,1219.42,1229.92,474.721,0,0,55.4482
2.675,3.95591,-0.156799,1223.37,1233.87,474.453,0,0,55.4482
2.68333,3.96869,-0.157904,1227.33,1237.83,474.185,0,0,55.4482
2.69167,3.98147,-0.159012,1231.28,1241.78,473.917,0,0,55.4482
2.7,3.99424,-0.160124,1235.22,1245.72,473.649,0,0,55.4482
2.70833,4.007,-0.16124,1239.17,1249.67,473.381,0,0,55.4482
2.71667,4.01976,-0.16236,1243.11,1253.61,473.113,0,0,55.4482
2.725,4.03251,-0.163484,1247.06,1257.56,472.845,0,0,55.4482
2.73333,4.04525,-0.164611,1250.99,1261.49,472.577,0,0,55.4482
2.74167,4.05798,-0.165742,1254.93,1265.43,472.309,0,0,55.4482
2.75,4.07071,-0.166877,1258.87,1269.37,472.041,0,0,55.4482
2.75833,4.08343,-0.168016,1262.8,1273.3,471.773,0,0,55.4482
2.76667,4.09614,-0.169159,1266.73,1277.23,471.505,0,0,55.4482
2.775,4.10885,-0.170305,1270.66,1281.16,471.238,0,0,55.4482
2.78333,4.12155,-0.171456,1274.58,1285.08,470.97,0,0,55.4482
2.79167,4.13424,-0.17261,1278.51,1289.01,470.702,0,0,55.4482
2.8,4.14692,-0.173767,1282.43,1292.93,470.434,0,0,55.4482
2.80833,4.1596,-0.174929,1286.35,1296.85,470.166,0,0,55.4482
2.81667,4.17227,-0.176094,1290.26,1300.76,469.898,0,0,55.4482
2.825,4.18493,-0.177264,1294.18,1304.68,469.63,0,0,55.4482
2.83333,4.19759,-0.178437,1298.09,1308.59,469.362,0,0,55.4482
2.84167,4.21024,-0.179613,1302,1312.5,469.094,0,0,55.4482
2.85,4.22288,-0.180794,1305.91,1316.41,468.826,0,0,55.4482
2.85833,4.23551,-0.181978,1309.82,1320.32,468.558,0,0,55.4482
2.86667,4.24814,-0.183166,1313.72,1324.22,468.29,0,0,55.4482
2.875,4.26076,-0.184358,1317.62,1328.12,468.022,0,0,55.4482
2.88333,4.27337,-0.185554,1321.52,1332.02,467.754,0,0,55.4482
2.89167,4.28597,-0.186753,1325.42,1335.92,467.486,0,0,55.4482
2.9,4.29857,-0.187956,1329.31,1339.81,467.218,0,0,55.4482
2.90833,4.31116,-0.189163,1333.2,1343.7,466.95,0,0,55.4482
2.91667,4.32375,-0.190374,1337.09,1347.59,466.682,0,0,55.4482
2.925,4.33632,-0.191588,1340.98,1351.48,466.414,0,0,55.4482
2.93333,4.34889,-0.192806,1344.87,1355.37,466.146,0,0,55.4482
2.94167,4.36145,-0.194028,1348.75,1359.25,465.878,0,0,55.4482
2.95,4.37401,-0.195254,1352.63,1363.13,465.61,0,0,55.4482
2.95833,4.38655,-0.196483,1356.51,1367.01,465.342,0,0,55.4482
2.96667,4.3991,-0.197716,1360.39,1370.89,465.074,0,0,55.4482
2.975,4.41163,-0.198953,1364.26,1374.76,464.806,0,0,55.4482
2.98333,4.42415,-0.200194,1368.13,1378.63,464.538,0,0,55.4482
2.99167,4.43667,-0.201438,1372,1382.5,464.27,0,0,55.4482
3,4.44918,-0.202686,1375.87,1386.37,464.002,0,0,55.4482
3.00833,4.46169,-0.203938,1379.74,1390.24,463.734,0,0,55.4482
3.01667,4.47418,-0.205194,1383.6,1394.1,463.466,0,0,55.4482
3.025,4.48667,-0.206453,1387.46,1397.96,463.198,0,0,55.4482
3.03333,4.49916,-0.207716,1391.32,1401.82,462.93,0,0,55.4482
3.04167,4.51163,-0.208983,1395.18,1405.68,462.662,0,0,55.4482
3.05,4.5241,-0.210253,1399.03,1409.53,462.394,0,0,55.4482
3.05833,4.53656,-0.211527,1402.88,1413.38,462.127,0,0,55.4482
3.06667,4.54902,-0.212805,1406.73,1417.23,461.859,0,0,55.4482
3.075,4.56146,-0.214087,1410.58,1421.08,461.591,0,0,55.4482
3.08333,4.5739,-0.215372,1414.43,1424.93,461.323,0,0,55.4482
3.09167,4.58633,-0.216661,1418.27,1428.77,461.055,0,0,55.4482
3.1,4.59876,-0.217954,1422.11,1432.61,460.787,0,0,55.4482
3.10833,4.61118,-0.219251,1425.95,1436.45,460.519,0,0,55.4482
3.11667,4.62359,-0.220551,1429.79,1440.29,460.251,0,0,55.4482
3.125,4.63599,-0.221855,1433.62,1444.12,459.983,0,0,55.4482
3.13333,4.64839,-0.223162,1437.45,1447.95,459.715,0,0,55.4482
3.14167,4.66077,-0.224474,1441.28,1451.78,459.447,0,0,55.4482
3.15,4.67316,-0.225789,1445.11,1455.61,459.179,0,0,55.4482
3.15833,4.68553,-0.227107,1448.94,1459.44,458.911,0,0,55.4482
3.16667,4.6979,-0.22843,1452.76,1463.26,458.643,0,0,55.4482
3.175,4.71026,-0.229756,1456.58,1467.08,458.375,0,0,55.4482
3.18333,4.72261,-0.231086,1460.4,1470.9,458.107,0,0,55.4482
3.19167,4.73496,-0.232419,1464.22,1474.72,457.839,0,0,55.4482
3.2,4.7473,-0.233756,1468.03,1478.53,457.571,0,0,55.4482
3.20833,4.75963,-0.235097,1471.84,1482.34,457.303,0,0,55.4482
3.21667,4.77195,-0.236442,1475.65,1486.15,457.035,0,0,55.4482
3.225,4.78427,-0.23779,1479.46,1489.96,456.767,0,0,55.4482
3.23333,4.79658,-0.239142,1483.26,1493.76,456.499,0,0,55.4482
3.24167,4.80888,-0.240497,1487.07,1497.57,456.231,0,0,55.4482
3.25,4.82118,-0.241857,1490.87,1501.37,455.963,0,0,55.4482
3.25833,4.83346,-0.243219,1494.67,1505.17,455.695,0,0,55.4482
3.26667,4.84574,-0.244586,1498.46,1508.96,455.427,0,0,55.4482
3.275,4.85802,-0.245956,1502.26,1512.76,455.159,0,0,55.4482
3.28333,4.87028,-0.24733,1506.05,1516.55,454.892,0,0,55.4482
3.29167,4.88254,-0.248708,1509.84,1520.34,454.624,0,0,55.4482
3.3,4.8948,-0.250089,1513.63,1524.13,454.356,0,0,55.4482
3.30833,4.90704,-0.251474,1517.41,1527.91,454.088,0,0,55.4482
3.31667,4.91928,-0.252862,1521.19,1531.69,453.82,0,0,55.4482
3.325,4.93151,-0.254254,1524.98,1535.48,453.552,0,0,55.4482
3.33333,4.94373,-0.25565,1528.75,1539.25,453.284,0,0,55.4482
3.34167,4.95595,-0.25705,1532.53,1543.03,453.016,0,0,55.4482
3.35,4.96816,-0.258453,1536.3,1546.8,452.748,0,0,55.4482
3.35833,4.98036,-0.25986,1540.08,1550.58,452.48,0,0,55.4482
3.36667,4.99255,-0.26127,1543.85,1554.35,452.212,0,0,55.4482
3.375,5.00474,-0.262684,1547.61,1558.11,451.944,0,0,55.4482
3.38333,5.01692,-0.264102,1551.38,1561.88,451.676,0,0,55.4482
3.39167,5.02909,-0.265523,1555.14,1565.64,451.408,0,0,55.4482
3.4,5.04126,-0.266948,1558.9,1569.4,451.14,0,0,55.4482
3.40833,5.05342,-0.268377,1562.66,1573.16,450.872,0,0,55.4482
3.41667,5.06557,-0.269809,1566.42,1576.92,450.604,0,0,55.4482
3.425,5.07771,-0.271245,1570.17,1580.67,450.336,0,0,55.4482
3.43333,5.08985,-0.272684,1573.92,1584.42,450.068,0,0,55.4482
3.44167,5.10198,-0.274127,1577.67,1588.17,449.8,0,0,55.4482
3.45,5.1141,-0.275574,1581.42,1591.92,449.532,0,0,55.4482
3.45833,5.12622,-0.277024,1585.16,1595.66,449.264,0,0,55.4482
3.46667,5.13833,-0.278478,1588.91,1599.41,448.996,0,0,55.4482
3.475,5.15043,-0.279936,1592.65,1603.15,448.728,0,0,55.4482
3.48333,5.16252,-0.281397,1596.39,1606.89,448.461,0,0,55.4482
3.49167,5.17461,-0.282862,1600.12,1610.62,448.193,0,0,55.4482
3.5,5.18669,-0.28433,1603.86,1614.36,447.925,0,0,55.4482
3.50833,5.19876,-0.285802,1607.59,1618.09,447.657,0,0,55.4482
3.51667,5.21082,-0.287278,1611.32,1621.82,447.389,0,0,55.4482
3.525,5.22288,-0.288757,1615.04,1625.54,447.121,0,0,55.4482
3.53333,5.23493,-0.29024,1618.77,1629.27,446.853,0,0,55.4482
3.54167,5.24698,-0.291726,1622.49,1632.99,446.585,0,0,55.4482
3.55,5.25901,-0.293216,1626.21,1636.71,446.317,0,0,55.4482
3.55833,5.27104,-0.29471,1629.93,1640.43,446.049,0,0,55.4482
3.56667,5.28306,-0.296207,1633.65,1644.15,445.781,0,0,55.4482
3.575,5.29508,-0.297708,1637.36,1647.86,445.513,0,0,55.4482
3.58333,5.30708,-0.299212,1641.07,1651.57,445.245,0,0,55.4482
3.59167,5.31908,-0.30072,1644.78,1655.28,444.977,0,0,55.4482
3.6,5.33108,-0.302231,1648.49,1658.99,444.709,0,0,55.4482
3.60833,5.34306,-0.303746,1652.19,1662.69,444.441,0,0,55.4482
3.61667,5.35504,-0.305265,1655.89,1666.39,444.173,0,0,55.4482
3.625,5.36701,-0.306787,1659.59,1670.09,443.905,0,0,55.4482
3.63333,5.37898,-0.308313,1663.29,1673.79,443.637,0,0,55.4482
3.64167,5.39093,-0.309842,1666.99,1677.49,443.369,0,0,55.4482
3.65,5.40288,-0.311375,1670.68,1681.18,443.101,0,0,55.4482
3.65833,5.41483,-0.312912,1674.37,1684.87,442.834,0,0,55.4482
3.66667,5.42676,-0.314452,1678.06,1688.56,442.566,0,0,55.4482
3.675,5.43869,-0.315996,1681.75,1692.25,442.298,0,0,55.4482
3.68333,5.45061,-0.317543,1685.43,1695.93,442.03,0,0,55.4482
3.69167,5.46252,-0.319094,1689.12,1699.62,441.762,0,0,55.4482
3.7,5.47443,-0.320648,1692.8,1703.3,441.494,0,0,55.4482
3.70833,5.48633,-0.322206,1696.48,1706.98,441.226,0,0,55.4482
3.71667,5.49822,-0.323767,1700.15,1710.65,440.958,0,0,55.4482
3.725,5.51011,-0.325332,1703.82,1714.32,440.69,0,0,55.4482
3.73333,5.52198,-0.326901,1707.5,1718,440.422,0,0,55.4482
3.74167,5.53385,-0.328473,1711.17,1721.67,440.154,0,0,55.4482
3.75,5.54572,-0.330048,1714.83,1725.33,439.886,0,0,55.4482
3.75833,5.55757,-0.331628,1718.5,1729,439.618,0,0,55.4482
3.76667,5.56942,-0.33321,1722.16,1732.66,439.35,0,0,55.4482
3.775,5.58126,-0.334797,1725.82,1736.32,439.082,0,0,55.4482
3.78333,5.5931,-0.336386,1729.48,1739.98,438.814,0,0,55.4482
3.79167,5.60493,-0.33798,1733.13,1743.63,438.546,0,0,55.4482
3.8,5.61675,-0.339576,1736.79,1747.29,438.278,0,0,55.4482
3.80833,5.62856,-0.341177,1740.44,1750.94,438.01,0,0,55.4482
3.81667,5.64037,-0.342781,1744.09,1754.59,437.743,0,0,55.4482
3.825,5.65216,-0.344388,1747.73,1758.23,437.475,0,0,55.4482
3.83333,5.66396,-0.345999,1751.38,1761.88,437.207,0,0,55.4482
3.84167,5.67574,-0.347613,1755.02,1765.52,436.939,0,0,55.4482
3.85,5.68752,-0.349231,1758.66,1769.16,436.671,0,0,55.4482
3.85833,5.69929,-0.350853,1762.3,1772.8,436.403,0,0,55.4482
3.86667,5.71105,-0.352478,1765.93,1776.43,436.135,0,0,55.4482
3.875,5.7228,-0.354106,1769.57,1780.07,435.867,0,0,55.4482
3.88333,5.73455,-0.355738,1773.2,1783.7,435.599,0,0,55.4482
3.89167,5.74629,-0.357374,1776.83,1787.33,435.331,0,0,55.4482
3.9,5.75803,-0.359013,1780.45,1790.95,435.063,0,0,55.4482
3.90833,5.76975,-0.360655,1784.08,1794.58,434.795,0,0,55.4482
3.91667,5.78147,-0.362301,1787.7,1798.2,434.527,0,0,55.4482
3.925,5.79318,-0.363951,1791.32,1801.82,434.259,0,0,55.4482
3.93333,5.80489,-0.365604,1794.94,1805.44,433.991,0,0,55.4482
3.94167,5.81659,-0.36726,1798.55,1809.05,433.723,0,0,55.4482
3.95,5.82828,-0.36892,1802.17,1812.67,433.455,0,0,55.4482
3.95833,5.83996,-0.370584,1805.78,1816.28,433.187,0,0,55.4482
3.96667,5.85164,-0.372251,1809.39,1819.89,432.92,0,0,55.4482
3.975,5.86331,-0.373921,1812.99,1823.49,432.652,0,0,55.4482
3.98333,5.87497,-0.375595,1816.6,1827.1,432.384,0,0,55.4482
3.99167,5.88662,-0.377273,1820.2,1830.7,432.116,0,0,55.4482
4,5.89827,-0.378953,1823.8,1834.3,431.848,0,0,55.4482
4.00833,5.90991,-0.380638,1827.4,1837.9,431.58,0,0,55.4482
4.01667,5.92154,-0.382326,1830.99,1841.49,431.312,0,0,55.4482
4.025,5.93317,-0.384017,1834.59,1845.09,431.044,0,0,55.4482
4.03333,5.94479,-0.385712,1838.18,1848.68,430.776,0,0,55.4482
4.04167,5.9564,-0.38741,1841.77,1852.27,430.508,0,0,55.4482
4.05,5.968,-0.389112,1845.35,1855.85,430.24,0,0,55.4482
4.05833,5.9796,-0.390817,1848.94,1859.44,429.972,0,0,55.4482
4.06667,5.99119,-0.392525,1852.52,1863.02,429.704,0,0,55.4482
4.075,6.00277,-0.394238,1856.1,1866.6,429.436,0,0,55.4482
4.08333,6.01435,-0.395953,1859.68,1870.18,429.168,0,0,55.4482
4.09167,6.02592,-0.397672,1863.25,1873.75,428.9,0,0,55.4482
4.1,6.03748,-0.399395,1866.82,1877.32,428.632,0,0,55.4482
4.10833,6.04903,-0.40112,1870.39,1880.89,428.365,0,0,55.4482
4.11667,6.06058,-0.40285,1873.96,1884.46,428.097,0,0,55.4482
4.125,6.07212,-0.404583,1877.53,1888.03,427.829,0,0,55.4482
4.13333,6.08365,-0.406319,1881.09,1891.59,427.561,0,0,55.4482
4.14167,6.09517,-0.408059,1884.66,1895.16,427.293,0,0,55.4482
4.15,6.10669,-0.409802,1888.22,1898.72,427.025,0,0,55.4482
4.15833,6.1182,-0.411548,1891.77,1902.27,426.757,0,0,55.4482
4.16667,6.1297,-0.413298,1895.33,1905.83,426.489,0,0,55.4482
4.175,6.1412,-0.415052,1898.88,1909.38,426.221,0,0,55.4482
4.18333,6.15269,-0.416809,1902.43,1912.93,425.953,0,0,55.4482
4.19167,6.16417,-0.418569,1905.98,1916.48,425.685,0,0,55.4482
4.2,6.17565,-0.420333,1909.53,1920.03,425.417,0,0,55.4482
4.20833,6.18711,-0.4221,1913.07,1923.57,425.149,0,0,55.4482
4.21667,6.19857,-0.42387,1916.61,1927.11,424.881,0,0,55.4482
4.225,6.21003,-0.425644,1920.15,1930.65,424.613,0,0,55.4482
4.23333,6.22147,-0.427422,1923.69,1934.19,424.345,0,0,55.4482
4.24167,6.23291,-0.429202,1927.22,1937.72,424.078,0,0,55.4482
4.25,6.24434,-0.430987,1930.76,1941.26,423.81,0,0,55.4482
4.25833,6.25577,-0.432774,1934.29,1944.79,423.542,0,0,55.4482
4.26667,6.26718,-0.434565,1937.82,1948.32,423.274,0,0,55.4482
4.275,6.27859,-0.43636,1941.34,1951.84,423.006,0,0,55.4482
4.28333,6.29,-0.438158,1944.87,1955.37,422.738,0,0,55.4482
4.29167,6.30139,-0.439959,1948.39,1958.89,422.47,0,0,55.4482
4.3,6.31278,-0.441764,1951.91,1962.41,422.202,0,0,55.4482
4.30833,6.32416,-0.443572,1955.42,1965.92,421.934,0,0,55.4482
4.31667,6.33553,-0.445383,1958.94,1969.44,421.666,0,0,55.4482
4.325,6.3469,-0.447198,1962.45,1972.95,421.398,0,0,55.4482
4.33333,6.35826,-0.449016,1965.96,1976.46,421.13,0,0,55.4482
4.34167,6.36961,-0.450838,1969.47,1979.97,420.862,0,0,55.4482
4.35,6.38096,-0.452663,1972.98,1983.48,420.594,0,0,55.4482
4.35833,6.39229,-0.454491,1976.48,1986.98,420.326,0,0,55.4482
4.36667,6.40363,-0.456323,1979.98,1990.48,420.059,0,0,55.4482
4.375,6.41495,-0.458158,1983.48,1993.98,419.791,0,0,55.4482
4.38333,6.42627,-0.459997,1986.98,1997.48,419.523,0,0,55.4482
4.39167,6.43757,-0.461839,1990.47,2000.97,419.255,0,0,55.4482
4.4,6.44888,-0.463684,1993.97,2004.47,418.987,0,0,55.4482
4.40833,6.46017,-0.465533,1997.46,2007.96,418.719,0,0,55.4482
4.41667,6.47146,-0.467385,2000.95,2011.45,418.451,0,0,55.4482
4.425,6.48274,-0.46924,2004.43,2014.93,418.183,0,0,55.4482
4.43333,6.49401,-0.471099,2007.92,2018.42,417.915,0,0,55.4482
4.44167,6.50528,-0.472961,2011.4,2021.9,417.647,0,0,55.4482
4.45,6.51654,-0.474826,2014.88,2025.38,417.379,0,0,55.4482
4.45833,6.52779,-0.476695,2018.35,2028.85,417.111,0,0,55.4482
4.46667,6.53903,-0.478568,2021.83,2032.33,416.843,0,0,55.4482
4.475,6.55027,-0.480443,2025.3,2035.8,416.575,0,0,55.4482
4.48333,6.5615,-0.482322,2028.77,2039.27,416.307,0,0,55.4482
4.49167,6.57272,-0.484204,2032.24,2042.74,416.04,0,0,55.4482
4.5,6.58394,-0.48609,2035.71,2046.21,415.772,0,0,55.4482
4.50833,6.59514,-0.487979,2039.17,2049.67,415.504,0,0,55.4482
4.51667,6.60634,-0.489871,2042.63,2053.13,415.236,0,0,55.4482
4.525,6.61754,-0.491767,2046.09,2056.59,414.968,0,0,55.4482
4.53333,6.62873,-0.493666,2049.55,2060.05,414.7,0,0,55.4482
4.54167,6.6399,-0.495568,2053,2063.5,414.432,0,0,55.4482
4.55,6.65108,-0.497474,2056.45,2066.95,414.164,0,0,55.4482
4.55833,6.66224,-0.499383,2059.9,2070.4,413.896,0,0,55.4482
4.56667,6.6734,-0.501295,2063.35,2073.85,413.628,0,0,55.4482
4.575,6.68455,-0.503211,2066.8,2077.3,413.36,0,0,55.4482
4.58333,6.69569,-0.50513,2070.24,2080.74,413.092,0,0,55.4482
4.59167,6.70683,-0.507052,2073.68,2084.18,412.824,0,0,55.4482
4.6,6.71796,-0.508978,2077.12,2087.62,412.556,0,0,55.4482
4.60833,6.72908,-0.510907,2080.56,2091.06,412.289,0,0,55.4482
4.61667,6.7402,-0.512839,2083.99,2094.49,412.021,0,0,55.4482
4.625,6.7513,-0.514775,2087.43,2097.93,411.753,0,0,55.4482
4.63333,6.7624,-0.516713,2090.86,2101.36,411.485,0,0,55.4482
4.64167,6.7735,-0.518656,2094.28,2104.78,411.217,0,0,55.4482
4.65,6.78458,-0.520601,2097.71,2108.21,410.949,0,0,55.4482
4.65833,6.79566,-0.52255,2101.13,2111.63,410.681,0,0,55.4482
4.66667,6.80673,-0.524502,2104.55,2115.05,410.413,0,0,55.4482
4.675,6.8178,-0.526458,2107.97,2118.47,410.145,0,0,55.4482
4.68333,6.82885,-0.528416,2111.39,2121.89,409.877,0,0,55.4482
4.69167,6.8399,-0.530378,2114.8,2125.3,409.609,0,0,55.4482
4.7,6.85095,-0.532344,2118.22,2128.72,409.341,0,0,55.4482
4.70833,6.86198,-0.534312,2121.63,2132.13,409.073,0,0,55.4482
4.71667,6.87301,-0.536284,2125.04,2135.54,408.805,0,0,55.4482
4.725,6.88403,-0.538259,2128.44,2138.94,408.538,0,0,55.4482
4.73333,6.89504,-0.540238,2131.84,2142.34,408.27,0,0,55.4482
4.74167,6.90605,-0.54222,2135.25,2145.75,408.002,0,0,55.4482
4.75,6.91705,-0.544205,2138.64,2149.14,407.734,0,0,55.4482
4.75833,6.92804,-0.546193,2142.04,2152.54,407.466,0,0,55.4482
4.76667,6.93903,-0.548185,2145.44,2155.94,407.198,0,0,55.4482
4.775,6.95001,-0.55018,2148.83,2159.33,406.93,0,0,55.4482
4.78333,6.96098,-0.552178,2152.22,2162.72,406.662,0,0,55.4482
4.79167,6.97194,-0.554179,2155.61,2166.11,406.394,0,0,55.4482
4.8,6.9829,-0.556184,2158.99,2169.49,406.126,0,0,55.4482
4.80833,6.99385,-0.558192,2162.37,2172.87,405.858,0,0,55.4482
4.81667,7.00479,-0.560203,2165.76,2176.26,405.59,0,0,55.4482
4.825,7.01572,-0.562218,2169.13,2179.63,405.322,0,0,55.4482
4.83333,7.02665,-0.564236,2172.51,2183.01,405.055,0,0,55.4482
4.84167,7.03757,-0.566257,2175.88,2186.38,404.787,0,0,55.4482
4.85,7.04848,-0.568281,2179.26,2189.76,404.519,0,0,55.4482
4.85833,7.05939,-0.570309,2182.63,2193.13,404.251,0,0,55.4482
4.86667,7.07029,-0.572339,2185.99,2196.49,403.983,0,0,55.4482
4.875,7.08118,-0.574374,2189.36,2199.86,403.715,0,0,55.4482
4.88333,7.09206,-0.576411,2192.72,2203.22,403.447,0,0,55.4482
4.89167,7.10294,-0.578451,2196.08,2206.58,403.179,0,0,55.4482
4.9,7.11381,-0.580495,2199.44,2209.94,402.911,0,0,55.4482
4.90833,7.12467,-0.582542,2202.8,2213.3,402.643,0,0,55.4482
4.91667,7.13553,-0.584593,2206.15,2216.65,402.375,0,0,55.4482
4.925,7.14638,-0.586646,2209.51,2220.01,402.107,0,0,55.4482
4.93333,7.15722,-0.588703,2212.86,2223.36,401.839,0,0,55.4482
4.94167,7.16805,-0.590763,2216.2,2226.7,401.572,0,0,55.4482
4.95,7.17888,-0.592826,2219.55,2230.05,401.304,0,0,55.4482
4.95833,7.1897,-0.594893,2222.89,2233.39,401.036,0,0,55.4482
4.96667,7.20051,-0.596962,2226.23,2236.73,400.768,0,0,55.4482
4.975,7.21132,-0.599035,2229.57,2240.07,400.5,0,0,55.4482
4.98333,7.22211,-0.601111,2232.91,2243.41,400.232,0,0,55.4482
4.99167,7.2329,-0.603191,2236.24,2246.74,399.964,0,0,55.4482
5,7.24369,-0.605273,2239.57,2250.07,399.696,0,0,55.4482
5.00833,7.25446,-0.607359,2242.9,2253.4,399.428,0,0,55.4482
5.01667,7.26523,-0.609448,2246.23,2256.73,399.16,0,0,55.4482
5.025,7.27599,-0.61154,2249.56,2260.06,398.892,0,0,55.4482
5.03333,7.28675,-0.613636,2252.88,2263.38,398.624,0,0,55.4482
5.04167,7.2975,-0.615734,2256.2,2266.7,398.356,0,0,55.4482
5.05,7.30824,-0.617836,2259.52,2270.02,398.089,0,0,55.4482
5.05833,7.31897,-0.619941,2262.83,2273.33,397.821,0,0,55.4482
5.06667,7.3297,-0.62205,2266.15,2276.65,397.553,0,0,55.4482
5.075,7.34042,-0.624161,2269.46,2279.96,397.285,0,0,55.4482
5.08333,7.35113,-0.626276,2272.77,2283.27,397.017,0,0,55.4482
5.09167,7.36183,-0.628393,2276.08,2286.58,396.749,0,0,55.4482
5.1,7.37253,-0.630514,2279.38,2289.88,396.481,0,0,55.4482
5.10833,7.38322,-0.632639,2282.69,2293.19,396.213,0,0,55.4482
5.11667,7.3939,-0.634766,2285.99,2296.49,395.945,0,0,55.4482
5.125,7.40458,-0.636897,2289.28,2299.78,395.677,0,0,55.4482
5.13333,7.41524,-0.639031,2292.58,2303.08,395.409,0,0,55.4482
5.14167,7.42591,-0.641168,2295.87,2306.37,395.141,0,0,55.4482
5.15,7.43656,-0.643308,2299.17,2309.67,394.874,0,0,55.4482
5.15833,7.44721,-0.645451,2302.46,2312.96,394.606,0,0,55.4482
5.16667,7.45785,-0.647598,2305.74,2316.24,394.338,0,0,55.4482
5.175,7.46848,-0.649747,2309.03,2319.53,394.07,0,0,55.4482
5.18333,7.4791,-0.6519,2312.31,2322.81,393.802,0,0,55.4482
5.19167,7.48972,-0.654056,2315.59,2326.09,393.534,0,0,55.4482
5.2,7.50033,-0.656215,2318.87,2329.37,393.266,0,0,55.4482
5.20833,7.51094,-0.658378,2322.15,2332.65,392.998,0,0,55.4482
5.21667,7.52153,-0.660543,2325.42,2335.92,392.73,0,0,55.4482
5.225,7.53212,-0.662712,2328.69,2339.19,392.462,0,0,55.4482
5.23333,7.5427,-0.664884,2331.96,2342.46,392.194,0,0,55.4482
5.24167,7.55328,-0.667059,2335.23,2345.73,391.927,0,0,55.4482
5.25,7.56385,-0.669237,2338.49,2348.99,391.659,0,0,55.4482
5.25833,7.57441,-0.671418,2341.76,2352.26,391.391,0,0,55.4482
5.26667,7.58496,-0.673603,2345.02,2355.52,391.123,0,0,55.4482
5.275,7.59551,-0.67579,2348.27,2358.77,390.855,0,0,55.4482
5.28333,7.60604,-0.677981,2351.53,2362.03,390.587,0,0,55.4482
5.29167,7.61658,-0.680175,2354.78,2365.28,390.319,0,0,55.4482
5.3,7.6271,-0.682372,2358.04,2368.54,390.051,0,0,55.4482
5.30833,7.63762,-0.684572,2361.29,2371.79,389.783,0,0,55.4482
5.31667,7.64813,-0.686775,2364.53,2375.03,389.515,0,0,55.4482
5.325,7.65863,-0.688982,2367.78,2378.28,389.247,0,0,55.4482
5.33333,7.66913,-0.691191,2371.02,2381.52,388.979,0,0,55.4482
5.34167,7.67961,-0.693404,2374.26,2384.76,388.712,0,0,55.4482
5.35,7.6901,-0.69562,2377.5,2388,388.444,0,0,55.4482
5.35833,7.70057,-0.697839,2380.73,2391.23,388.176,0,0,55.4482
5.36667,7.71104,-0.700061,2383.97,2394.47,387.908,0,0,55.4482
5.375,7.7215,-0.702286,2387.2,2397.7,387.64,0,0,55.4482
5.38333,7.73195,-0.704514,2390.43,2400.93,387.372,0,0,55.4482
5.39167,7.74239,-0.706746,2393.66,2404.16,387.104,0,0,55.4482
5.4,7.75283,-0.70898,2396.88,2407.38,386.836,0,0,55.4482
5.40833,7.76326,-0.711218,2400.1,2410.6,386.568,0,0,55.4482
5.41667,7.77369,-0.713459,2403.32,2413.82,386.3,0,0,55.4482
5.425,7.7841,-0.715703,2406.54,2417.04,386.032,0,0,55.4482
5.43333,7.79451,-0.71795,2409.76,2420.26,385.765,0,0,55.4482
5.44167,7.80491,-0.7202,2412.97,2423.47,385.497,0,0,55.4482
5.45,7.81531,-0.722453,2416.18,2426.68,385.229,0,0,55.4482
5.45833,7.8257,-0.724709,2419.39,2429.89,384.961,0,0,55.4482
5.46667,7.83608,-0.726969,2422.6,2433.1,384.693,0,0,55.4482
5.475,7.84645,-0.729231,2425.8,2436.3,384.425,0,0,55.4482
5.48333,7.85682,-0.731497,2429.01,2439.51,384.157,0,0,55.4482
5.49167,7.86718,-0.733765,2432.21,2442.71,383.889,0,0,55.4482
5.5,7.87753,-0.736037,2435.4,2445.9,383.621,0,0,55.4482
5.50833,7.88787,-0.738312,2438.6,2449.1,383.353,0,0,55.4482
5.51667,7.89821,-0.74059,2441.79,2452.29,383.085,0,0,55.4482
5.525,7.90854,-0.742871,2444.98,2455.48,382.818,0,0,55.4482
5.53333,7.91886,-0.745155,2448.17,2458.67,382.55,0,0,55.4482
5.54167,7.92918,-0.747442,2451.36,2461.86,382.282,0,0,55.4482
5.55,7.93949,-0.749733,2454.54,2465.04,382.014,0,0,55.4482
5.55833,7.94979,-0.752026,2457.73,2468.23,381.746,0,0,55.4482
5.56667,7.96008,-0.754322,2460.91,2471.41,381.478,0,0,55.4482
5.575,7.97037,-0.756622,2464.09,2474.59,381.21,0,0,55.4482
5.58333,7.98065,-0.758924,2467.26,2477.76,380.942,0,0,55.4482
5.59167,7.99092,-0.76123,2470.43,2480.93,380.674,0,0,55.4482
5.6,8.00119,-0.763539,2473.61,2484.11,380.406,0,0,55.4482
5.60833,8.01144,-0.76585,2476.77,2487.27,380.138,0,0,55.4482
5.61667,8.0217,-0.768165,2479.94,2490.44,379.871,0,0,55.4482
5.625,8.03194,-0.770483,2483.11,2493.61,379.603,0,0,55.4482
5.63333,8.04218,-0.772804,2486.27,2496.77,379.335,0,0,55.4482
5.64167,8.0524,-0.775128,2489.43,2499.93,379.067,0,0,55.4482
5.65,8.06263,-0.777455,2492.59,2503.09,378.799,0,0,55.4482
5.65833,8.07284,-0.779785,2495.74,2506.24,378.531,0,0,55.4482
5.66667,8.08305,-0.782118,2498.89,2509.39,378.263,0,0,55.4482
5.675,8.09325,-0.784454,2502.05,2512.55,377.995,0,0,55.4482
5.68333,8.10344,-0.786793,2505.19,2515.69,377.727,0,0,55.4482
5.69167,8.11363,-0.789136,2508.34,2518.84,377.459,0,0,55.4482
5.7,8.12381,-0.791481,2511.49,2521.99,377.191,0,0,55.4482
5.70833,8.13398,-0.793829,2514.63,2525.13,376.924,0,0,55.4482
5.71667,8.14415,-0.796181,2517.77,2528.27,376.656,0,0,55.4482
5.725,8.1543,-0.798535,2520.91,2531.41,376.388,0,0,55.4482
5.73333,8.16445,-0.800892,2524.04,2534.54,376.12,0,0,55.4482
5.74167,8.1746,-0.803253,2527.17,2537.67,375.852,0,0,55.4482
5.75,8.18473,-0.805616,2530.3,2540.8,375.584,0,0,55.4482
5.75833,8.19486,-0.807983,2533.43,2543.93,375.316,0,0,55.4482
5.76667,8.20498,-0.810352,2536.56,2547.06,375.048,0,0,55.4482
5.775,8.2151,-0.812725,2539.68,2550.18,374.78,0,0,55.4482
5.78333,8.2252,-0.8151,2542.81,2553.31,374.512,0,0,55.4482
5.79167,8.2353,-0.817479,2545.93,2556.43,374.245,0,0,55.4482
5.8,8.24539,-0.81986,2549.04,2559.54,373.977,0,0,55.4482
5.80833,8.25548,-0.822245,2552.16,2562.66,373.709,0,0,55.4482
5.81667,8.26556,-0.824632,2555.27,2565.77,373.441,0,0,55.4482
5.825,8.27563,-0.827023,2558.38,2568.88,373.173,0,0,55.4482
5.83333,8.28569,-0.829417,2561.49,2571.99,372.905,0,0,55.4482
5.84167,8.29575,-0.831813,2564.6,2575.1,372.637,0,0,55.4482
5.85,8.3058,-0.834213,2567.7,2578.2,372.369,0,0,55.4482
5.85833,8.31584,-0.836615,2570.8,2581.3,372.101,0,0,55.4482
5.86667,8.32588,-0.839021,2573.9,2584.4,371.833,0,0,55.4482
5.875,8.3359,-0.84143,2577,2587.5,371.565,0,0,55.4482
5.88333,8.34593,-0.843841,2580.1,2590.6,371.298,0,0,55.4482
5.89167,8.35594,-0.846256,2583.19,2593.69,371.03,0,0,55.4482
5.9,8.36594,-0.848673,2586.28,2596.78,370.762,0,0,55.4482
5.90833,8.37594,-0.851094,2589.37,2599.87,370.494,0,0,55.4482
5.91667,8.38594,-0.853517,2592.46,2602.96,370.226,0,0,55.4482
5.925,8.39592,-0.855944,2595.54,2606.04,369.958,0,0,55.4482
5.93333,8.4059,-0.858373,2598.62,2609.12,369.69,0,0,55.4482
5.94167,8.41587,-0.860806,2601.7,2612.2,369.422,0,0,55.4482
5.95,8.42583,-0.863241,2604.78,2615.28,369.154,0,0,55.4482
5.95833,8.43579,-0.865679,2607.85,2618.35,368.886,0,0,55.4482
5.96667,8.44574,-0.868121,2610.93,2621.43,368.619,0,0,55.4482
5.975,8.45568,-0.870565,2614,2624.5,368.351,0,0,55.4482
5.98333,8.46561,-0.873012,2617.07,2627.57,368.083,0,0,55.4482
5.99167,8.47554,-0.875462,2620.13,2630.63,367.815,0,0,55.4482
6,8.48546,-0.877916,2623.2,2633.7,367.547,0,0,55.4482
6.00833,8.49537,-0.880372,2626.26,2636.76,367.279,0,0,55.4482
6.01667,8.50528,-0.882831,2629.32,2639.82,367.011,0,0,55.4482
6.025,8.51517,-0.885293,2632.38,2642.88,366.743,0,0,55.4482
6.03333,8.52507,-0.887758,2635.43,2645.93,366.475,0,0,55.4482
6.04167,8.53495,-0.890226,2638.48,2648.98,366.207,0,0,55.4482
6.05,8.54483,-0.892697,2641.53,2652.03,365.94,0,0,55.4482
6.05833,8.5547,-0.895171,2644.58,2655.08,365.672,0,0,55.4482
6.06667,8.56456,-0.897647,2647.63,2658.13,365.404,0,0,55.4482
6.075,8.57441,-0.900127,2650.67,2661.17,365.136,0,0,55.4482
6.08333,8.58426,-0.90261,2653.71,2664.21,364.868,0,0,55.4482
6.09167,8.5941,-0.905095,2656.75,2667.25,364.6,0,0,55.4482
6.1,8.60394,-0.907584,2659.79,2670.29,364.332,0,0,55.4482
6.10833,8.61376,-0.910075,2662.83,2673.33,364.064,0,0,55.4482
6.11667,8.62358,-0.91257,2665.86,2676.36,363.796,0,0,55.4482
6.125,8.63339,-0.915067,2668.89,2679.39,363.529,0,0,55.4482
6.13333,8.6432,-0.917567,2671.92,2682.42,363.261,0,0,55.4482
6.14167,8.653,-0.920071,2674.94,2685.44,362.993,0,0,55.4482
6.15,8.66279,-0.922577,2677.97,2688.47,362.725,0,0,55.4482
6.15833,8.67257,-0.925086,2680.99,2691.49,362.457,0,0,55.4482
6.16667,8.68234,-0.927598,2684.01,2694.51,362.189,0,0,55.4482
6.175,8.69211,-0.930113,2687.03,2697.53,361.921,0,0,55.4482
6.18333,8.70188,-0.93263,2690.04,2700.54,361.653,0,0,55.4482
6.19167,8.71163,-0.935151,2693.05,2703.55,361.385,0,0,55.4482
6.2,8.72138,-0.937675,2696.06,2706.56,361.117,0,0,55.4482
6.20833,8.73112,-0.940201,2699.07,2709.57,360.85,0,0,55.4482
6.21667,8.74085,-0.942731,2702.08,2712.58,360.582,0,0,55.4482
6.225,8.75058,-0.945263,2705.08,2715.58,360.314,0,0,55.4482
6.23333,8.76029,-0.947798,2708.08,2718.58,360.046,0,0,55.4482
6.24167,8.77,-0.950336,2711.08,2721.58,359.778,0,0,55.4482
6.25,8.77971,-0.952877,2714.08,2724.58,359.51,0,0,55.4482
6.25833,8.78941,-0.955421,2717.07,2727.57,359.242,0,0,55.4482
6.26667,8.7991,-0.957968,2720.07,2730.57,358.974,0,0,55.4482
6.275,8.80878,-0.960517,2723.06,2733.56,358.706,0,0,55.4482
6.28333,8.81845,-0.96307,2726.05,2736.55,358.439,0,0,55.4482
6.29167,8.82812,-0.965625,2729.03,2739.53,358.171,0,0,55.4482
6.3,8.83778,-0.968184,2732.01,2742.51,357.903,0,0,55.4482
6.30833,8.84744,-0.970745,2735,2745.5,357.635,0,0,55.4482
6.31667,8.85708,-0.973309,2737.98,2748.48,357.367,0,0,55.4482
6.325,8.86672,-0.975876,2740.95,2751.45,357.099,0,0,55.4482
6.33333,8.87635,-0.978446,2743.93,2754.43,356.831,0,0,55.4482
6.34167,8.88598,-0.981018,2746.9,2757.4,356.563,0,0,55.4482
6.35,8.8956,-0.983594,2749.87,2760.37,356.295,0,0,55.4482
6.35833,8.90521,-0.986172,2752.84,2763.34,356.027,0,0,55.4482
6.36667,8.91481,-0.988754,2755.8,2766.3,355.76,0,0,55.4482
6.375,8.92441,-0.991338,2758.77,2769.27,355.492,0,0,55.4482
6.38333,8.93399,-0.993925,2761.73,2772.23,355.224,0,0,55.4482
6.39167,8.94358,-0.996515,2764.69,2775.19,354.956,0,0,55.4482
6.4,8.95315,-0.999108,2767.64,2778.14,354.688,0,0,55.4482
6.40833,8.96272,-1.0017,2770.6,2781.1,354.42,0,0,55.4482
6.41667,8.97228,-1.0043,2773.55,2784.05,354.152,0,0,55.4482
6.425,8.98183,-1.0069,2776.5,2787,353.884,0,0,55.4482
6.43333,8.99138,-1.00951,2779.45,2789.95,353.616,0,0,55.4482
6.44167,9.00091,-1.01211,2782.4,2792.9,353.349,0,0,55.4482
6.45,9.01045,-1.01472,2785.34,2795.84,353.081,0,0,55.4482
6.45833,9.01997,-1.01734,2788.28,2798.78,352.813,0,0,55.4482
6.46667,9.02949,-1.01995,2791.22,2801.72,352.545,0,0,55.4482
6.475,9.039,-1.02257,2794.16,2804.66,352.277,0,0,55.4482
6.48333,9.0485,-1.02519,2797.09,2807.59,352.009,0,0,55.4482
6.49167,9.05799,-1.02782,2800.02,2810.52,351.741,0,0,55.4482
6.5,9.06748,-1.03044,2802.95,2813.45,351.473,0,0,55.4482
6.50833,9.07696,-1.03307,2805.88,2816.38,351.205,0,0,55.4482
6.51667,9.08644,-1.0357,2808.81,2819.31,350.938,0,0,55.4482
6.525,9.0959,-1.03834,2811.73,2822.23,350.67,0,0,55.4482
6.53333,9.10536,-1.04098,2814.65,2825.15,350.402,0,0,55.4482
6.54167,9.11482,-1.04362,2817.57,2828.07,350.134,0,0,55.4482
6.55,9.12426,-1.04626,2820.49,2830.99,349.866,0,0,55.4482
6.55833,9.1337,-1.04891,2823.4,2833.9,349.598,0,0,55.4482
6.56667,9.14313,-1.05156,2826.31,2836.81,349.33,0,0,55.4482
6.575,9.15255,-1.05421,2829.22,2839.72,349.062,0,0,55.4482
6.58333,9.16197,-1.05687,2832.13,2842.63,348.794,0,0,55.4482
6.59167,9.17138,-1.05952,2835.04,2845.54,348.527,0,0,55.4482
6.6,9.18078,-1.06218,2837.94,2848.44,348.259,0,0,55.4482
6.60833,9.19017,-1.06485,2840.84,2851.34,347.991,0,0,55.4482
6.61667,9.19956,-1.06751,2843.74,2854.24,347.723,0,0,55.4482
6.625,9.20894,-1.07018,2846.64,2857.14,347.455,0,0,55.4482
6.63333,9.21831,-1.07286,2849.53,2860.03,347.187,0,0,55.4482
6.64167,9.22768,-1.07553,2852.42,2862.92,346.919,0,0,55.4482
6.65,9.23704,-1.07821,2855.31,2865.81,346.651,0,0,55.4482
6.65833,9.24639,-1.08089,2858.2,2868.7,346.383,0,0,55.4482
6.66667,9.25573,-1.08357,2861.09,2871.59,346.116,0,0,55.4482
6.675,9.26507,-1.08626,2863.97,2874.47,345.848,0,0,55.4482
6.68333,9.2744,-1.08894,2866.85,2877.35,345.58,0,0,55.4482
6.69167,9.28372,-1.09164,2869.73,2880.23,345.312,0,0,55.4482
6.7,9.29304,-1.09433,2872.6,2883.1,345.044,0,0,55.4482
6.70833,9.30235,-1.09703,2875.48,2885.98,344.776,0,0,55.4482
6.71667,9.31165,-1.09973,2878.35,2888.85,344.508,0,0,55.4482
6.725,9.32094,-1.10243,2881.22,2891.72,344.24,0,0,55.4482
6.73333,9.33023,-1.10513,2884.09,2894.59,343.972,0,0,55.4482
6.74167,9.33951,-1.10784,2886.95,2897.45,343.705,0,0,55.4482
6.75,9.34878,-1.11055,2889.82,2900.32,343.437,0,0,55.4482
6.75833,9.35805,-1.11327,2892.68,2903.18,343.169,0,0,55.4482
6.76667,9.3673,-1.11598,2895.54,2906.04,342.901,0,0,55.4482
6.775,9.37655,-1.1187,2898.39,2908.89,342.633,0,0,55.4482
6.78333,9.3858,-1.12142,2901.25,2911.75,342.365,0,0,55.4482
6.79167,9.39503,-1.12415,2904.1,2914.6,342.097,0,0,55.4482
6.8,9.40426,-1.12688,2906.95,2917.45,341.829,0,0,55.4482
6.80833,9.41349,-1.12961,2909.8,2920.3,341.561,0,0,55.4482
6.81667,9.4227,-1.13234,2912.64,2923.14,341.294,0,0,55.4482
6.825,9.43191,-1.13507,2915.48,2925.98,341.026,0,0,55.4482
6.83333,9.44111,-1.13781,2918.33,2928.83,340.758,0,0,55.4482
6.84167,9.4503,-1.14055,2921.16,2931.66,340.49,0,0,55.4482
6.85,9.45949,-1.1433,2924,2934.5,340.222,0,0,55.4482
6.85833,9.46867,-1.14604,2926.83,2937.33,339.954,0,0,55.4482
6.86667,9.47784,-1.14879,2929.67,2940.17,339.686,0,0,55.4482
6.875,9.487,-1.15155,2932.5,2943,339.418,0,0,55.4482
6.88333,9.49616,-1.1543,2935.32,2945.82,339.151,0,0,55.4482
6.89167,9.50531,-1.15706,2938.15,2948.65,338.883,0,0,55.4482
6.9,9.51445,-1.15982,2940.97,2951.47,338.615,0,0,55.4482
6.90833,9.52359,-1.16258,2943.79,2954.29,338.347,0,0,55.4482
6.91667,9.53272,-1.16535,2946.61,2957.11,338.079,0,0,55.4482
6.925,9.54184,-1.16811,2949.43,2959.93,337.811,0,0,55.4482
6.93333,9.55095,-1.17089,2952.24,2962.74,337.543,0,0,55.4482
6.94167,9.56006,-1.17366,2955.05,2965.55,337.275,0,0,55.4482
6.95,9.56916,-1.17644,2957.86,2968.36,337.007,0,0,55.4482
6.95833,9.57825,-1.17921,2960.67,2971.17,336.74,0,0,55.4482
6.96667,9.58733,-1.182,2963.47,2973.97,336.472,0,0,55.4482
6.975,9.59641,-1.18478,2966.28,2976.78,336.204,0,0,55.4482
6.98333,9.60548,-1.18757,2969.08,2979.58,335.936,0,0,55.4482
6.99167,9.61455,-1.19036,2971.88,2982.38,335.668,0,0,55.4482
7,9.6236,-1.19315,2974.67,2985.17,335.4,0,0,55.4482
7.00833,9.63265,-1.19595,2977.47,2987.97,335.132,0,0,55.4482
7.01667,9.64169,-1.19875,2980.26,2990.76,334.864,0,0,55.4482
7.025,9.65073,-1.20155,2983.05,2993.55,334.597,0,0,55.4482
7.03333,9.65976,-1.20435,2985.83,2996.33,334.329,0,0,55.4482
7.04167,9.66878,-1.20716,2988.62,2999.12,334.061,0,0,55.4482
7.05,9.67779,-1.20996,2991.4,3001.9,333.793,0,0,55.4482
7.05833,9.6868,-1.21278,2994.18,3004.68,333.525,0,0,55.4482
7.06667,9.6958,-1.21559,2996.96,3007.46,333.257,0,0,55.4482
7.075,9.70479,-1.21841,2999.74,3010.24,332.989,0,0,55.4482
7.08333,9.71377,-1.22123,3002.51,3013.01,332.721,0,0,55.4482
7.09167,9.72275,-1.22405,3005.28,3015.78,332.453,0,0,55.4482
7.1,9.73172,-1.22687,3008.05,3018.55,332.186,0,0,55.4482
7.10833,9.74068,-1.2297,3010.82,3021.32,331.918,0,0,55.4482
7.11667,9.74964,-1.23253,3013.58,3024.08,331.65,0,0,55.4482
7.125,9.75859,-1.23537,3016.35,3026.85,331.382,0,0,55.4482
7.13333,9.76753,-1.2382,3019.11,3029.61,331.114,0,0,55.4482
7.14167,9.77646,-1.24104,3021.86,3032.36,330.846,0,0,55.4482
7.15,9.78539,-1.24388,3024.62,3035.12,330.578,0,0,55.4482
7.15833,9.79431,-1.24672,3027.37,3037.87,330.31,0,0,55.4482
7.16667,9.80322,-1.24957,3030.13,3040.63,330.043,0,0,55.4482
7.175,9.81213,-1.25242,3032.88,3043.38,329.775,0,0,55.4482
7.18333,9.82102,-1.25527,3035.62,3046.12,329.507,0,0,55.4482
7.19167,9.82991,-1.25813,3038.37,3048.87,329.239,0,0,55.4482
7.2,9.8388,-1.26098,3041.11,3051.61,328.971,0,0,55.4482
7.20833,9.84767,-1.26384,3043.85,3054.35,328.703,0,0,55.4482
7.21667,9.85654,-1.2667,3046.59,3057.09,328.435,0,0,55.4482
7.225,9.86541,-1.26957,3049.32,3059.82,328.167,0,0,55.4482
7.23333,9.87426,-1.27244,3052.06,3062.56,327.9,0,0,55.4482
7.24167,9.88311,-1.27531,3054.79,3065.29,327.632,0,0,55.4482
7.25,9.89195,-1.27818,3057.52,3068.02,327.364,0,0,55.4482
7.25833,9.90078,-1.28105,3060.24,3070.74,327.096,0,0,55.4482
7.26667,9.90961,-1.28393,3062.97,3073.47,326.828,0,0,55.4482
7.275,9.91843,-1.28681,3065.69,3076.19,326.56,0,0,55.4482
7.28333,9.92724,-1.2897,3068.41,3078.91,326.292,0,0,55.4482
7.29167,9.93604,-1.29258,3071.13,3081.63,326.024,0,0,55.4482
7.3,9.94484,-1.29547,3073.85,3084.35,325.757,0,0,55.4482
7.30833,9.95363,-1.29836,3076.56,3087.06,325.489,0,0,55.4482
7.31667,9.96242,-1.30126,3079.27,3089.77,325.221,0,0,55.4482
7.325,9.97119,-1.30415,3081.98,3092.48,324.953,0,0,55.4482
7.33333,9.97996,-1.30705,3084.69,3095.19,324.685,0,0,55.4482
7.34167,9.98872,-1.30995,3087.39,3097.89,324.417,0,0,55.4482
7.35,9.99748,-1.31286,3090.09,3100.59,324.149,0,0,55.4482
7.35833,10.0062,-1.31576,3092.79,3103.29,323.881,0,0,55.4482
7.36667,10.015,-1.31867,3095.49,3105.99,323.614,0,0,55.4482
7.375,10.0237,-1.32159,3098.19,3108.69,323.346,0,0,55.4482
7.38333,10.0324,-1.3245,3100.88,3111.38,323.078,0,0,55.4482
7.39167,10.0411,-1.32742,3103.57,3114.07,322.81,0,0,55.4482
7.4,10.0498,-1.33034,3106.26,3116.76,322.542,0,0,55.4482
7.40833,10.0586,-1.33326,3108.95,3119.45,322.274,0,0,55.4482
7.41667,10.0673,-1.33618,3111.63,3122.13,322.006,0,0,55.4482
7.425,10.0759,-1.33911,3114.31,3124.81,321.738,0,0,55.4482
7.43333,10.0846,-1.34204,3116.99,3127.49,321.471,0,0,55.4482
7.44167,10.0933,-1.34498,3119.67,3130.17,321.203,0,0,55.4482
7.45,10.102,-1.34791,3122.35,3132.85,320.935,0,0,55.4482
7.45833,10.1106,-1.35085,3125.02,3135.52,320.667,0,0,55.4482
7.46667,10.1193,-1.35379,3127.69,3138.19,320.399,0,0,55.4482
7.475,10.1279,-1.35673,3130.36,3140.86,320.131,0,0,55.4482
7.48333,10.1366,-1.35968,3133.03,3143.53,319.863,0,0,55.4482
7.49167,10.1452,-1.36263,3135.69,3146.19,319.595,0,0,55.4482
7.5,10.1538,-1.36558,3138.35,3148.85,319.328,0,0,55.4482
7.50833,10.1624,-1.36853,3141.01,3151.51,319.06,0,0,55.4482
7.51667,10.171,-1.37149,3143.67,3154.17,318.792,0,0,55.4482
7.525,10.1797,-1.37445,3146.33,3156.83,318.524,0,0,55.4482
7.53333,10.1882,-1.37741,3148.98,3159.48,318.256,0,0,55.4482
7.54167,10.1968,-1.38037,3151.63,3162.13,317.988,0,0,55.4482
7.55,10.2054,-1.38334,3154.28,3164.78,317.72,0,0,55.4482
7.55833,10.214,-1.3863,3156.93,3167.43,317.452,0,0,55.4482
7.56667,10.2226,-1.38928,3159.57,3170.07,317.185,0,0,55.4482
7.575,10.2311,-1.39225,3162.21,3172.71,316.917,0,0,55.4482
7.58333,10.2397,-1.39523,3164.85,3175.35,316.649,0,0,55.4482
7.59167,10.2482,-1.39821,3167.49,3177.99,316.381,0,0,55.4482
7.6,10.2568,-1.40119,3170.13,3180.63,316.113,0,0,55.4482
7.60833,10.2653,-1.40417,3172.76,3183.26,315.845,0,0,55.4482
7.61667,10.2738,-1.40716,3175.39,3185.89,315.577,0,0,55.4482
7.625,10.2823,-1.41015,3178.02,3188.52,315.309,0,0,55.4482
7.63333,10.2908,-1.41314,3180.65,3191.15,315.042,0,0,55.4482
7.64167,10.2993,-1.41613,3183.27,3193.77,314.774,0,0,55.4482
7.65,10.3078,-1.41913,3185.89,3196.39,314.506,0,0,55.4482
7.65833,10.3163,-1.42213,3188.51,3199.01,314.238,0,0,55.4482
7.66667,10.3248,-1.42513,3191.13,3201.63,313.97,0,0,55.4482
7.675,10.3333,-1.42814,3193.75,3204.25,313.702,0,0,55.4482
7.68333,10.3417,-1.43114,3196.36,3206.86,313.434,0,0,55.4482
7.69167,10.3502,-1.43415,3198.97,3209.47,313.167,0,0,55.4482
7.7,10.3587,-1.43716,3201.58,3212.08,312.899,0,0,55.4482
7.70833,10.3671,-1.44018,3204.18,3214.68,312.631,0,0,55.4482
7.71667,10.3755,-1.4432,3206.79,3217.29,312.363,0,0,55.4482
7.725,10.384,-1.44621,3209.39,3219.89,312.095,0,0,55.4482
7.73333,10.3924,-1.44924,3211.99,3222.49,311.827,0,0,55.4482
7.74167,10.4008,-1.45226,3214.59,3225.09,311.559,0,0,55.4482
7.75,10.4092,-1.45529,3217.18,3227.68,311.291,0,0,55.4482
7.75833,10.4176,-1.45832,3219.78,3230.28,311.024,0,0,55.4482
7.76667,10.426,-1.46135,3222.37,3232.87,310.756,0,0,55.4482
7.775,10.4344,-1.46438,3224.95,3235.45,310.488,0,0,55.4482
7.78333,10.4428,-1.46742,3227.54,3238.04,310.22,0,0,55.4482
7.79167,10.4512,-1.47046,3230.13,3240.63,309.952,0,0,55.4482
7.8,10.4595,-1.4735,3232.71,3243.21,309.684,0,0,55.4482
7.80833,10.4679,-1.47655,3235.29,3245.79,309.416,0,0,55.4482
7.81667,10.4762,-1.47959,3237.86,3248.36,309.148,0,0,55.4482
7.825,10.4846,-1.48264,3240.44,3250.94,308.881,0,0,55.4482
7.83333,10.4929,-1.4857,3243.01,3253.51,308.613,0,0,55.4482
7.84167,10.5012,-1.48875,3245.58,3256.08,308.345,0,0,55.4482
7.85,10.5096,-1.49181,3248.15,3258.65,308.077,0,0,55.4482
7.85833,10.5179,-1.49487,3250.72,3261.22,307.809,0,0,55.4482
7.86667,10.5262,-1.49793,3253.28,3263.78,307.541,0,0,55.4482
7.875,10.5345,-1.50099,3255.84,3266.34,307.273,0,0,55.4482
7.88333,10.5428,-1.50406,3258.4,3268.9,307.006,0,0,55.4482
7.89167,10.5511,-1.50713,3260.96,3271.46,306.738,0,0,55.4482
7.9,10.5593,-1.5102,3263.51,3274.01,306.47,0,0,55.4482
7.90833,10.5676,-1.51327,3266.07,3276.57,306.202,0,0,55.4482
7.91667,10.5759,-1.51635,3268.62,3279.12,305.934,0,0,55.4482
7.925,10.5841,-1.51943,3271.17,3281.67,305.666,0,0,55.4482
7.93333,10.5924,-1.52251,3273.71,3284.21,305.398,0,0,55.4482
7.94167,10.6006,-1.5256,3276.26,3286.76,305.13,0,0,55.4482
7.95,10.6089,-1.52868,3278.8,3289.3,304.863,0,0,55.4482
7.95833,10.6171,-1.53177,3281.34,3291.84,304.595,0,0,55.4482
7.96667,10.6253,-1.53486,3283.87,3294.37,304.327,0,0,55.4482
7.975,10.6335,-1.53796,3286.41,3296.91,304.059,0,0,55.4482
7.98333,10.6417,-1.54105,3288.94,3299.44,303.791,0,0,55.4482
7.99167,10.6499,-1.54415,3291.47,3301.97,303.523,0,0,55.4482
8,10.6581,-1.54725,3294,3304.5,303.255,0,0,55.4482
8.00833,10.6663,-1.55036,3296.53,3307.03,302.988,0,0,55.4482
8.01667,10.6745,-1.55346,3299.05,3309.55,302.72,0,0,55.4482
8.025,10.6827,-1.55657,3301.57,3312.07,302.452,0,0,55.4482
8.03333,10.6908,-1.55968,3304.09,3314.59,302.184,0,0,55.4482
8.04167,10.699,-1.5628,3306.61,3317.11,301.916,0,0,55.4482
8.05,10.7071,-1.56591,3309.12,3319.62,301.648,0,0,55.4482
8.05833,10.7153,-1.56903,3311.64,3322.14,301.38,0,0,55.4482
8.06667,10.7234,-1.57215,3314.15,3324.65,301.113,0,0,55.4482
8.075,10.7316,-1.57527,3316.66,3327.16,300.845,0,0,55.4482
8.08333,10.7397,-1.5784,3319.16,3329.66,300.577,0,0,55.4482
8.09167,10.7478,-1.58153,3321.66,3332.16,300.309,0,0,55.4482
8.1,10.7559,-1.58466,3324.17,3334.67,300.041,0,0,55.4482
8.10833,10.764,-1.58779,3326.67,3337.17,299.773,0,0,55.4482
8.11667,10.7721,-1.59093,3329.16,3339.66,299.505,0,0,55.4482
8.125,10.7802,-1.59406,3331.66,3342.16,299.237,0,0,55.4482
8.13333,10.7883,-1.5972,3334.15,3344.65,298.97,0,0,55.4482
8.14167,10.7963,-1.60035,3336.64,3347.14,298.702,0,0,55.4482
8.15,10.8044,-1.60349,3339.13,3349.63,298.434,0,0,55.4482
8.15833,10.8124,-1.60664,3341.61,3352.11,298.166,0,0,55.4482
8.16667,10.8205,-1.60979,3344.1,3354.6,297.898,0,0,55.4482
8.175,10.8285,-1.61294,3346.58,3357.08,297.63,0,0,55.4482
8.18333,10.8366,-1.61609,3349.06,3359.56,297.362,0,0,55.4482
8.19167,10.8446,-1.61925,3351.54,3362.04,297.095,0,0,55.4482
8.2,10.8526,-1.62241,3354.01,3364.51,296.827,0,0,55.4482
8.20833,10.8606,-1.62557,3356.48,3366.98,296.559,0,0,55.4482
8.21667,10.8686,-1.62873,3358.95,3369.45,296.291,0,0,55.4482
8.225,10.8766,-1.6319,3361.42,3371.92,296.023,0,0,55.4482
8.23333,10.8846,-1.63507,3363.89,3374.39,295.755,0,0,55.4482
8.24167,10.8926,-1.63824,3366.35,3376.85,295.487,0,0,55.4482
8.25,10.9006,-1.64141,3368.81,3379.31,295.22,0,0,55.4482
8.25833,10.9086,-1.64459,3371.27,3381.77,294.952,0,0,55.4482
8.26667,10.9165,-1.64777,3373.73,3384.23,294.684,0,0,55.4482
8.275,10.9245,-1.65095,3376.18,3386.68,294.416,0,0,55.4482
8.28333,10.9324,-1.65413,3378.63,3389.13,294.148,0,0,55.4482
8.29167,10.9404,-1.65732,3381.08,3391.58,293.88,0,0,55.4482
8.3,10.9483,-1.66051,3383.53,3394.03,293.612,0,0,55.4482
8.30833,10.9562,-1.6637,3385.98,3396.48,293.345,0,0,55.4482
8.31667,10.9641,-1.66689,3388.42,3398.92,293.077,0,0,55.4482
8.325,10.9721,-1.67008,3390.86,3401.36,292.809,0,0,55.4482
8.33333,10.98,-1.67328,3393.3,3403.8,292.541,0,0,55.4482
8.34167,10.9879,-1.67648,3395.74,3406.24,292.273,0,0,55.4482
8.35,10.9958,-1.67968,3398.17,3408.67,292.005,0,0,55.4482
8.35833,11.0036,-1.68289,3400.6,3411.1,291.737,0,0,55.4482
8.36667,11.0115,-1.68609,3403.03,3413.53,291.47,0,0,55.4482
8.375,11.0194,-1.6893,3405.46,3415.96,291.202,0,0,55.4482
8.38333,11.0272,-1.69251,3407.89,3418.39,290.934,0,0,55.4482
8.39167,11.0351,-1.69573,3410.31,3420.81,290.666,0,0,55.4482
8.4,11.0429,-1.69894,3412.73,3423.23,290.398,0,0,55.4482
8.40833,11.0508,-1.70216,3415.15,3425.65,290.13,0,0,55.4482
8.41667,11.0586,-1.70538,3417.57,3428.07,289.862,0,0,55.4482
8.425,11.0664,-1.7086,3419.98,3430.48,289.595,0,0,55.4482
8.43333,11.0743,-1.71183,3422.39,3432.89,289.327,0,0,55.4482
8.44167,11.0821,-1.71506,3424.8,3435.3,289.059,0,0,55.4482
8.45,11.0899,-1.71829,3427.21,3437.71,288.791,0,0,55.4482
8.45833,11.0977,-1.72152,3429.62,3440.12,288.523,0,0,55.4482
8.46667,11.1055,-1.72475,3432.02,3442.52,288.255,0,0,55.4482
8.475,11.1133,-1.72799,3434.42,3444.92,287.987,0,0,55.4482
8.48333,11.121,-1.73123,3436.82,3447.32,287.719,0,0,55.4482
8.49167,11.1288,-1.73447,3439.22,3449.72,287.452,0,0,55.4482
8.5,11.1366,-1.73771,3441.61,3452.11,287.184,0,0,55.4482
8.50833,11.1443,-1.74096,3444,3454.5,286.916,0,0,55.4482
8.51667,11.1521,-1.74421,3446.39,3456.89,286.648,0,0,55.4482
8.525,11.1598,-1.74746,3448.78,3459.28,286.38,0,0,55.4482
8.53333,11.1675,-1.75071,3451.17,3461.67,286.112,0,0,55.4482
8.54167,11.1753,-1.75397,3453.55,3464.05,285.844,0,0,55.4482
8.55,11.183,-1.75723,3455.93,3466.43,285.577,0,0,55.4482
8.55833,11.1907,-1.76049,3458.31,3468.81,285.309,0,0,55.4482
8.56667,11.1984,-1.76375,3460.69,3471.19,285.041,0,0,55.4482
8.575,11.2061,-1.76701,3463.06,3473.56,284.773,0,0,55.4482
8.58333,11.2138,-1.77028,3465.43,3475.93,284.505,0,0,55.4482
8.59167,11.2215,-1.77355,3467.8,3478.3,284.237,0,0,55.4482
8.6,11.2291,-1.77682,3470.17,3480.67,283.97,0,0,55.4482
8.60833,11.2368,-1.78009,3472.53,3483.03,283.702,0,0,55.4482
8.61667,11.2445,-1.78337,3474.9,3485.4,283.434,0,0,55.4482
8.625,11.2521,-1.78665,3477.26,3487.76,283.166,0,0,55.4482
8.63333,11.2598,-1.78993,3479.62,3490.12,282.898,0,0,55.4482
8.64167,11.2674,-1.79321,3481.97,3492.47,282.63,0,0,55.4482
8.65,11.275,-1.7965,3484.33,3494.83,282.362,0,0,55.4482
8.65833,11.2827,-1.79978,3486.68,3497.18,282.095,0,0,55.4482
8.66667,11.2903,-1.80307,3489.03,3499.53,281.827,0,0,55.4482
8.675,11.2979,-1.80636,3491.38,3501.88,281.559,0,0,55.4482
8.68333,11.3055,-1.80966,3493.72,3504.22,281.291,0,0,55.4482
8.69167,11.3131,-1.81295,3496.07,3506.57,281.023,0,0,55.4482
8.7,11.3207,-1.81625,3498.41,3508.91,280.755,0,0,55.4482
8.70833,11.3283,-1.81955,3500.74,3511.24,280.487,0,0,55.4482
8.71667,11.3358,-1.82286,3503.08,3513.58,280.22,0,0,55.4482
8.725,11.3434,-1.82616,3505.41,3515.91,279.952,0,0,55.4482
8.73333,11.351,-1.82947,3507.75,3518.25,279.684,0,0,55.4482
8.74167,11.3585,-1.83278,3510.08,3520.58,279.416,0,0,55.4482
8.75,11.3661,-1.83609,3512.4,3522.9,279.148,0,0,55.4482
8.75833,11.3736,-1.83941,3514.73,3525.23,278.88,0,0,55.4482
8.76667,11.3811,-1.84272,3517.05,3527.55,278.612,0,0,55.4482
8.775,11.3887,-1.84604,3519.37,3529.87,278.345,0,0,55.4482
8.78333,11.3962,-1.84936,3521.69,3532.19,278.077,0,0,55.4482
8.79167,11.4037,-1.85269,3524.01,3534.51,277.809,0,0,55.4482
8.8,11.4112,-1.85601,3526.32,3536.82,277.541,0,0,55.4482
8.80833,11.4187,-1.85934,3528.63,3539.13,277.273,0,0,55.4482
8.81667,11.4262,-1.86267,3530.94,3541.44,277.005,0,0,55.4482
8.825,11.4336,-1.866,3533.25,3543.75,276.737,0,0,55.4482
8.83333,11.4411,-1.86934,3535.55,3546.05,276.47,0,0,55.4482
8.84167,11.4486,-1.87267,3537.86,3548.36,276.202,0,0,55.4482
8.85,11.456,-1.87601,3540.16,3550.66,275.934,0,0,55.4482
8.85833,11.4635,-1.87936,3542.46,3552.96,275.666,0,0,55.4482
8.86667,11.4709,-1.8827,3544.75,3555.25,275.398,0,0,55.4482
8.875,11.4784,-1.88604,3547.05,3557.55,275.13,0,0,55.4482
8.88333,11.4858,-1.88939,3549.34,3559.84,274.862,0,0,55.4482
8.89167,11.4932,-1.89274,3551.63,3562.13,274.595,0,0,55.4482
8.9,11.5007,-1.89609,3553.91,3564.41,274.327,0,0,55.4482
8.90833,11.5081,-1.89945,3556.2,3566.7,274.059,0,0,55.4482
8.91667,11.5155,-1.90281,3558.48,3568.98,273.791,0,0,55.4482
8.925,11.5229,-1.90616,3560.76,3571.26,273.523,0,0,55.4482
8.93333,11.5302,-1.90953,3563.04,3573.54,273.255,0,0,55.4482
8.94167,11.5376,-1.91289,3565.32,3575.82,272.988,0,0,55.4482
8.95,11.545,-1.91625,3567.59,3578.09,272.72,0,0,55.4482
8.95833,11.5524,-1.91962,3569.86,3580.36,272.452,0,0,55.4482
8.96667,11.5597,-1.92299,3572.13,3582.63,272.184,0,0,55.4482
8.975,11.5671,-1.92636,3574.4,3584.9,271.916,0,0,55.4482
8.98333,11.5744,-1.92974,3576.66,3587.16,271.648,0,0,55.4482
8.99167,11.5818,-1.93311,3578.93,3589.43,271.38,0,0,55.4482
9,11.5891,-1.93649,3581.19,3591.69,271.113,0,0,55.4482
9.00833,11.5964,-1.93987,3583.44,3593.94,270.845,0,0,55.4482
9.01667,11.6037,-1.94326,3585.7,3596.2,270.577,0,0,55.4482
9.025,11.611,-1.94664,3587.95,3598.45,270.309,0,0,55.4482
9.03333,11.6183,-1.95003,3590.21,3600.71,270.041,0,0,55.4482
9.04167,11.6256,-1.95342,3592.46,3602.96,269.773,0,0,55.4482
9.05,11.6329,-1.95681,3594.7,3605.2,269.505,0,0,55.4482
9.05833,11.6402,-1.9602,3596.95,3607.45,269.238,0,0,55.4482
9.06667,11.6475,-1.9636,3599.19,3609.69,268.97,0,0,55.4482
9.075,11.6547,-1.967,3601.43,3611.93,268.702,0,0,55.4482
9.08333,11.662,-1.9704,3603.67,3614.17,268.434,0,0,55.4482
9.09167,11.6692,-1.9738,3605.9,3616.4,268.166,0,0,55.4482
9.1,11.6765,-1.97721,3608.14,3618.64,267.898,0,0,55.4482
9.10833,11.6837,-1.98061,3610.37,3620.87,267.631,0,0,55.4482
9.11667,11.6909,-1.98402,3612.6,3623.1,267.363,0,0,55.4482
9.125,11.6982,-1.98743,3614.82,3625.32,267.095,0,0,55.4482
9.13333,11.7054,-1.99085,3617.05,3627.55,266.827,0,0,55.4482
9.14167,11.7126,-1.99426,3619.27,3629.77,266.559,0,0,55.4482
9.15,11.7198,-1.99768,3621.49,3631.99,266.291,0,0,55.4482
9.15833,11.727,-2.0011,3623.71,3634.21,266.023,0,0,55.4482
9.16667,11.7342,-2.00452,3625.93,3636.43,265.756,0,0,55.4482
9.175,11.7414,-2.00795,3628.14,3638.64,265.488,0,0,55.4482
9.18333,11.7485,-2.01137,3630.35,3640.85,265.22,0,0,55.4482
9.19167,11.7557,-2.0148,3632.56,3643.06,264.952,0,0,55.4482
9.2,11.7628,-2.01823,3634.77,3645.27,264.684,0,0,55.4482
9.20833,11.77,-2.02166,3636.97,3647.47,264.416,0,0,55.4482
9.21667,11.7771,-2.0251,3639.17,3649.67,264.148,0,0,55.4482
9.225,11.7843,-2.02853,3641.37,3651.87,263.881,0,0,55.4482
9.23333,11.7914,-2.03197,3643.57,3654.07,263.613,0,0,55.4482
9.24167,11.7985,-2.03541,3645.77,3656.27,263.345,0,0,55.4482
9.25,11.8056,-2.03886,3647.96,3658.46,263.077,0,0,55.4482
9.25833,11.8127,-2.0423,3650.15,3660.65,262.809,0,0,55.4482
9.26667,11.8198,-2.04575,3652.34,3662.84,262.541,0,0,55.4482
9.275,11.8269,-2.0492,3654.53,3665.03,262.274,0,0,55.4482
9.28333,11.834,-2.05265,3656.71,3667.21,262.006,0,0,55.4482
9.29167,11.8411,-2.0561,3658.89,3669.39,261.738,0,0,55.4482
9.3,11.8482,-2.05956,3661.07,3671.57,261.47,0,0,55.4482
9.30833,11.8552,-2.06302,3663.25,3673.75,261.202,0,0,55.4482
9.31667,11.8623,-2.06648,3665.43,3675.93,260.934,0,0,55.4482
9.325,11.8693,-2.06994,3667.6,3678.1,260.666,0,0,55.4482
9.33333,11.8764,-2.0734,3669.77,3680.27,260.399,0,0,55.4482
9.34167,11.8834,-2.07687,3671.94,3682.44,260.131,0,0,55.4482
9.35,11.8904,-2.08034,3674.11,3684.61,259.863,0,0,55.4482
9.35833,11.8975,-2.08381,3676.27,3686.77,259.595,0,0,55.4482
9.36667,11.9045,-2.08728,3678.43,3688.93,259.327,0,0,55.4482
9.375,11.9115,-2.09076,3680.59,3691.09,259.059,0,0,55.4482
9.38333,11.9185,-2.09423,3682.75,3693.25,258.792,0,0,55.4482
9.39167,11.9255,-2.09771,3684.91,3695.41,258.524,0,0,55.4482
9.4,11.9325,-2.10119,3687.06,3697.56,258.256,0,0,55.4482
9.40833,11.9394,-2.10468,3689.21,3699.71,257.988,0,0,55.4482
9.41667,11.9464,-2.10816,3691.36,3701.86,257.72,0,0,55.4482
9.425,11.9534,-2.11165,3693.51,3704.01,257.452,0,0,55.4482
9.43333,11.9603,-2.11514,3695.65,3706.15,257.184,0,0,55.4482
9.44167,11.9673,-2.11863,3697.79,3708.29,256.917,0,0,55.4482
9.45,11.9742,-2.12212,3699.93,3710.43,256.649,0,0,55.4482
9.45833,11.9812,-2.12562,3702.07,3712.57,256.381,0,0,55.4482
9.46667,11.9881,-2.12912,3704.21,3714.71,256.113,0,0,55.4482
9.475,11.995,-2.13262,3706.34,3716.84,255.845,0,0,55.4482
9.48333,12.0019,-2.13612,3708.47,3718.97,255.577,0,0,55.4482
9.49167,12.0088,-2.13962,3710.6,3721.1,255.31,0,0,55.4482
9.5,12.0157,-2.14313,3712.73,3723.23,255.042,0,0,55.4482
9.50833,12.0226,-2.14663,3714.85,3725.35,254.774,0,0,55.4482
9.51667,12.0295,-2.15014,3716.97,3727.47,254.506,0,0,55.4482
9.525,12.0364,-2.15366,3719.09,3729.59,254.238,0,0,55.4482
9.53333,12.0432,-2.15717,3721.21,3731.71,253.97,0,0,55.4482
9.54167,12.0501,-2.16069,3723.32,3733.82,253.703,0,0,55.4482
9.55,12.057,-2.1642,3725.44,3735.94,253.435,0,0,55.4482
9.55833,12.0638,-2.16772,3727.55,3738.05,253.167,0,0,55.4482
9.56667,12.0706,-2.17125,3729.66,3740.16,252.899,0,0,55.4482
9.575,12.0775,-2.17477,3731.76,3742.26,252.631,0,0,55.4482
9.58333,12.0843,-2.1783,3733.87,3744.37,252.363,0,0,55.4482
9.59167,12.0911,-2.18182,3735.97,3746.47,252.095,0,0,55.4482
9.6,12.0979,-2.18535,3738.07,3748.57,251.828,0,0,55.4482
9.60833,12.1047,-2.18889,3740.17,3750.67,251.56,0,0,55.4482
9.61667,12.1115,-2.19242,3742.26,3752.76,251.292,0,0,55.4482
9.625,12.1183,-2.19596,3744.36,3754.86,251.024,0,0,55.4482
9.63333,12.1251,-2.1995,3746.45,3756.95,250.756,0,0,55.4482
9.64167,12.1319,-2.20304,3748.53,3759.03,250.488,0,0,55.4482
9.65,12.1387,-2.20658,3750.62,3761.12,250.221,0,0,55.4482
9.65833,12.1454,-2.21012,3752.7,3763.2,249.953,0,0,55.4482
9.66667,12.1522,-2.21367,3754.79,3765.29,249.685,0,0,55.4482
9.675,12.1589,-2.21722,3756.87,3767.37,249.417,0,0,55.4482
9.68333,12.1657,-2.22077,3758.94,3769.44,249.149,0,0,55.4482
9.69167,12.1724,-2.22432,3761.02,3771.52,248.881,0,0,55.4482
9.7,12.1791,-2.22787,3763.09,3773.59,248.614,0,0,55.4482
9.70833,12.1858,-2.23143,3765.16,3775.66,248.346,0,0,55.4482
9.71667,12.1925,-2.23499,3767.23,3777.73,248.078,0,0,55.4482
9.725,12.1993,-2.23855,3769.3,3779.8,247.81,0,0,55.4482
9.73333,12.2059,-2.24211,3771.36,3781.86,247.542,0,0,55.4482
9.74167,12.2126,-2.24568,3773.42,3783.92,247.274,0,0,55.4482
9.75,12.2193,-2.24924,3775.48,3785.98,247.006,0,0,55.4482
9.75833,12.226,-2.25281,3777.54,3788.04,246.739,0,0,55.4482
9.76667,12.2327,-2.25638,3779.59,3790.09,246.471,0,0,55.4482
9.775,12.2393,-2.25995,3781.65,3792.15,246.203,0,0,55.4482
9.78333,12.246,-2.26353,3783.7,3794.2,245.935,0,0,55.4482
9.79167,12.2526,-2.2671,3785.75,3796.25,245.667,0,0,55.4482
9.8,12.2593,-2.27068,3787.79,3798.29,245.399,0,0,55.4482
9.80833,12.2659,-2.27426,3789.84,3800.34,245.132,0,0,55.4482
9.81667,12.2725,-2.27784,3791.88,3802.38,244.864,0,0,55.4482
9.825,12.2791,-2.28143,3793.92,3804.42,244.596,0,0,55.4482
9.83333,12.2858,-2.28501,3795.95,3806.45,244.328,0,0,55.4482
9.84167,12.2924,-2.2886,3797.99,3808.49,244.06,0,0,55.4482
9.85,12.299,-2.29219,3800.02,3810.52,243.792,0,0,55.4482
9.85833,12.3055,-2.29578,3802.05,3812.55,243.525,0,0,55.4482
9.86667,12.3121,-2.29938,3804.08,3814.58,243.257,0,0,55.4482
9.875,12.3187,-2.30297,3806.11,3816.61,242.989,0,0,55.4482
9.88333,12.3253,-2.30657,3808.13,3818.63,242.721,0,0,55.4482
9.89167,12.3318,-2.31017,3810.15,3820.65,242.453,0,0,55.4482
9.9,12.3384,-2.31377,3812.17,3822.67,242.185,0,0,55.4482
9.90833,12.3449,-2.31738,3814.19,3824.69,241.918,0,0,55.4482
9.91667,12.3515,-2.32098,3816.2,3826.7,241.65,0,0,55.4482
9.925,12.358,-2.32459,3818.22,3828.72,241.382,0,0,55.4482
9.93333,12.3645,-2.3282,3820.23,3830.73,241.114,0,0,55.4482
9.94167,12.371,-2.33181,3822.24,3832.74,240.846,0,0,55.4482
9.95,12.3775,-2.33543,3824.24,3834.74,240.578,0,0,55.4482
9.95833,12.384,-2.33904,3826.24,3836.74,240.311,0,0,55.4482
9.96667,12.3905,-2.34266,3828.25,3838.75,240.043,0,0,55.4482
9.975,12.397,-2.34628,3830.25,3840.75,239.775,0,0,55.4482
9.98333,12.4035,-2.3499,3832.24,3842.74,239.507,0,0,55.4482
9.99167,12.41,-2.35352,3834.24,3844.74,239.239,0,0,55.4482
10,12.4165,-2.35715,3836.23,3846.73,238.971,0,0,55.4482
10.0083,12.4229,-2.36077,3838.22,3848.72,238.703,0,0,55.4482
10.0167,12.4294,-2.3644,3840.21,3850.71,238.436,0,0,55.4482
10.025,12.4358,-2.36803,3842.19,3852.69,238.168,0,0,55.4482
10.0333,12.4422,-2.37167,3844.18,3854.68,237.9,0,0,55.4482
10.0417,12.4487,-2.3753,3846.16,3856.66,237.632,0,0,55.4482
10.05,12.4551,-2.37894,3848.14,3858.64,237.364,0,0,55.4482
10.0583,12.4615,-2.38258,3850.12,3860.62,237.096,0,0,55.4482
10.0667,12.4679,-2.38622,3852.09,3862.59,236.829,0,0,55.4482
10.075,12.4743,-2.38986,3854.06,3864.56,236.561,0,0,55.4482
10.0833,12.4807,-2.3935,3856.03,3866.53,236.293,0,0,55.4482
10.0917,12.4871,-2.39715,3858,3868.5,236.025,0,0,55.4482
10.1,12.4935,-2.4008,3859.97,3870.47,235.757,0,0,55.4482
10.1083,12.4999,-2.40445,3861.93,3872.43,235.489,0,0,55.4482
10.1167,12.5062,-2.4081,3863.89,3874.39,235.222,0,0,55.4482
10.125,12.5126,-2.41175,3865.85,3876.35,234.954,0,0,55.4482
10.1333,12.5189,-2.41541,3867.81,3878.31,234.686,0,0,55.4482
10.1417,12.5253,-2.41906,3869.76,3880.26,234.418,0,0,55.4482
10.15,12.5316,-2.42272,3871.71,3882.21,234.15,0,0,55.4482
10.1583,12.538,-2.42638,3873.66,3884.16,233.882,0,0,55.4482
10.1667,12.5443,-2.43005,3875.61,3886.11,233.615,0,0,55.4482
10.175,12.5506,-2.43371,3877.56,3888.06,233.347,0,0,55.4482
10.1833,12.5569,-2.43738,3879.5,3890,233.079,0,0,55.4482
10.1917,12.5632,-2.44105,3881.44,3891.94,232.811,0,0,55.4482
10.2,12.5695,-2.44472,3883.38,3893.88,232.543,0,0,55.4482
10.2083,12.5758,-2.44839,3885.32,3895.82,232.275,0,0,55.4482
10.2167,12.5821,-2.45207,3887.25,3897.75,232.008,0,0,55.4482
10.225,12.5883,-2.45574,3889.19,3899.69,231.74,0,0,55.4482
10.2333,12.5946,-2.45942,3891.12,3901.62,231.472,0,0,55.4482
10.2417,12.6009,-2.4631,3893.04,3903.54,231.204,0,0,55.4482
10.25,12.6071,-2.46678,3894.97,3905.47,230.936,0,0,55.4482
10.2583,12.6134,-2.47046,3896.89,3907.39,230.668,0,0,55.4482
10.2667,12.6196,-2.47415,3898.81,3909.31,230.401,0,0,55.4482
10.275,12.6258,-2.47784,3900.73,3911.23,230.133,0,0,55.4482
10.2833,12.632,-2.48153,3902.65,3913.15,229.865,0,0,55.4482
10.2917,12.6383,-2.48522,3904.56,3915.06,229.597,0,0,55.4482
10.3,12.6445,-2.48891,3906.48,3916.98,229.329,0,0,55.4482
10.3083,12.6507,-2.49261,3908.39,3918.89,229.061,0,0,55.4482
10.3167,12.6569,-2.4963,3910.29,3920.79,228.794,0,0,55.4482
10.325,12.663,-2.5,3912.2,3922.7,228.526,0,0,55.4482
10.3333,12.6692,-2.5037,3914.1,3924.6,228.258,0,0,55.4482
10.3417,12.6754,-2.5074,3916,3926.5,227.99,0,0,55.4482
10.35,12.6816,-2.51111,3917.9,3928.4,227.722,0,0,55.4482
10.3583,12.6877,-2.51481,3919.8,3930.3,227.454,0,0,55.4482
10.3667,12.6939,-2.51852,3921.69,3932.19,227.187,0,0,55.4482
10.375,12.7,-2.52223,3923.58,3934.08,226.919,0,0,55.4482
10.3833,12.7062,-2.52594,3925.47,3935.97,226.651,0,0,55.4482
10.3917,12.7123,-2.52965,3927.36,3937.86,226.383,0,0,55.4482
10.4,12.7184,-2.53337,3929.25,3939.75,226.115,0,0,55.4482
10.4083,12.7245,-2.53709,3931.13,3941.63,225.847,0,0,55.4482
10.4167,12.7306,-2.5408,3933.01,3943.51,225.58,0,0,55.4482
10.425,12.7367,-2.54452,3934.89,3945.39,225.312,0,0,55.4482
10.4333,12.7428,-2.54825,3936.77,3947.27,225.044,0,0,55.4482
10.4417,12.7489,-2.55197,3938.64,3949.14,224.776,0,0,55.4482
10.45,12.755,-2.5557,3940.51,3951.01,224.508,0,0,55.4482
10.4583,12.7611,-2.55942,3942.38,3952.88,224.24,0,0,55.4482
10.4667,12.7671,-2.56315,3944.25,3954.75,223.973,0,0,55.4482
10.475,12.7732,-2.56688,3946.12,3956.62,223.705,0,0,55.4482
10.4833,12.7792,-2.57062,3947.98,3958.48,223.437,0,0,55.4482
10.4917,12.7853,-2.57435,3949.84,3960.34,223.169,0,0,55.4482
10.5,12.7913,-2.57809,3951.7,3962.2,222.901,0,0,55.4482
10.5083,12.7973,-2.58183,3953.55,3964.05,222.633,0,0,55.4482
10.5167,12.8033,-2.58557,3955.41,3965.91,222.366,0,0,55.4482
10.525,12.8094,-2.58931,3957.26,3967.76,222.098,0,0,55.4482
10.5333,12.8154,-2.59305,3959.11,3969.61,221.83,0,0,55.4482
10.5417,12.8214,-2.5968,3960.96,3971.46,221.562,0,0,55.4482
10.55,12.8274,-2.60055,3962.8,3973.3,221.294,0,0,55.4482
10.5583,12.8333,-2.60429,3964.65,3975.15,221.026,0,0,55.4482
10.5667,12.8393,-2.60805,3966.49,3976.99,220.759,0,0,55.4482
10.575,12.8453,-2.6118,3968.33,3978.83,220.491,0,0,55.4482
10.5833,12.8513,-2.61555,3970.16,3980.66,220.223,0,0,55.4482
10.5917,12.8572,-2.61931,3972,3982.5,219.955,0,0,55.4482
10.6,12.8632,-2.62307,3973.83,3984.33,219.687,0,0,55.4482
10.6083,12.8691,-2.62683,3975.66,3986.16,219.419,0,0,55.4482
10.6167,12.875,-2.63059,3977.49,3987.99,219.152,0,0,55.4482
10.625,12.881,-2.63435,3979.31,3989.81,218.884,0,0,55.4482
10.6333,12.8869,-2.63812,3981.13,3991.63,218.616,0,0,55.4482
10.6417,12.8928,-2.64188,3982.95,3993.45,218.348,0,0,55.4482
10.65,12.8987,-2.64565,3984.77,3995.27,218.08,0,0,55.4482
10.6583,12.9046,-2.64942,3986.59,3997.09,217.812,0,0,55.4482
10.6667,12.9105,-2.65319,3988.4,3998.9,217.545,0,0,55.4482
10.675,12.9164,-2.65697,3990.21,4000.71,217.277,0,0,55.4482
10.6833,12.9223,-2.66074,3992.02,4002.52,217.009,0,0,55.4482
10.6917,12.9281,-2.66452,3993.83,4004.33,216.741,0,0,55.4482
10.7,12.934,-2.6683,3995.64,4006.14,216.473,0,0,55.4482
10.7083,12.9398,-2.67208,3997.44,4007.94,216.205,0,0,55.4482
10.7167,12.9457,-2.67586,3999.24,4009.74,215.938,0,0,55.4482
10.725,12.9515,-2.67965,4001.04,4011.54,215.67,0,0,55.4482
10.7333,12.9574,-2.68343,4002.83,4013.33,215.402,0,0,55.4482
10.7417,12.9632,-2.68722,4004.63,4015.13,215.134,0,0,55.4482
10.75,12.969,-2.69101,4006.42,4016.92,214.866,0,0,55.4482
10.7583,12.9748,-2.6948,4008.21,4018.71,214.598,0,0,55.4482
10.7667,12.9806,-2.69859,4010,4020.5,214.331,0,0,55.4482
10.775,12.9864,-2.70239,4011.78,4022.28,214.063,0,0,55.4482
10.7833,12.9922,-2.70618,4013.56,4024.06,213.795,0,0,55.4482
10.7917,12.998,-2.70998,4015.34,4025.84,213.527,0,0,55.4482
10.8,13.0038,-2.71378,4017.12,4027.62,213.259,0,0,55.4482
10.8083,13.0096,-2.71758,4018.9,4029.4,212.992,0,0,55.4482
10.8167,13.0153,-2.72139,4020.67,4031.17,212.724,0,0,55.4482
10.825,13.0211,-2.72519,4022.44,4032.94,212.456,0,0,55.4482
10.8333,13.0268,-2.729,4024.21,4034.71,212.188,0,0,55.4482
10.8417,13.0326,-2.73281,4025.98,4036.48,211.92,0,0,55.4482
10.85,13.0383,-2.73662,4027.75,4038.25,211.652,0,0,55.4482
10.8583,13.044,-2.74043,4029.51,4040.01,211.385,0,0,55.4482
10.8667,13.0497,-2.74424,4031.27,4041.77,211.117,0,0,55.4482
10.875,13.0554,-2.74806,4033.03,4043.53,210.849,0,0,55.4482
10.8833,13.0612,-2.75187,4034.78,4045.28,210.581,0,0,55.4482
10.8917,13.0668,-2.75569,4036.54,4047.04,210.313,0,0,55.4482
10.9,13.0725,-2.75951,4038.29,4048.79,210.045,0,0,55.4482
10.9083,13.0782,-2.76333,4040.04,4050.54,209.778,0,0,55.4482
10.9167,13.0839,-2.76716,4041.78,4052.28,209.51,0,0,55.4482
10.925,13.0896,-2.77098,4043.53,4054.03,209.242,0,0,55.4482
10.9333,13.0952,-2.77481,4045.27,4055.77,208.974,0,0,55.4482
10.9417,13.1009,-2.77864,4047.01,4057.51,208.706,0,0,55.4482
10.95,13.1065,-2.78247,4048.75,4059.25,208.438,0,0,55.4482
10.9583,13.1122,-2.7863,4050.49,4060.99,208.171,0,0,55.4482
10.9667,13.1178,-2.79013,4052.22,4062.72,207.903,0,0,55.4482
10.975,13.1234,-2.79397,4053.95,4064.45,207.635,0,0,55.4482
10.9833,13.129,-2.79781,4055.68,4066.18,207.367,0,0,55.4482
10.9917,13.1347,-2.80165,4057.41,4067.91,207.099,0,0,55.4482
11,13.1403,-2.80549,4059.13,4069.63,206.831,0,0,55.4482
11.0083,13.1459,-2.80933,4060.85,4071.35,206.564,0,0,55.4482
11.0167,13.1514,-2.81317,4062.57,4073.07,206.296,0,0,55.4482
11.025,13.157,-2.81702,4064.29,4074.79,206.028,0,0,55.4482
11.0333,13.1626,-2.82086,4066.01,4076.51,205.76,0,0,55.4482
11.0417,13.1682,-2.82471,4067.72,4078.22,205.492,0,0,55.4482
11.05,13.1737,-2.82856,4069.43,4079.93,205.225,0,0,55.4482
11.0583,13.1793,-2.83242,4071.14,4081.64,204.957,0,0,55.4482
11.0667,13.1848,-2.83627,4072.85,4083.35,204.689,0,0,55.4482
11.075,13.1904,-2.84012,4074.55,4085.05,204.421,0,0,55.4482
11.0833,13.1959,-2.84398,4076.26,4086.76,204.153,0,0,55.4482
11.0917,13.2014,-2.84784,4077.96,4088.46,203.885,0,0,55.4482
11.1,13.2069,-2.8517,4079.65,4090.15,203.618,0,0,55.4482
11.1083,13.2125,-2.85556,4081.35,4091.85,203.35,0,0,55.4482
11.1167,13.218,-2.85942,4083.04,4093.54,203.082,0,0,55.4482
11.125,13.2235,-2.86329,4084.74,4095.24,202.814,0,0,55.4482
11.1333,13.2289,-2.86716,4086.42,4096.92,202.546,0,0,55.4482
11.1417,13.2344,-2.87103,4088.11,4098.61,202.278,0,0,55.4482
11.15,13.2399,-2.8749,4089.8,4100.3,202.011,0,0,55.4482
11.1583,13.2454,-2.87877,4091.48,4101.98,201.743,0,0,55.4482
11.1667,13.2508,-2.88264,4093.16,4103.66,201.475,0,0,55.4482
11.175,13.2563,-2.88651,4094.84,4105.34,201.207,0,0,55.4482
11.1833,13.2617,-2.89039,4096.51,4107.01,200.939,0,0,55.4482
11.1917,13.2672,-2.89427,4098.18,4108.68,200.671,0,0,55.4482
11.2,13.2726,-2.89815,4099.86,4110.36,200.404,0,0,55.4482
11.2083,13.278,-2.90203,4101.52,4112.02,200.136,0,0,55.4482
11.2167,13.2834,-2.90591,4103.19,4113.69,199.868,0,0,55.4482
11.225,13.2888,-2.9098,4104.86,4115.36,199.6,0,0,55.4482
11.2333,13.2942,-2.91368,4106.52,4117.02,199.332,0,0,55.4482
11.2417,13.2996,-2.91757,4108.18,4118.68,199.065,0,0,55.4482
11.25,13.305,-2.92146,4109.84,4120.34,198.797,0,0,55.4482
11.2583,13.3104,-2.92535,4111.49,4121.99,198.529,0,0,55.4482
11.2667,13.3158,-2.92924,4113.14,4123.64,198.261,0,0,55.4482
11.275,13.3212,-2.93314,4114.8,4125.3,197.993,0,0,55.4482
11.2833,13.3265,-2.93703,4116.44,4126.94,197.725,0,0,55.4482
11.2917,13.3319,-2.94093,4118.09,4128.59,197.458,0,0,55.4482
11.3,13.3372,-2.94483,4119.74,4130.24,197.19,0,0,55.4482
11.3083,13.3425,-2.94873,4121.38,4131.88,196.922,0,0,55.4482
11.3167,13.3479,-2.95263,4123.02,4133.52,196.654,0,0,55.4482
11.325,13.3532,-2.95654,4124.66,4135.16,196.386,0,0,55.4482
11.3333,13.3585,-2.96044,4126.29,4136.79,196.118,0,0,55.4482
11.3417,13.3638,-2.96435,4127.92,4138.42,195.851,0,0,55.4482
11.35,13.3691,-2.96826,4129.56,4140.06,195.583,0,0,55.4482
11.3583,13.3744,-2.97217,4131.18,4141.68,195.315,0,0,55.4482
11.3667,13.3797,-2.97608,4132.81,4143.31,195.047,0,0,55.4482
11.375,13.385,-2.97999,4134.43,4144.93,194.779,0,0,55.4482
11.3833,13.3903,-2.98391,4136.06,4146.56,194.512,0,0,55.4482
11.3917,13.3955,-2.98782,4137.68,4148.18,194.244,0,0,55.4482
11.4,13.4008,-2.99174,4139.29,4149.79,193.976,0,0,55.4482
11.4083,13.406,-2.99566,4140.91,4151.41,193.708,0,0,55.4482
11.4167,13.4113,-2.99958,4142.52,4153.02,193.44,0,0,55.4482
11.425,13.4165,-3.0035,4144.13,4154.63,193.172,0,0,55.4482
11.4333,13.4217,-3.00743,4145.74,4156.24,192.905,0,0,55.4482
11.4417,13.427,-3.01135,4147.35,4157.85,192.637,0,0,55.4482
11.45,13.4322,-3.01528,4148.95,4159.45,192.369,0,0,55.4482
11.4583,13.4374,-3.01921,4150.55,4161.05,192.101,0,0,55.4482
11.4667,13.4426,-3.02314,4152.15,4162.65,191.833,0,0,55.4482
11.475,13.4478,-3.02707,4153.75,4164.25,191.566,0,0,55.4482
11.4833,13.453,-3.031,4155.35,4165.85,191.298,0,0,55.4482
11.4917,13.4582,-3.03494,4156.94,4167.44,191.03,0,0,55.4482
11.5,13.4633,-3.03887,4158.53,4169.03,190.762,0,0,55.4482
11.5083,13.4685,-3.04281,4160.12,4170.62,190.494,0,0,55.4482
11.5167,13.4737,-3.04675,4161.71,4172.21,190.226,0,0,55.4482
11.525,13.4788,-3.05069,4163.29,4173.79,189.959,0,0,55.4482
11.5333,13.4839,-3.05464,4164.87,4175.37,189.691,0,0,55.4482
11.5417,13.4891,-3.05858,4166.45,4176.95,189.423,0,0,55.4482
11.55,13.4942,-3.06253,4168.03,4178.53,189.155,0,0,55.4482
11.5583,13.4993,-3.06647,4169.6,4180.1,188.887,0,0,55.4482
11.5667,13.5044,-3.07042,4171.18,4181.68,188.619,0,0,55.4482
11.575,13.5096,-3.07437,4172.75,4183.25,188.352,0,0,55.4482
11.5833,13.5147,-3.07832,4174.32,4184.82,188.084,0,0,55.4482
11.5917,13.5198,-3.08228,4175.88,4186.38,187.816,0,0,55.4482
11.6,13.5248,-3.08623,4177.45,4187.95,187.548,0,0,55.4482
11.6083,13.5299,-3.09019,4179.01,4189.51,187.28,0,0,55.4482
11.6167,13.535,-3.09414,4180.57,4191.07,187.013,0,0,55.4482
11.625,13.5401,-3.0981,4182.13,4192.63,186.745,0,0,55.4482
11.6333,13.5451,-3.10206,4183.68,4194.18,186.477,0,0,55.4482
11.6417,13.5502,-3.10603,4185.23,4195.73,186.209,0,0,55.4482
11.65,13.5552,-3.10999,4186.78,4197.28,185.941,0,0,55.4482
11.6583,13.5602,-3.11396,4188.33,4198.83,185.673,0,0,55.4482
11.6667,13.5653,-3.11792,4189.88,4200.38,185.406,0,0,55.4482
11.675,13.5703,-3.12189,4191.42,4201.92,185.138,0,0,55.4482
11.6833,13.5753,-3.12586,4192.96,4203.46,184.87,0,0,55.4482
11.6917,13.5803,-3.12983,4194.5,4205,184.602,0,0,55.4482
11.7,13.5853,-3.1338,4196.04,4206.54,184.334,0,0,55.4482
11.7083,13.5903,-3.13778,4197.58,4208.08,184.067,0,0,55.4482
11.7167,13.5953,-3.14175,4199.11,4209.61,183.799,0,0,55.4482
11.725,13.6003,-3.14573,4200.64,4211.14,183.531,0,0,55.4482
11.7333,13.6052,-3.14971,4202.17,4212.67,183.263,0,0,55.4482
11.7417,13.6102,-3.15369,4203.69,4214.19,182.995,0,0,55.4482
11.75,13.6152,-3.15767,4205.22,4215.72,182.727,0,0,55.4482
11.7583,13.6201,-3.16165,4206.74,4217.24,182.46,0,0,55.4482
11.7667,13.625,-3.16564,4208.26,4218.76,182.192,0,0,55.4482
11.775,13.63,-3.16962,4209.78,4220.28,181.924,0,0,55.4482
11.7833,13.6349,-3.17361,4211.29,4221.79,181.656,0,0,55.4482
11.7917,13.6398,-3.1776,4212.8,4223.3,181.388,0,0,55.4482
11.8,13.6447,-3.18159,4214.31,4224.81,181.121,0,0,55.4482
11.8083,13.6497,-3.18558,4215.82,4226.32,180.853,0,0,55.4482
11.8167,13.6546,-3.18957,4217.33,4227.83,180.585,0,0,55.4482
11.825,13.6594,-3.19357,4218.83,4229.33,180.317,0,0,55.4482
11.8333,13.6643,-3.19757,4220.33,4230.83,180.049,0,0,55.4482
11.8417,13.6692,-3.20156,4221.83,4232.33,179.781,0,0,55.4482
11.85,13.6741,-3.20556,4223.33,4233.83,179.514,0,0,55.4482
11.8583,13.6789,-3.20956,4224.82,4235.32,179.246,0,0,55.4482
11.8667,13.6838,-3.21356,4226.32,4236.82,178.978,0,0,55.4482
11.875,13.6886,-3.21757,4227.81,4238.31,178.71,0,0,55.4482
11.8833,13.6935,-3.22157,4229.3,4239.8,178.442,0,0,55.4482
11.8917,13.6983,-3.22558,4230.78,4241.28,178.175,0,0,55.4482
11.9,13.7031,-3.22959,4232.27,4242.77,177.907,0,0,55.4482
11.9083,13.708,-3.2336,4233.75,4244.25,177.639,0,0,55.4482
11.9167,13.7128,-3.23761,4235.23,4245.73,177.371,0,0,55.4482
11.925,13.7176,-3.24162,4236.7,4247.2,177.103,0,0,55.4482
11.9333,13.7224,-3.24563,4238.18,4248.68,176.835,0,0,55.4482
11.9417,13.7272,-3.24965,4239.65,4250.15,176.568,0,0,55.4482
11.95,13.732,-3.25366,4241.12,4251.62,176.3,0,0,55.4482
11.9583,13.7367,-3.25768,4242.59,4253.09,176.032,0,0,55.4482
11.9667,13.7415,-3.2617,4244.05,4254.55,175.764,0,0,55.4482
11.975,13.7463,-3.26572,4245.52,4256.02,175.496,0,0,55.4482
11.9833,13.751,-3.26974,4246.98,4257.48,175.229,0,0,55.4482
11.9917,13.7558,-3.27376,4248.44,4258.94,174.961,0,0,55.4482
12,13.7605,-3.27779,4249.9,4260.4,174.693,0,0,55.4482
12.0083,13.7652,-3.28181,4251.35,4261.85,174.425,0,0,55.4482
12.0167,13.77,-3.28584,4252.8,4263.3,174.157,0,0,55.4482
12.025,13.7747,-3.28987,4254.25,4264.75,173.889,0,0,55.4482
12.0333,13.7794,-3.2939,4255.7,4266.2,173.622,0,0,55.4482
12.0417,13.7841,-3.29793,4257.15,4267.65,173.354,0,0,55.4482
12.05,13.7888,-3.30197,4258.59,4269.09,173.086,0,0,55.4482
12.0583,13.7935,-3.306,4260.03,4270.53,172.818,0,0,55.4482
12.0667,13.7982,-3.31004,4261.47,4271.97,172.55,0,0,55.4482
12.075,13.8029,-3.31407,4262.91,4273.41,172.283,0,0,55.4482
12.0833,13.8075,-3.31811,4264.34,4274.84,172.015,0,0,55.4482
12.0917,13.8122,-3.32215,4265.77,4276.27,171.747,0,0,55.4482
12.1,13.8168,-3.32619,4267.2,4277.7,171.479,0,0,55.4482
12.1083,13.8215,-3.33024,4268.63,4279.13,171.211,0,0,55.4482
12.1167,13.8261,-3.33428,4270.06,4280.56,170.943,0,0,55.4482
12.125,13.8308,-3.33833,4271.48,4281.98,170.676,0,0,55.4482
12.1333,13.8354,-3.34237,4272.9,4283.4,170.408,0,0,55.4482
12.1417,13.84,-3.34642,4274.32,4284.82,170.14,0,0,55.4482
12.15,13.8446,-3.35047,4275.74,4286.24,169.872,0,0,55.4482
12.1583,13.8492,-3.35452,4277.15,4287.65,169.604,0,0,55.4482
12.1667,13.8538,-3.35857,4278.56,4289.06,169.337,0,0,55.4482
12.175,13.8584,-3.36263,4279.97,4290.47,169.069,0,0,55.4482
12.1833,13.863,-3.36668,4281.38,4291.88,168.801,0,0,55.4482
12.1917,13.8676,-3.37074,4282.79,4293.29,168.533,0,0,55.4482
12.2,13.8721,-3.3748,4284.19,4294.69,168.265,0,0,55.4482
12.2083,13.8767,-3.37886,4285.59,4296.09,167.997,0,0,55.4482
12.2167,13.8813,-3.38292,4286.99,4297.49,167.73,0,0,55.4482
12.225,13.8858,-3.38698,4288.39,4298.89,167.462,0,0,55.4482
12.2333,13.8903,-3.39104,4289.78,4300.28,167.194,0,0,55.4482
12.2417,13.8949,-3.39511,4291.17,4301.67,166.926,0,0,55.4482
12.25,13.8994,-3.39917,4292.56,4303.06,166.658,0,0,55.4482
12.2583,13.9039,-3.40324,4293.95,4304.45,166.391,0,0,55.4482
12.2667,13.9084,-3.40731,4295.34,4305.84,166.123,0,0,55.4482
12.275,13.9129,-3.41138,4296.72,4307.22,165.855,0,0,55.4482
12.2833,13.9174,-3.41545,4298.1,4308.6,165.587,0,0,55.4482
12.2917,13.9219,-3.41952,4299.48,4309.98,165.319,0,0,55.4482
12.3,13.9264,-3.4236,4300.86,4311.36,165.052,0,0,55.4482
12.3083,13.9309,-3.42767,4302.23,4312.73,164.784,0,0,55.4482
12.3167,13.9353,-3.43175,4303.6,4314.1,164.516,0,0,55.4482
12.325,13.9398,-3.43582,4304.97,4315.47,164.248,0,0,55.4482
12.3333,13.9443,-3.4399,4306.34,4316.84,163.98,0,0,55.4482
12.3417,13.9487,-3.44398,4307.71,4318.21,163.712,0,0,55.4482
12.35,13.9531,-3.44807,4309.07,4319.57,163.445,0,0,55.4482
12.3583,13.9576,-3.45215,4310.43,4320.93,163.177,0,0,55.4482
12.3667,13.962,-3.45623,4311.79,4322.29,162.909,0,0,55.4482
12.375,13.9664,-3.46032,4313.15,4323.65,162.641,0,0,55.4482
12.3833,13.9708,-3.46441,4314.5,4325,162.373,0,0,55.4482
12.3917,13.9752,-3.4685,4315.85,4326.35,162.106,0,0,55.4482
12.4,13.9796,-3.47258,4317.2,4327.7,161.838,0,0,55.4482
12.4083,13.984,-3.47668,4318.55,4329.05,161.57,0,0,55.4482
12.4167,13.9884,-3.48077,4319.89,4330.39,161.302,0,0,55.4482
12.425,13.9928,-3.48486,4321.24,4331.74,161.034,0,0,55.4482
12.4333,13.9971,-3.48896,4322.58,4333.08,160.766,0,0,55.4482
12.4417,14.0015,-3.49305,4323.92,4334.42,160.499,0,0,55.4482
12.45,14.0058,-3.49715,4325.25,4335.75,160.231,0,0,55.4482
12.4583,14.0102,-3.50125,4326.59,4337.09,159.963,0,0,55.4482
12.4667,14.0145,-3.50535,4327.92,4338.42,159.695,0,0,55.4482
12.475,14.0189,-3.50945,4329.25,4339.75,159.427,0,0,55.4482
12.4833,14.0232,-3.51355,4330.58,4341.08,159.16,0,0,55.4482
12.4917,14.0275,-3.51766,4331.9,4342.4,158.892,0,0,55.4482
12.5,14.0318,-3.52176,4333.22,4343.72,158.624,0,0,55.4482
12.5083,14.0361,-3.52587,4334.55,4345.05,158.356,0,0,55.4482
12.5167,14.0404,-3.52998,4335.86,4346.36,158.088,0,0,55.4482
12.525,14.0447,-3.53408,4337.18,4347.68,157.821,0,0,55.4482
12.5333,14.049,-3.5382,4338.49,4348.99,157.553,0,0,55.4482
12.5417,14.0532,-3.54231,4339.81,4350.31,157.285,0,0,55.4482
12.55,14.0575,-3.54642,4341.12,4351.62,157.017,0,0,55.4482
12.5583,14.0618,-3.55053,4342.42,4352.92,156.749,0,0,55.4482
12.5667,14.066,-3.55465,4343.73,4354.23,156.481,0,0,55.4482
12.575,14.0703,-3.55877,4345.03,4355.53,156.214,0,0,55.4482
12.5833,14.0745,-3.56288,4346.33,4356.83,155.946,0,0,55.4482
12.5917,14.0787,-3.567,4347.63,4358.13,155.678,0,0,55.4482
12.6,14.083,-3.57112,4348.93,4359.43,155.41,0,0,55.4482
12.6083,14.0872,-3.57524,4350.22,4360.72,155.142,0,0,55.4482
12.6167,14.0914,-3.57937,4351.51,4362.01,154.875,0,0,55.4482
12.625,14.0956,-3.58349,4352.8,4363.3,154.607,0,0,55.4482
12.6333,14.0998,-3.58762,4354.09,4364.59,154.339,0,0,55.4482
12.6417,14.104,-3.59174,4355.37,4365.87,154.071,0,0,55.4482
12.65,14.1082,-3.59587,4356.66,4367.16,153.803,0,0,55.4482
12.6583,14.1123,-3.6,4357.94,4368.44,153.536,0,0,55.4482
12.6667,14.1165,-3.60413,4359.22,4369.72,153.268,0,0,55.4482
12.675,14.1206,-3.60826,4360.49,4370.99,153,0,0,55.4482
12.6833,14.1248,-3.61239,4361.77,4372.27,152.732,0,0,55.4482
12.6917,14.1289,-3.61653,4363.04,4373.54,152.464,0,0,55.4482
12.7,14.1331,-3.62066,4364.31,4374.81,152.196,0,0,55.4482
12.7083,14.1372,-3.6248,4365.57,4376.07,151.929,0,0,55.4482
12.7167,14.1413,-3.62894,4366.84,4377.34,151.661,0,0,55.4482
12.725,14.1454,-3.63308,4368.1,4378.6,151.393,0,0,55.4482
12.7333,14.1496,-3.63722,4369.36,4379.86,151.125,0,0,55.4482
12.7417,14.1537,-3.64136,4370.62,4381.12,150.857,0,0,55.4482
12.75,14.1578,-3.6455,4371.88,4382.38,150.59,0,0,55.4482
12.7583,14.1618,-3.64964,4373.13,4383.63,150.322,0,0,55.4482
12.7667,14.1659,-3.65379,4374.38,4384.88,150.054,0,0,55.4482
12.775,14.17,-3.65794,4375.63,4386.13,149.786,0,0,55.4482
12.7833,14.1741,-3.66208,4376.88,4387.38,149.518,0,0,55.4482
12.7917,14.1781,-3.66623,4378.12,4388.62,149.251,0,0,55.4482
12.8,14.1822,-3.67038,4379.37,4389.87,148.983,0,0,55.4482
12.8083,14.1862,-3.67453,4380.61,4391.11,148.715,0,0,55.4482
12.8167,14.1902,-3.67868,4381.84,4392.34,148.447,0,0,55.4482
12.825,14.1943,-3.68284,4383.08,4393.58,148.179,0,0,55.4482
12.8333,14.1983,-3.68699,4384.31,4394.81,147.912,0,0,55.4482
12.8417,14.2023,-3.69115,4385.55,4396.05,147.644,0,0,55.4482
12.85,14.2063,-3.6953,4386.78,4397.28,147.376,0,0,55.4482
12.8583,14.2103,-3.69946,4388,4398.5,147.108,0,0,55.4482
12.8667,14.2143,-3.70362,4389.23,4399.73,146.84,0,0,55.4482
12.875,14.2183,-3.70778,4390.45,4400.95,146.572,0,0,55.4482
12.8833,14.2223,-3.71194,4391.67,4402.17,146.305,0,0,55.4482
12.8917,14.2262,-3.71611,4392.89,4403.39,146.037,0,0,55.4482
12.9,14.2302,-3.72027,4394.1,4404.6,145.769,0,0,55.4482
12.9083,14.2342,-3.72444,4395.32,4405.82,145.501,0,0,55.4482
12.9167,14.2381,-3.7286,4396.53,4407.03,145.233,0,0,55.4482
12.925,14.2421,-3.73277,4397.74,4408.24,144.966,0,0,55.4482
12.9333,14.246,-3.73694,4398.94,4409.44,144.698,0,0,55.4482
12.9417,14.2499,-3.74111,4400.15,4410.65,144.43,0,0,55.4482
12.95,14.2538,-3.74528,4401.35,4411.85,144.162,0,0,55.4482
12.9583,14.2578,-3.74945,4402.55,4413.05,143.894,0,0,55.4482
12.9667,14.2617,-3.75362,4403.75,4414.25,143.627,0,0,55.4482
12.975,14.2656,-3.7578,4404.95,4415.45,143.359,0,0,55.4482
12.9833,14.2695,-3.76197,4406.14,4416.64,143.091,0,0,55.4482
12.9917,14.2733,-3.76615,4407.33,4417.83,142.823,0,0,55.4482
13,14.2772,-3.77033,4408.52,4419.02,142.555,0,0,55.4482
13.0083,14.2811,-3.77451,4409.71,4420.21,142.288,0,0,55.4482
13.0167,14.285,-3.77869,4410.89,4421.39,142.02,0,0,55.4482
13.025,14.2888,-3.78287,4412.07,4422.57,141.752,0,0,55.4482
13.0333,14.2927,-3.78705,4413.25,4423.75,141.484,0,0,55.4482
13.0417,14.2965,-3.79124,4414.43,4424.93,141.216,0,0,55.4482
13.05,14.3003,-3.79542,4415.61,4426.11,140.948,0,0,55.4482
13.0583,14.3042,-3.79961,4416.78,4427.28,140.681,0,0,55.4482
13.0667,14.308,-3.80379,4417.95,4428.45,140.413,0,0,55.4482
13.075,14.3118,-3.80798,4419.12,4429.62,140.145,0,0,55.4482
13.0833,14.3156,-3.81217,4420.29,4430.79,139.877,0,0,55.4482
13.0917,14.3194,-3.81636,4421.45,4431.95,139.609,0,0,55.4482
13.1,14.3232,-3.82055,4422.62,4433.12,139.342,0,0,55.4482
13.1083,14.327,-3.82475,4423.78,4434.28,139.074,0,0,55.4482
13.1167,14.3308,-3.82894,4424.93,4435.43,138.806,0,0,55.4482
13.125,14.3345,-3.83313,4426.09,4436.59,138.538,0,0,55.4482
13.1333,14.3383,-3.83733,4427.24,4437.74,138.27,0,0,55.4482
13.1417,14.3421,-3.84153,4428.39,4438.89,138.003,0,0,55.4482
13.15,14.3458,-3.84573,4429.54,4440.04,137.735,0,0,55.4482
13.1583,14.3495,-3.84992,4430.69,4441.19,137.467,0,0,55.4482
13.1667,14.3533,-3.85413,4431.83,4442.33,137.199,0,0,55.4482
13.175,14.357,-3.85833,4432.98,4443.48,136.931,0,0,55.4482
13.1833,14.3607,-3.86253,4434.12,4444.62,136.664,0,0,55.4482
13.1917,14.3644,-3.86673,4435.25,4445.75,136.396,0,0,55.4482
13.2,14.3681,-3.87094,4436.39,4446.89,136.128,0,0,55.4482
13.2083,14.3718,-3.87514,4437.52,4448.02,135.86,0,0,55.4482
13.2167,14.3755,-3.87935,4438.65,4449.15,135.592,0,0,55.4482
13.225,14.3792,-3.88356,4439.78,4450.28,135.324,0,0,55.4482
13.2333,14.3829,-3.88777,4440.91,4451.41,135.057,0,0,55.4482
13.2417,14.3866,-3.89198,4442.03,4452.53,134.789,0,0,55.4482
13.25,14.3902,-3.89619,4443.15,4453.65,134.521,0,0,55.4482
13.2583,14.3939,-3.9004,4444.27,4454.77,134.253,0,0,55.4482
13.2667,14.3975,-3.90462,4445.39,4455.89,133.985,0,0,55.4482
13.275,14.4012,-3.90883,4446.51,4457.01,133.718,0,0,55.4482
13.2833,14.4048,-3.91305,4447.62,4458.12,133.45,0,0,55.4482
13.2917,14.4084,-3.91726,4448.73,4459.23,133.182,0,0,55.4482
13.3,14.412,-3.92148,4449.84,4460.34,132.914,0,0,55.4482
13.3083,14.4157,-3.9257,4450.95,4461.45,132.646,0,0,55.4482
13.3167,14.4193,-3.92992,4452.05,4462.55,132.379,0,0,55.4482
13.325,14.4229,-3.93414,4453.15,4463.65,132.111,0,0,55.4482
13.3333,14.4265,-3.93836,4454.25,4464.75,131.843,0,0,55.4482
13.3417,14.43,-3.94259,4455.35,4465.85,131.575,0,0,55.4482
13.35,14.4336,-3.94681,4456.45,4466.95,131.307,0,0,55.4482
13.3583,14.4372,-3.95104,4457.54,4468.04,131.04,0,0,55.4482
13.3667,14.4407,-3.95526,4458.63,4469.13,130.772,0,0,55.4482
13.375,14.4443,-3.95949,4459.72,4470.22,130.504,0,0,55.4482
13.3833,14.4478,-3.96372,4460.81,4471.31,130.236,0,0,55.4482
13.3917,14.4514,-3.96795,4461.89,4472.39,129.968,0,0,55.4482
13.4,14.4549,-3.97218,4462.97,4473.47,129.701,0,0,55.4482
13.4083,14.4584,-3.97641,4464.05,4474.55,129.433,0,0,55.4482
13.4167,14.462,-3.98064,4465.13,4475.63,129.165,0,0,55.4482
13.425,14.4655,-3.98488,4466.2,4476.7,128.897,0,0,55.4482
13.4333,14.469,-3.98911,4467.28,4477.78,128.629,0,0,55.4482
13.4417,14.4725,-3.99335,4468.35,4478.85,128.362,0,0,55.4482
13.45,14.476,-3.99758,4469.42,4479.92,128.094,0,0,55.4482
13.4583,14.4794,-4.00182,4470.48,4480.98,127.826,0,0,55.4482
13.4667,14.4829,-4.00606,4471.55,4482.05,127.558,0,0,55.4482
13.475,14.4864,-4.0103,4472.61,4483.11,127.29,0,0,55.4482
13.4833,14.4899,-4.01454,4473.67,4484.17,127.022,0,0,55.4482
13.4917,14.4933,-4.01878,4474.73,4485.23,126.755,0,0,55.4482
13.5,14.4968,-4.02303,4475.78,4486.28,126.487,0,0,55.4482
13.5083,14.5002,-4.02727,4476.83,4487.33,126.219,0,0,55.4482
13.5167,14.5036,-4.03151,4477.88,4488.38,125.951,0,0,55.4482
13.525,14.507,-4.03576,4478.93,4489.43,125.683,0,0,55.4482
13.5333,14.5105,-4.04001,4479.98,4490.48,125.416,0,0,55.4482
13.5417,14.5139,-4.04425,4481.02,4491.52,125.148,0,0,55.4482
13.55,14.5173,-4.0485,4482.07,4492.57,124.88,0,0,55.4482
13.5583,14.5207,-4.05275,4483.1,4493.6,124.612,0,0,55.4482
13.5667,14.5241,-4.057,4484.14,4494.64,124.344,0,0,55.4482
13.575,14.5275,-4.06126,4485.18,4495.68,124.077,0,0,55.4482
13.5833,14.5308,-4.06551,4486.21,4496.71,123.809,0,0,55.4482
13.5917,14.5342,-4.06976,4487.24,4497.74,123.541,0,0,55.4482
13.6,14.5376,-4.07402,4488.27,4498.77,123.273,0,0,55.4482
13.6083,14.5409,-4.07827,4489.3,4499.8,123.005,0,0,55.4482
13.6167,14.5443,-4.08253,4490.32,4500.82,122.738,0,0,55.4482
13.625,14.5476,-4.08679,4491.34,4501.84,122.47,0,0,55.4482
13.6333,14.5509,-4.09105,4492.36,4502.86,122.202,0,0,55.4482
13.6417,14.5542,-4.09531,4493.38,4503.88,121.934,0,0,55.4482
13.65,14.5576,-4.09957,4494.39,4504.89,121.666,0,0,55.4482
13.6583,14.5609,-4.10383,4495.41,4505.91,121.399,0,0,55.4482
13.6667,14.5642,-4.10809,4496.42,4506.92,121.131,0,0,55.4482
13.675,14.5675,-4.11236,4497.42,4507.92,120.863,0,0,55.4482
13.6833,14.5708,-4.11662,4498.43,4508.93,120.595,0,0,55.4482
13.6917,14.574,-4.12089,4499.43,4509.93,120.327,0,0,55.4482
13.7,14.5773,-4.12516,4500.44,4510.94,120.06,0,0,55.4482
13.7083,14.5806,-4.12942,4501.44,4511.94,119.792,0,0,55.4482
13.7167,14.5838,-4.13369,4502.43,4512.93,119.524,0,0,55.4482
13.725,14.5871,-4.13796,4503.43,4513.93,119.256,0,0,55.4482
13.7333,14.5903,-4.14223,4504.42,4514.92,118.988,0,0,55.4482
13.7417,14.5936,-4.1465,4505.41,4515.91,118.721,0,0,55.4482
13.75,14.5968,-4.15078,4506.4,4516.9,118.453,0,0,55.4482
13.7583,14.6,-4.15505,4507.38,4517.88,118.185,0,0,55.4482
13.7667,14.6033,-4.15932,4508.37,4518.87,117.917,0,0,55.4482
13.775,14.6065,-4.1636,4509.35,4519.85,117.649,0,0,55.4482
13.7833,14.6097,-4.16788,4510.33,4520.83,117.381,0,0,55.4482
13.7917,14.6129,-4.17215,4511.31,4521.81,117.114,0,0,55.4482
13.8,14.616,-4.17643,4512.28,4522.78,116.846,0,0,55.4482
13.8083,14.6192,-4.18071,4513.25,4523.75,116.578,0,0,55.4482
13.8167,14.6224,-4.18499,4514.22,4524.72,116.31,0,0,55.4482
13.825,14.6256,-4.18927,4515.19,4525.69,116.042,0,0,55.4482
13.8333,14.6287,-4.19355,4516.16,4526.66,115.775,0,0,55.4482
13.8417,14.6319,-4.19784,4517.12,4527.62,115.507,0,0,55.4482
13.85,14.635,-4.20212,4518.08,4528.58,115.239,0,0,55.4482
13.8583,14.6382,-4.2064,4519.04,4529.54,114.971,0,0,55.4482
13.8667,14.6413,-4.21069,4520,4530.5,114.703,0,0,55.4482
13.875,14.6444,-4.21498,4520.95,4531.45,114.436,0,0,55.4482
13.8833,14.6475,-4.21926,4521.91,4532.41,114.168,0,0,55.4482
13.8917,14.6506,-4.22355,4522.86,4533.36,113.9,0,0,55.4482
13.9,14.6537,-4.22784,4523.81,4534.31,113.632,0,0,55.4482
13.9083,14.6568,-4.23213,4524.75,4535.25,113.364,0,0,55.4482
13.9167,14.6599,-4.23642,4525.69,4536.19,113.097,0,0,55.4482
13.925,14.663,-4.24072,4526.64,4537.14,112.829,0,0,55.4482
13.9333,14.6661,-4.24501,4527.57,4538.07,112.561,0,0,55.4482
13.9417,14.6691,-4.2493,4528.51,4539.01,112.293,0,0,55.4482
13.95,14.6722,-4.2536,4529.45,4539.95,112.025,0,0,55.4482
13.9583,14.6753,-4.25789,4530.38,4540.88,111.758,0,0,55.4482
13.9667,14.6783,-4.26219,4531.31,4541.81,111.49,0,0,55.4482
13.975,14.6813,-4.26649,4532.24,4542.74,111.222,0,0,55.4482
13.9833,14.6844,-4.27078,4533.16,4543.66,110.954,0,0,55.4482
13.9917,14.6874,-4.27508,4534.09,4544.59,110.686,0,0,55.4482
14,14.6904,-4.27938,4535.01,4545.51,110.419,0,0,55.4482
14.0083,14.6934,-4.28369,4535.93,4546.43,110.151,0,0,55.4482
14.0167,14.6964,-4.28799,4536.84,4547.34,109.883,0,0,55.4482
14.025,14.6994,-4.29229,4537.76,4548.26,109.615,0,0,55.4482
14.0333,14.7024,-4.29659,4538.67,4549.17,109.347,0,0,55.4482
14.0417,14.7054,-4.3009,4539.58,4550.08,109.08,0,0,55.4482
14.05,14.7083,-4.3052,4540.49,4550.99,108.812,0,0,55.4482
14.0583,14.7113,-4.30951,4541.39,4551.89,108.544,0,0,55.4482
14.0667,14.7143,-4.31382,4542.3,4552.8,108.276,0,0,55.4482
14.075,14.7172,-4.31813,4543.2,4553.7,108.008,0,0,55.4482
14.0833,14.7202,-4.32243,4544.1,4554.6,107.741,0,0,55.4482
14.0917,14.7231,-4.32674,4544.99,4555.49,107.473,0,0,55.4482
14.1,14.726,-4.33105,4545.89,4556.39,107.205,0,0,55.4482
14.1083,14.7289,-4.33537,4546.78,4557.28,106.937,0,0,55.4482
14.1167,14.7319,-4.33968,4547.67,4558.17,106.669,0,0,55.4482
14.125,14.7348,-4.34399,4548.56,4559.06,106.402,0,0,55.4482
14.1333,14.7377,-4.34831,4549.44,4559.94,106.134,0,0,55.4482
14.1417,14.7406,-4.35262,4550.33,4560.83,105.866,0,0,55.4482
14.15,14.7434,-4.35694,4551.21,4561.71,105.598,0,0,55.4482
14.1583,14.7463,-4.36125,4552.09,4562.59,105.33,0,0,55.4482
14.1667,14.7492,-4.36557,4552.96,4563.46,105.063,0,0,55.4482
14.175,14.7521,-4.36989,4553.84,4564.34,104.795,0,0,55.4482
14.1833,14.7549,-4.37421,4554.71,4565.21,104.527,0,0,55.4482
14.1917,14.7578,-4.37853,4555.58,4566.08,104.259,0,0,55.4482
14.2,14.7606,-4.38285,4556.45,4566.95,103.991,0,0,55.4482
14.2083,14.7634,-4.38717,4557.31,4567.81,103.724,0,0,55.4482
14.2167,14.7663,-4.39149,4558.18,4568.68,103.456,0,0,55.4482
14.225,14.7691,-4.39582,4559.04,4569.54,103.188,0,0,55.4482
14.2333,14.7719,-4.40014,4559.9,4570.4,102.92,0,0,55.4482
14.2417,14.7747,-4.40447,4560.75,4571.25,102.652,0,0,55.4482
14.25,14.7775,-4.40879,4561.61,4572.11,102.385,0,0,55.4482
14.2583,14.7803,-4.41312,4562.46,4572.96,102.117,0,0,55.4482
14.2667,14.7831,-4.41745,4563.31,4573.81,101.849,0,0,55.4482
14.275,14.7859,-4.42177,4564.16,4574.66,101.581,0,0,55.4482
14.2833,14.7886,-4.4261,4565,4575.5,101.313,0,0,55.4482
14.2917,14.7914,-4.43043,4565.85,4576.35,101.046,0,0,55.4482
14.3,14.7942,-4.43476,4566.69,4577.19,100.778,0,0,55.4482
14.3083,14.7969,-4.4391,4567.53,4578.03,100.51,0,0,55.4482
14.3167,14.7997,-4.44343,4568.36,4578.86,100.242,0,0,55.4482
14.325,14.8024,-4.44776,4569.2,4579.7,99.9743,0,0,55.4482
14.3333,14.8051,-4.4521,4570.03,4580.53,99.7065,0,0,55.4482
14.3417,14.8078,-4.45643,4570.86,4581.36,99.4387,0,0,55.4482
14.35,14.8106,-4.46077,4571.69,4582.19,99.1709,0,0,55.4482
14.3583,14.8133,-4.4651,4572.51,4583.01,98.9031,0,0,55.4482
14.3667,14.816,-4.46944,4573.33,4583.83,98.6353,0,0,55.4482
14.375,14.8187,-4.47378,4574.16,4584.66,98.3675,0,0,55.4482
14.3833,14.8213,-4.47812,4574.97,4585.47,98.0997,0,0,55.4482
14.3917,14.824,-4.48246,4575.79,4586.29,97.8319,0,0,55.4482
14.4,14.8267,-4.4868,4576.6,4587.1,97.5641,0,0,55.4482
14.4083,14.8293,-4.49114,4577.42,4587.92,97.2963,0,0,55.4482
14.4167,14.832,-4.49548,4578.23,4588.73,97.0285,0,0,55.4482
14.425,14.8347,-4.49982,4579.03,4589.53,96.7607,0,0,55.4482
14.4333,14.8373,-4.50417,4579.84,4590.34,96.4929,0,0,55.4482
14.4417,14.8399,-4.50851,4580.64,4591.14,96.2251,0,0,55.4482
14.45,14.8426,-4.51285,4581.44,4591.94,95.9573,0,0,55.4482
14.4583,14.8452,-4.5172,4582.24,4592.74,95.6895,0,0,55.4482
14.4667,14.8478,-4.52155,4583.04,4593.54,95.4217,0,0,55.4482
14.475,14.8504,-4.52589,4583.83,4594.33,95.1539,0,0,55.4482
14.4833,14.853,-4.53024,4584.62,4595.12,94.8861,0,0,55.4482
14.4917,14.8556,-4.53459,4585.41,4595.91,94.6183,0,0,55.4482
14.5,14.8582,-4.53894,4586.2,4596.7,94.3505,0,0,55.4482
14.5083,14.8607,-4.54329,4586.99,4597.49,94.0827,0,0,55.4482
14.5167,14.8633,-4.54764,4587.77,4598.27,93.8149,0,0,55.4482
14.525,14.8659,-4.55199,4588.55,4599.05,93.5471,0,0,55.4482
14.5333,14.8684,-4.55635,4589.33,4599.83,93.2793,0,0,55.4482
14.5417,14.871,-4.5607,4590.1,4600.6,93.0115,0,0,55.4482
14.55,14.8735,-4.56505,4590.88,4601.38,92.7437,0,0,55.4482
14.5583,14.8761,-4.56941,4591.65,4602.15,92.4759,0,0,55.4482
14.5667,14.8786,-4.57377,4592.42,4602.92,92.2081,0,0,55.4482
14.575,14.8811,-4.57812,4593.19,4603.69,91.9403,0,0,55.4482
14.5833,14.8836,-4.58248,4593.95,4604.45,91.6725,0,0,55.4482
14.5917,14.8861,-4.58684,4594.71,4605.21,91.4047,0,0,55.4482
14.6,14.8886,-4.5912,4595.47,4605.97,91.1369,0,0,55.4482
14.6083,14.8911,-4.59555,4596.23,4606.73,90.8691,0,0,55.4482
14.6167,14.8936,-4.59991,4596.99,4607.49,90.6013,0,0,55.4482
14.625,14.8961,-4.60428,4597.74,4608.24,90.3335,0,0,55.4482
14.6333,14.8985,-4.60864,4598.49,4608.99,90.0657,0,0,55.4482
14.6417,14.901,-4.613,4599.24,4609.74,89.7979,0,0,55.4482
14.65,14.9034,-4.61736,4599.99,4610.49,89.5301,0,0,55.4482
14.6583,14.9059,-4.62173,4600.74,4611.24,89.2623,0,0,55.4482
14.6667,14.9083,-4.62609,4601.48,4611.98,88.9945,0,0,55.4482
14.675,14.9108,-4.63046,4602.22,4612.72,88.7267,0,0,55.4482
14.6833,14.9132,-4.63482,4602.96,4613.46,88.4589,0,0,55.4482
14.6917,14.9156,-4.63919,4603.69,4614.19,88.1911,0,0,55.4482
14.7,14.918,-4.64355,4604.43,4614.93,87.9233,0,0,55.4482
14.7083,14.9204,-4.64792,4605.16,4615.66,87.6555,0,0,55.4482
14.7167,14.9228,-4.65229,4605.89,4616.39,87.3877,0,0,55.4482
14.725,14.9252,-4.65666,4606.62,4617.12,87.1199,0,0,55.4482
14.7333,14.9276,-4.66103,4607.34,4617.84,86.8521,0,0,55.4482
14.7417,14.93,-4.6654,4608.06,4618.56,86.5843,0,0,55.4482
14.75,14.9323,-4.66977,4608.78,4619.28,86.3165,0,0,55.4482
14.7583,14.9347,-4.67415,4609.5,4620,86.0487,0,0,55.4482
14.7667,14.9371,-4.67852,4610.22,4620.72,85.7809,0,0,55.4482
14.775,14.9394,-4.68289,4610.93,4621.43,85.5131,0,0,55.4482
14.7833,14.9417,-4.68727,4611.64,4622.14,85.2453,0,0,55.4482
14.7917,14.9441,-4.69164,4612.35,4622.85,84.9775,0,0,55.4482
14.8,14.9464,-4.69602,4613.06,4623.56,84.7097,0,0,55.4482
14.8083,14.9487,-4.70039,4613.76,4624.26,84.4419,0,0,55.4482
14.8167,14.951,-4.70477,4614.47,4624.97,84.1741,0,0,55.4482
14.825,14.9533,-4.70915,4615.17,4625.67,83.9063,0,0,55.4482
14.8333,14.9556,-4.71353,4615.87,4626.37,83.6385,0,0,55.4482
14.8417,14.9579,-4.7179,4616.56,4627.06,83.3707,0,0,55.4482
14.85,14.9602,-4.72228,4617.25,4627.75,83.1029,0,0,55.4482
14.8583,14.9625,-4.72666,4617.95,4628.45,82.8351,0,0,55.4482
14.8667,14.9647,-4.73105,4618.64,4629.14,82.5673,0,0,55.4482
14.875,14.967,-4.73543,4619.32,4629.82,82.2995,0,0,55.4482
14.8833,14.9693,-4.73981,4620.01,4630.51,82.0317,0,0,55.4482
14.8917,14.9715,-4.74419,4620.69,4631.19,81.7639,0,0,55.4482
14.9,14.9737,-4.74858,4621.37,4631.87,81.4961,0,0,55.4482
14.9083,14.976,-4.75296,4622.05,4632.55,81.2283,0,0,55.4482
14.9167,14.9782,-4.75735,4622.72,4633.22,80.9605,0,0,55.4482
14.925,14.9804,-4.76173,4623.4,4633.9,80.6927,0,0,55.4482
14.9333,14.9826,-4.76612,4624.07,4634.57,80.4249,0,0,55.4482
14.9417,14.9848,-4.7705,4624.74,4635.24,80.1571,0,0,55.4482
14.95,14.987,-4.77489,4625.4,4635.9,79.8893,0,0,55.4482
14.9583,14.9892,-4.77928,4626.07,4636.57,79.6215,0,0,55.4482
14.9667,14.9914,-4.78367,4626.73,4637.23,79.3537,0,0,55.4482
14.975,14.9936,-4.78806,4627.39,4637.89,79.0859,0,0,55.4482
14.9833,14.9957,-4.79245,4628.05,4638.55,78.8181,0,0,55.4482
14.9917,14.9979,-4.79684,4628.71,4639.21,78.5503,0,0,55.4482
15,15,-4.80123,4629.36,4639.86,78.2825,0,0,55.4482
15.0083,15.0022,-4.80562,4630.01,4640.51,78.0147,0,0,55.4482
15.0167,15.0043,-4.81001,4630.66,4641.16,77.7469,0,0,55.4482
15.025,15.0065,-4.81441,4631.31,4641.81,77.4791,0,0,55.4482
15.0333,15.0086,-4.8188,4631.95,4642.45,77.2113,0,0,55.4482
15.0417,15.0107,-4.8232,4632.59,4643.09,76.9435,0,0,55.4482
15.05,15.0128,-4.82759,4633.23,4643.73,76.6757,0,0,55.4482
15.0583,15.0149,-4.83199,4633.87,4644.37,76.4079,0,0,55.4482
15.0667,15.017,-4.83638,4634.51,4645.01,76.1401,0,0,55.4482
15.075,15.0191,-4.84078,4635.14,4645.64,75.8723,0,0,55.4482
15.0833,15.0212,-4.84518,4635.77,4646.27,75.6045,0,0,55.4482
15.0917,15.0233,-4.84958,4636.4,4646.9,75.3367,0,0,55.4482
15.1,15.0253,-4.85398,4637.03,4647.53,75.0689,0,0,55.4482
15.1083,15.0274,-4.85837,4637.65,4648.15,74.8011,0,0,55.4482
15.1167,15.0294,-4.86277,4638.27,4648.77,74.5333,0,0,55.4482
15.125,15.0315,-4.86718,4638.89,4649.39,74.2655,0,0,55.4482
15.1333,15.0335,-4.87158,4639.51,4650.01,73.9977,0,0,55.4482
15.1417,15.0355,-4.87598,4640.13,4650.63,73.7299,0,0,55.4482
15.15,15.0376,-4.88038,4640.74,4651.24,73.4621,0,0,55.4482
15.1583,15.0396,-4.88478,4641.35,4651.85,73.1943,0,0,55.4482
15.1667,15.0416,-4.88919,4641.96,4652.46,72.9265,0,0,55.4482
15.175,15.0436,-4.89359,4642.57,4653.07,72.6587,0,0,55.4482
15.1833,15.0456,-4.898,4643.17,4653.67,72.3909,0,0,55.4482
15.1917,15.0476,-4.9024,4643.77,4654.27,72.1231,0,0,55.4482
15.2,15.0496,-4.90681,4644.37,4654.87,71.8553,0,0,55.4482
15.2083,15.0515,-4.91121,4644.97,4655.47,71.5875,0,0,55.4482
15.2167,15.0535,-4.91562,4645.57,4656.07,71.3197,0,0,55.4482
15.225,15.0555,-4.92003,4646.16,4656.66,71.0519,0,0,55.4482
15.2333,15.0574,-4.92444,4646.75,4657.25,70.7842,0,0,55.4482
15.2417,15.0593,-4.92884,4647.34,4657.84,70.5164,0,0,55.4482
15.25,15.0613,-4.93325,4647.93,4658.43,70.2486,0,0,55.4482
15.2583,15.0632,-4.93766,4648.51,4659.01,69.9808,0,0,55.4482
15.2667,15.0651,-4.94207,4649.09,4659.59,69.713,0,0,55.4482
15.275,15.0671,-4.94649,4649.67,4660.17,69.4452,0,0,55.4482
15.2833,15.069,-4.9509,4650.25,4660.75,69.1774,0,0,55.4482
15.2917,15.0709,-4.95531,4650.82,4661.32,68.9096,0,0,55.4482
15.3,15.0728,-4.95972,4651.4,4661.9,68.6418,0,0,55.4482
15.3083,15.0746,-4.96414,4651.97,4662.47,68.374,0,0,55.4482
15.3167,15.0765,-4.96855,4652.54,4663.04,68.1062,0,0,55.4482
15.325,15.0784,-4.97296,4653.1,4663.6,67.8384,0,0,55.4482
15.3333,15.0803,-4.97738,4653.67,4664.17,67.5706,0,0,55.4482
15.3417,15.0821,-4.98179,4654.23,4664.73,67.3028,0,0,55.4482
15.35,15.084,-4.98621,4654.79,4665.29,67.035,0,0,55.4482
15.3583,15.0858,-4.99063,4655.35,4665.85,66.7672,0,0,55.4482
15.3667,15.0876,-4.99504,4655.9,4666.4,66.4994,0,0,55.4482
15.375,15.0895,-4.99946,4656.46,4666.96,66.2316,0,0,55.4482
15.3833,15.0913,-5.00388,4657.01,4667.51,65.9638,0,0,55.4482
15.3917,15.0931,-5.0083,4657.55,4668.05,65.696,0,0,55.4482
15.4,15.0949,-5.01272,4658.1,4668.6,65.4282,0,0,55.4482
15.4083,15.0967,-5.01714,4658.65,4669.15,65.1604,0,0,55.4482
15.4167,15.0985,-5.02156,4659.19,4669.69,64.8926,0,0,55.4482
15.425,15.1003,-5.02598,4659.73,4670.23,64.6248,0,0,55.4482
15.4333,15.1021,-5.0304,4660.26,4670.76,64.357,0,0,55.4482
15.4417,15.1039,-5.03482,4660.8,4671.3,64.0892,0,0,55.4482
15.45,15.1056,-5.03924,4661.33,4671.83,63.8214,0,0,55.4482
15.4583,15.1074,-5.04367,4661.86,4672.36,63.5536,0,0,55.4482
15.4667,15.1091,-5.04809,4662.39,4672.89,63.2858,0,0,55.4482
15.475,15.1109,-5.05251,4662.92,4673.42,63.018,0,0,55.4482
15.4833,15.1126,-5.05694,4663.44,4673.94,62.7502,0,0,55.4482
15.4917,15.1143,-5.06136,4663.96,4674.46,62.4824,0,0,55.4482
15.5,15.1161,-5.06579,4664.48,4674.98,62.2146,0,0,55.4482
15.5083,15.1178,-5.07021,4665,4675.5,61.9468,0,0,55.4482
15.5167,15.1195,-5.07464,4665.52,4676.02,61.679,0,0,55.4482
15.525,15.1212,-5.07907,4666.03,4676.53,61.4112,0,0,55.4482
15.5333,15.1229,-5.08349,4666.54,4677.04,61.1435,0,0,55.4482
15.5417,15.1246,-5.08792,4667.05,4677.55,60.8757,0,0,55.4482
15.55,15.1262,-5.09235,4667.55,4678.05,60.6079,0,0,55.4482
15.5583,15.1279,-5.09678,4668.06,4678.56,60.3401,0,0,55.4482
15.5667,15.1296,-5.10121,4668.56,4679.06,60.0723,0,0,55.4482
15.575,15.1312,-5.10564,4669.06,4679.56,59.8045,0,0,55.4482
15.5833,15.1329,-5.11007,4669.56,4680.06,59.5367,0,0,55.4482
15.5917,15.1345,-5.1145,4670.05,4680.55,59.2689,0,0,55.4482
15.6,15.1361,-5.11893,4670.54,4681.04,59.0011,0,0,55.4482
15.6083,15.1378,-5.12336,4671.03,4681.53,58.7333,0,0,55.4482
15.6167,15.1394,-5.12779,4671.52,4682.02,58.4655,0,0,55.4482
15.625,15.141,-5.13223,4672.01,4682.51,58.1977,0,0,55.4482
15.6333,15.1426,-5.13666,4672.49,4682.99,57.9299,0,0,55.4482
15.6417,15.1442,-5.14109,4672.97,4683.47,57.6621,0,0,55.4482
15.65,15.1458,-5.14553,4673.45,4683.95,57.3943,0,0,55.4482
15.6583,15.1474,-5.14996,4673.93,4684.43,57.1265,0,0,55.4482
15.6667,15.149,-5.1544,4674.41,4684.91,56.8587,0,0,55.4482
15.675,15.1505,-5.15883,4674.88,4685.38,56.5909,0,0,55.4482
15.6833,15.1521,-5.16327,4675.35,4685.85,56.3231,0,0,55.4482
15.6917,15.1537,-5.1677,4675.82,4686.32,56.0553,0,0,55.4482
15.7,15.1552,-5.17214,4676.28,4686.78,55.7875,0,0,55.4482
15.7083,15.1567,-5.17658,4676.75,4687.25,55.5197,0,0,55.4482
15.7167,15.1583,-5.18101,4677.21,4687.71,55.2519,0,0,55.4482
15.725,15.1598,-5.18545,4677.67,4688.17,54.9841,0,0,55.4482
15.7333,15.1613,-5.18989,4678.13,4688.63,54.7163,0,0,55.4482
15.7417,15.1628,-5.19433,4678.58,4689.08,54.4485,0,0,55.4482
15.75,15.1643,-5.19877,4679.03,4689.53,54.1807,0,0,55.4482
15.7583,15.1658,-5.20321,4679.48,4689.98,53.9129,0,0,55.4482
15.7667,15.1673,-5.20765,4679.93,4690.43,53.6452,0,0,55.4482
15.775,15.1688,-5.21209,4680.38,4690.88,53.3774,0,0,55.4482
15.7833,15.1703,-5.21653,4680.82,4691.32,53.1096,0,0,55.4482
15.7917,15.1718,-5.22097,4681.26,4691.76,52.8418,0,0,55.4482
15.8,15.1732,-5.22542,4681.7,4692.2,52.574,0,0,55.4482
15.8083,15.1747,-5.22986,4682.14,4692.64,52.3062,0,0,55.4482
15.8167,15.1761,-5.2343,4682.57,4693.07,52.0384,0,0,55.4482
15.825,15.1776,-5.23874,4683.01,4693.51,51.7706,0,0,55.4482
15.8333,15.179,-5.24319,4683.44,4693.94,51.5028,0,0,55.4482
15.8417,15.1804,-5.24763,4683.86,4694.36,51.235,0,0,55.4482
15.85,15.1819,-5.25208,4684.29,4694.79,50.9672,0,0,55.4482
15.8583,15.1833,-5.25652,4684.71,4695.21,50.6994,0,0,55.4482
15.8667,15.1847,-5.26097,4685.14,4695.64,50.4316,0,0,55.4482
15.875,15.1861,-5.26541,4685.55,4696.05,50.1638,0,0,55.4482
15.8833,15.1875,-5.26986,4685.97,4696.47,49.896,0,0,55.4482
15.8917,15.1888,-5.2743,4686.39,4696.89,49.6282,0,0,55.4482
15.9,15.1902,-5.27875,4686.8,4697.3,49.3604,0,0,55.4482
15.9083,15.1916,-5.2832,4687.21,4697.71,49.0926,0,0,55.4482
15.9167,15.193,-5.28765,4687.62,4698.12,48.8248,0,0,55.4482
15.925,15.1943,-5.29209,4688.02,4698.52,48.557,0,0,55.4482
15.9333,15.1957,-5.29654,4688.43,4698.93,48.2892,0,0,55.4482
15.9417,15.197,-5.30099,4688.83,4699.33,48.0214,0,0,55.4482
15.95,15.1983,-5.30544,4689.23,4699.73,47.7536,0,0,55.4482
15.9583,15.1997,-5.30989,4689.62,4700.12,47.4858,0,0,55.4482
15.9667,15.201,-5.31434,4690.02,4700.52,47.2181,0,0,55.4482
15.975,15.2023,-5.31879,4690.41,4700.91,46.9503,0,0,55.4482
15.9833,15.2036,-5.32324,4690.8,4701.3,46.6825,0,0,55.4482
15.9917,15.2049,-5.32769,4691.19,4701.69,46.4147,0,0,55.4482
16,15.2062,-5.33214,4691.57,4702.07,46.1469,0,0,55.4482
16.0083,15.2075,-5.3366,4691.96,4702.46,45.8791,0,0,55.4482
16.0167,15.2087,-5.34105,4692.34,4702.84,45.6113,0,0,55.4482
16.025,15.21,-5.3455,4692.72,4703.22,45.3435,0,0,55.4482
16.0333,15.2113,-5.34995,4693.09,4703.59,45.0757,0,0,55.4482
16.0417,15.2125,-5.35441,4693.47,4703.97,44.8079,0,0,55.4482
16.05,15.2138,-5.35886,4693.84,4704.34,44.5401,0,0,55.4482
16.0583,15.215,-5.36332,4694.21,4704.71,44.2723,0,0,55.4482
16.0667,15.2162,-5.36777,4694.58,4705.08,44.0045,0,0,55.4482
16.075,15.2175,-5.37223,4694.94,4705.44,43.7367,0,0,55.4482
16.0833,15.2187,-5.37668,4695.31,4705.81,43.4689,0,0,55.4482
16.0917,15.2199,-5.38114,4695.67,4706.17,43.2011,0,0,55.4482
16.1,15.2211,-5.38559,4696.03,4706.53,42.9333,0,0,55.4482
16.1083,15.2223,-5.39005,4696.38,4706.88,42.6655,0,0,55.4482
16.1167,15.2235,-5.3945,4696.74,4707.24,42.3977,0,0,55.4482
16.125,15.2247,-5.39896,4697.09,4707.59,42.1299,0,0,55.4482
16.1333,15.2258,-5.40342,4697.44,4707.94,41.8621,0,0,55.4482
16.1417,15.227,-5.40788,4697.79,4708.29,41.5943,0,0,55.4482
16.15,15.2282,-5.41233,4698.13,4708.63,41.3266,0,0,55.4482
16.1583,15.2293,-5.41679,4698.48,4708.98,41.0588,0,0,55.4482
16.1667,15.2305,-5.42125,4698.82,4709.32,40.791,0,0,55.4482
16.175,15.2316,-5.42571,4699.16,4709.66,40.5232,0,0,55.4482
16.1833,15.2327,-5.43017,4699.49,4709.99,40.2554,0,0,55.4482
16.1917,15.2339,-5.43463,4699.83,4710.33,39.9876,0,0,55.4482
16.2,15.235,-5.43909,4700.16,4710.66,39.7198,0,0,55.4482
16.2083,15.2361,-5.44355,4700.49,4710.99,39.452,0,0,55.4482
16.2167,15.2372,-5.44801,4700.82,4711.32,39.1842,0,0,55.4482
16.225,15.2383,-5.45247,4701.14,4711.64,38.9164,0,0,55.4482
16.2333,15.2394,-5.45693,4701.47,4711.97,38.6486,0,0,55.4482
16.2417,15.2405,-5.46139,4701.79,4712.29,38.3808,0,0,55.4482
16.25,15.2415,-5.46585,4702.11,4712.61,38.113,0,0,55.4482
16.2583,15.2426,-5.47032,4702.42,4712.92,37.8452,0,0,55.4482
16.2667,15.2437,-5.47478,4702.74,4713.24,37.5774,0,0,55.4482
16.275,15.2447,-5.47924,4703.05,4713.55,37.3096,0,0,55.4482
16.2833,15.2458,-5.4837,4703.36,4713.86,37.0418,0,0,55.4482
16.2917,15.2468,-5.48817,4703.67,4714.17,36.774,0,0,55.4482
16.3,15.2478,-5.49263,4703.97,4714.47,36.5062,0,0,55.4482
16.3083,15.2489,-5.49709,4704.27,4714.77,36.2384,0,0,55.4482
16.3167,15.2499,-5.50156,4704.58,4715.08,35.9707,0,0,55.4482
16.325,15.2509,-5.50602,4704.87,4715.37,35.7029,0,0,55.4482
16.3333,15.2519,-5.51049,4705.17,4715.67,35.4351,0,0,55.4482
16.3417,15.2529,-5.51495,4705.46,4715.96,35.1673,0,0,55.4482
16.35,15.2539,-5.51942,4705.76,4716.26,34.8995,0,0,55.4482
16.3583,15.2548,-5.52388,4706.05,4716.55,34.6317,0,0,55.4482
16.3667,15.2558,-5.52835,4706.33,4716.83,34.3639,0,0,55.4482
16.375,15.2568,-5.53282,4706.62,4717.12,34.0961,0,0,55.4482
16.3833,15.2577,-5.53728,4706.9,4717.4,33.8283,0,0,55.4482
16.3917,15.2587,-5.54175,4707.18,4717.68,33.5605,0,0,55.4482
16.4,15.2596,-5.54622,4707.46,4717.96,33.2927,0,0,55.4482
16.4083,15.2606,-5.55068,4707.74,4718.24,33.0249,0,0,55.4482
16.4167,15.2615,-5.55515,4708.01,4718.51,32.7571,0,0,55.4482
16.425,15.2624,-5.55962,4708.28,4718.78,32.4893,0,0,55.4482
16.4333,15.2633,-5.56409,4708.55,4719.05,32.2215,0,0,55.4482
16.4417,15.2643,-5.56855,4708.82,4719.32,31.9537,0,0,55.4482
16.45,15.2652,-5.57302,4709.09,4719.59,31.6859,0,0,55.4482
16.4583,15.2661,-5.57749,4709.35,4719.85,31.4181,0,0,55.4482
16.4667,15.2669,-5.58196,4709.61,4720.11,31.1503,0,0,55.4482
16.475,15.2678,-5.58643,4709.87,4720.37,30.8826,0,0,55.4482
16.4833,15.2687,-5.5909,4710.12,4720.62,30.6148,0,0,55.4482
16.4917,15.2696,-5.59537,4710.38,4720.88,30.347,0,0,55.4482
16.5,15.2704,-5.59984,4710.63,4721.13,30.0792,0,0,55.4482
16.5083,15.2713,-5.60431,4710.88,4721.38,29.8114,0,0,55.4482
16.5167,15.2721,-5.60878,4711.13,4721.63,29.5436,0,0,55.4482
16.525,15.273,-5.61325,4711.37,4721.87,29.2758,0,0,55.4482
16.5333,15.2738,-5.61772,4711.62,4722.12,29.008,0,0,55.4482
16.5417,15.2746,-5.62219,4711.86,4722.36,28.7402,0,0,55.4482
16.55,15.2754,-5.62666,4712.09,4722.59,28.4724,0,0,55.4482
16.5583,15.2762,-5.63114,4712.33,4722.83,28.2046,0,0,55.4482
16.5667,15.277,-5.63561,4712.56,4723.06,27.9368,0,0,55.4482
16.575,15.2778,-5.64008,4712.8,4723.3,27.669,0,0,55.4482
16.5833,15.2786,-5.64455,4713.03,4723.53,27.4012,0,0,55.4482
16.5917,15.2794,-5.64902,4713.25,4723.75,27.1334,0,0,55.4482
16.6,15.2802,-5.6535,4713.48,4723.98,26.8656,0,0,55.4482
16.6083,15.2809,-5.65797,4713.7,4724.2,26.5978,0,0,55.4482
16.6167,15.2817,-5.66244,4713.92,4724.42,26.33,0,0,55.4482
16.625,15.2824,-5.66692,4714.14,4724.64,26.0623,0,0,55.4482
16.6333,15.2832,-5.67139,4714.36,4724.86,25.7945,0,0,55.4482
16.6417,15.2839,-5.67586,4714.57,4725.07,25.5267,0,0,55.4482
16.65,15.2846,-5.68034,4714.78,4725.28,25.2589,0,0,55.4482
16.6583,15.2854,-5.68481,4714.99,4725.49,24.9911,0,0,55.4482
16.6667,15.2861,-5.68929,4715.2,4725.7,24.7233,0,0,55.4482
16.675,15.2868,-5.69376,4715.4,4725.9,24.4555,0,0,55.4482
16.6833,15.2875,-5.69824,4715.6,4726.1,24.1877,0,0,55.4482
16.6917,15.2882,-5.70271,4715.81,4726.31,23.9199,0,0,55.4482
16.7,15.2889,-5.70719,4716,4726.5,23.6521,0,0,55.4482
16.7083,15.2895,-5.71166,4716.2,4726.7,23.3843,0,0,55.4482
16.7167,15.2902,-5.71614,4716.39,4726.89,23.1165,0,0,55.4482
16.725,15.2909,-5.72061,4716.58,4727.08,22.8487,0,0,55.4482
16.7333,15.2915,-5.72509,4716.77,4727.27,22.5809,0,0,55.4482
16.7417,15.2922,-5.72957,4716.96,4727.46,22.3131,0,0,55.4482
16.75,15.2928,-5.73404,4717.15,4727.65,22.0453,0,0,55.4482
16.7583,15.2935,-5.73852,4717.33,4727.83,21.7775,0,0,55.4482
16.7667,15.2941,-5.743,4717.51,4728.01,21.5097,0,0,55.4482
16.775,15.2947,-5.74747,4717.69,4728.19,21.242,0,0,55.4482
16.7833,15.2953,-5.75195,4717.86,4728.36,20.9742,0,0,55.4482
16.7917,15.2959,-5.75643,4718.04,4728.54,20.7064,0,0,55.4482
16.8,15.2965,-5.7609,4718.21,4728.71,20.4386,0,0,55.4482
16.8083,15.2971,-5.76538,4718.38,4728.88,20.1708,0,0,55.4482
16.8167,15.2977,-5.76986,4718.54,4729.04,19.903,0,0,55.4482
16.825,15.2983,-5.77434,4718.71,4729.21,19.6352,0,0,55.4482
16.8333,15.2989,-5.77881,4718.87,4729.37,19.3674,0,0,55.4482
16.8417,15.2994,-5.78329,4719.03,4729.53,19.0996,0,0,55.4482
16.85,15.3,-5.78777,4719.19,4729.69,18.8318,0,0,55.4482
16.8583,15.3005,-5.79225,4719.35,4729.85,18.564,0,0,55.4482
16.8667,15.3011,-5.79673,4719.5,4730,18.2962,0,0,55.4482
16.875,15.3016,-5.80121,4719.65,4730.15,18.0284,0,0,55.4482
16.8833,15.3021,-5.80569,4719.8,4730.3,17.7606,0,0,55.4482
16.8917,15.3027,-5.81016,4719.95,4730.45,17.4928,0,0,55.4482
16.9,15.3032,-5.81464,4720.09,4730.59,17.225,0,0,55.4482
16.9083,15.3037,-5.81912,4720.23,4730.73,16.9572,0,0,55.4482
16.9167,15.3042,-5.8236,4720.37,4730.87,16.6895,0,0,55.4482
16.925,15.3047,-5.82808,4720.51,4731.01,16.4217,0,0,55.4482
16.9333,15.3052,-5.83256,4720.65,4731.15,16.1539,0,0,55.4482
16.9417,15.3056,-5.83704,4720.78,4731.28,15.8861,0,0,55.4482
16.95,15.3061,-5.84152,4720.91,4731.41,15.6183,0,0,55.4482
16.9583,15.3066,-5.846,4721.04,4731.54,15.3505,0,0,55.4482
16.9667,15.307,-5.85048,4721.17,4731.67,15.0827,0,0,55.4482
16.975,15.3075,-5.85496,4721.29,4731.79,14.8149,0,0,55.4482
16.9833,15.3079,-5.85944,4721.41,4731.91,14.5471,0,0,55.4482
16.9917,15.3084,-5.86392,4721.54,4732.04,14.2793,0,0,55.4482
17,15.3088,-5.8684,4721.65,4732.15,14.0115,0,0,55.4482
17.0083,15.3092,-5.87289,4721.77,4732.27,13.7437,0,0,55.4482
17.0167,15.3096,-5.87737,4721.88,4732.38,13.4759,0,0,55.4482
17.025,15.31,-5.88185,4721.99,4732.49,13.2081,0,0,55.4482
17.0333,15.3104,-5.88633,4722.1,4732.6,12.9403,0,0,55.4482
17.0417,15.3108,-5.89081,4722.21,4732.71,12.6725,0,0,55.4482
17.05,15.3112,-5.89529,4722.31,4732.81,12.4047,0,0,55.4482
17.0583,15.3116,-5.89977,4722.42,4732.92,12.137,0,0,55.4482
17.0667,15.3119,-5.90425,4722.52,4733.02,11.8692,0,0,55.4482
17.075,15.3123,-5.90874,4722.61,4733.11,11.6014,0,0,55.4482
17.0833,15.3127,-5.91322,4722.71,4733.21,11.3336,0,0,55.4482
17.0917,15.313,-5.9177,4722.8,4733.3,11.0658,0,0,55.4482
17.1,15.3134,-5.92218,4722.89,4733.39,10.798,0,0,55.4482
17.1083,15.3137,-5.92666,4722.98,4733.48,10.5302,0,0,55.4482
17.1167,15.314,-5.93115,4723.07,4733.57,10.2624,0,0,55.4482
17.125,15.3143,-5.93563,4723.15,4733.65,9.9946,0,0,55.4482
17.1333,15.3146,-5.94011,4723.24,4733.74,9.72681,0,0,55.4482
17.1417,15.3149,-5.94459,4723.32,4733.82,9.45901,0,0,55.4482
17.15,15.3152,-5.94907,4723.39,4733.89,9.19122,0,0,55.4482
17.1583,15.3155,-5.95356,4723.47,4733.97,8.92343,0,0,55.4482
17.1667,15.3158,-5.95804,4723.54,4734.04,8.65563,0,0,55.4482
17.175,15.3161,-5.96252,4723.61,4734.11,8.38784,0,0,55.4482
17.1833,15.3164,-5.967,4723.68,4734.18,8.12004,0,0,55.4482
17.1917,15.3166,-5.97149,4723.75,4734.25,7.85225,0,0,55.4482
17.2,15.3169,-5.97597,4723.81,4734.31,7.58446,0,0,55.4482
17.2083,15.3171,-5.98045,4723.87,4734.37,7.31666,0,0,55.4482
17.2167,15.3174,-5.98494,4723.93,4734.43,7.04887,0,0,55.4482
17.225,15.3176,-5.98942,4723.99,4734.49,6.78107,0,0,55.4482
17.2333,15.3178,-5.9939,4724.05,4734.55,6.51328,0,0,55.4482
17.2417,15.318,-5.99839,4724.1,4734.6,6.24549,0,0,55.4482
17.25,15.3183,-6.00287,4724.15,4734.65,5.97769,0,0,55.4482
17.2583,15.3185,-6.00735,4724.2,4734.7,5.7099,0,0,55.4482
17.2667,15.3187,-6.01183,4724.25,4734.75,5.4421,0,0,55.4482
17.275,15.3189,-6.01632,4724.29,4734.79,5.17431,0,0,55.4482
17.2833,15.319,-6.0208,4724.33,4734.83,4.90652,0,0,55.4482
17.2917,15.3192,-6.02528,4724.37,4734.87,4.63872,0,0,55.4482
17.3,15.3194,-6.02977,4724.41,4734.91,4.37093,0,0,55.4482
17.3083,15.3195,-6.03425,4724.45,4734.95,4.10313,0,0,55.4482
17.3167,15.3197,-6.03873,4724.48,4734.98,3.83534,0,0,55.4482
17.325,15.3198,-6.04322,4724.51,4735.01,3.56755,0,0,55.4482
17.3333,15.32,-6.0477,4724.54,4735.04,3.29975,0,0,55.4482
17.3417,15.3201,-6.05219,4724.56,4735.06,3.03196,0,0,55.4482
17.35,15.3202,-6.05667,4724.59,4735.09,2.76416,0,0,55.4482
17.3583,15.3204,-6.06115,4724.61,4735.11,2.49637,0,0,55.4482
17.3667,15.3205,-6.06564,4724.63,4735.13,2.22858,0,0,55.4482
17.375,15.3206,-6.07012,4724.65,4735.15,1.96078,0,0,55.4482
17.3833,15.3207,-6.0746,4724.66,4735.16,1.69299,0,0,55.4482
17.3917,15.3208,-6.07909,4724.68,4735.18,1.4252,0,0,55.4482
17.4,15.3208,-6.08357,4724.69,4735.19,1.1574,0,0,55.4482
17.4083,15.3209,-6.08805,4724.7,4735.2,0.889607,0,0,55.4482
17.4167,15.321,-6.09254,4724.7,4735.2,0.621813,0,0,55.4482
17.425,15.321,-6.09702,4724.71,4735.21,0.35402,0,0,55.4482
17.4333,15.3211,-6.10151,4724.71,4735.21,0.0862256,0,0,55.4482
17.4417,15.3211,-6.10599,4724.71,4735.21,-0.181568,0,0,55.4482
17.45,15.3212,-6.11047,4724.7,4735.2,-0.449362,0,0,55.4482
17.4583,15.3212,-6.11496,4724.7,4735.2,-0.717156,0,0,55.4482
17.4667,15.3212,-6.11944,4724.69,4735.19,-0.98495,0,0,55.4482
17.475,15.3213,-6.12392,4724.68,4735.18,-1.25274,0,0,55.4482
17.4833,15.3213,-6.12841,4724.67,4735.17,-1.52054,0,0,55.4482
17.4917,15.3213,-6.13289,4724.66,4735.16,-1.78833,0,0,55.4482
17.5,15.3213,-6.13738,4724.64,4735.14,-2.05613,0,0,55.4482
17.5083,15.3213,-6.14186,4724.62,4735.12,-2.32392,0,0,55.4482
17.5167,15.3212,-6.14634,4724.6,4735.1,-2.59171,0,0,55.4482
17.525,15.3212,-6.15083,4724.58,4735.08,-2.85951,0,0,55.4482
17.5333,15.3212,-6.15531,4724.56,4735.06,-3.1273,0,0,55.4482
17.5417,15.3211,-6.15979,4724.53,4735.03,-3.3951,0,0,55.4482
17.55,15.3211,-6.16428,4724.5,4735,-3.66289,0,0,55.4482
17.5583,15.321,-6.16876,4724.47,4734.97,-3.93068,0,0,55.4482
17.5667,15.321,-6.17324,4724.43,4734.93,-4.19848,0,0,55.4482
17.575,15.3209,-6.17773,4724.4,4734.9,-4.46627,0,0,55.4482
17.5833,15.3208,-6.18221,4724.36,4734.86,-4.73406,0,0,55.4482
17.5917,15.3207,-6.18669,4724.32,4734.82,-5.00186,0,0,55.4482
17.6,15.3207,-6.19118,4724.28,4734.78,-5.26965,0,0,55.4482
17.6083,15.3206,-6.19566,4724.23,4734.73,-5.53745,0,0,55.4482
17.6167,15.3205,-6.20014,4724.18,4734.68,-5.80524,0,0,55.4482
17.625,15.3203,-6.20463,4724.13,4734.63,-6.07303,0,0,55.4482
17.6333,15.3202,-6.20911,4724.08,4734.58,-6.34083,0,0,55.4482
17.6417,15.3201,-6.21359,4724.03,4734.53,-6.60862,0,0,55.4482
17.65,15.32,-6.21808,4723.97,4734.47,-6.87642,0,0,55.4482
17.6583,15.3198,-6.22256,4723.91,4734.41,-7.14421,0,0,55.4482
17.6667,15.3197,-6.22704,4723.85,4734.35,-7.412,0,0,55.4482
17.675,15.3195,-6.23152,4723.79,4734.29,-7.6798,0,0,55.4482
17.6833,15.3194,-6.23601,4723.72,4734.22,-7.94759,0,0,55.4482
17.6917,15.3192,-6.24049,4723.66,4734.16,-8.21539,0,0,55.4482
17.7,15.319,-6.24497,4723.59,4734.09,-8.48318,0,0,55.4482
17.7083,15.3188,-6.24946,4723.52,4734.02,-8.75097,0,0,55.4482
17.7167,15.3186,-6.25394,4723.44,4733.94,-9.01877,0,0,55.4482
17.725,15.3184,-6.25842,4723.37,4733.87,-9.28656,0,0,55.4482
17.7333,15.3182,-6.2629,4723.29,4733.79,-9.55436,0,0,55.4482
17.7417,15.318,-6.26739,4723.21,4733.71,-9.82215,0,0,55.4482
17.75,15.3178,-6.27187,4723.12,4733.62,-10.0899,0,0,55.4482
17.7583,15.3176,-6.27635,4723.04,4733.54,-10.3577,0,0,55.4482
17.7667,15.3173,-6.28083,4722.95,4733.45,-10.6255,0,0,55.4482
17.775,15.3171,-6.28531,4722.86,4733.36,-10.8933,0,0,55.4482
17.7833,15.3169,-6.2898,4722.77,4733.27,-11.1611,0,0,55.4482
17.7917,15.3166,-6.29428,4722.68,4733.18,-11.4289,0,0,55.4482
17.8,15.3163,-6.29876,4722.58,4733.08,-11.6967,0,0,55.4482
17.8083,15.3161,-6.30324,4722.48,4732.98,-11.9645,0,0,55.4482
17.8167,15.3158,-6.30772,4722.38,4732.88,-12.2323,0,0,55.4482
17.825,15.3155,-6.3122,4722.28,4732.78,-12.5001,0,0,55.4482
17.8333,15.3152,-6.31668,4722.17,4732.67,-12.7679,0,0,55.4482
17.8417,15.3149,-6.32117,4722.06,4732.56,-13.0357,0,0,55.4482
17.85,15.3146,-6.32565,4721.95,4732.45,-13.3035,0,0,55.4482
17.8583,15.3143,-6.33013,4721.84,4732.34,-13.5713,0,0,55.4482
17.8667,15.314,-6.33461,4721.73,4732.23,-13.8391,0,0,55.4482
17.875,15.3136,-6.33909,4721.61,4732.11,-14.1069,0,0,55.4482
17.8833,15.3133,-6.34357,4721.49,4731.99,-14.3746,0,0,55.4482
17.8917,15.313,-6.34805,4721.37,4731.87,-14.6424,0,0,55.4482
17.9,15.3126,-6.35253,4721.25,4731.75,-14.9102,0,0,55.4482
17.9083,15.3123,-6.35701,4721.12,4731.62,-15.178,0,0,55.4482
17.9167,15.3119,-6.36149,4721,4731.5,-15.4458,0,0,55.4482
17.925,15.3115,-6.36597,4720.87,4731.37,-15.7136,0,0,55.4482
17.9333,15.3112,-6.37045,4720.73,4731.23,-15.9814,0,0,55.4482
17.9417,15.3108,-6.37493,4720.6,4731.1,-16.2492,0,0,55.4482
17.95,15.3104,-6.37941,4720.46,4730.96,-16.517,0,0,55.4482
17.9583,15.31,-6.38389,4720.32,4730.82,-16.7848,0,0,55.4482
17.9667,15.3096,-6.38837,4720.18,4730.68,-17.0526,0,0,55.4482
17.975,15.3092,-6.39285,4720.04,4730.54,-17.3204,0,0,55.4482
17.9833,15.3087,-6.39733,4719.89,4730.39,-17.5882,0,0,55.4482
17.9917,15.3083,-6.40181,4719.75,4730.25,-17.856,0,0,55.4482
18,15.3079,-6.40629,4719.6,4730.1,-18.1238,0,0,55.4482
18.0083,15.3074,-6.41077,4719.44,4729.94,-18.3916,0,0,55.4482
18.0167,15.307,-6.41524,4719.29,4729.79,-18.6593,0,0,55.4482
18.025,15.3065,-6.41972,4719.13,4729.63,-18.9271,0,0,55.4482
18.0333,15.3061,-6.4242,4718.97,4729.47,-19.1949,0,0,55.4482
18.0417,15.3056,-6.42868,4718.81,4729.31,-19.4627,0,0,55.4482
18.05,15.3051,-6.43316,4718.65,4729.15,-19.7305,0,0,55.4482
18.0583,15.3046,-6.43763,4718.48,4728.98,-19.9983,0,0,55.4482
18.0667,15.3041,-6.44211,4718.32,4728.82,-20.2661,1,0,55.4482
18.075,15.3036,-6.44659,4718.15,4728.65,-20.5339,1,0,55.4482
18.0833,15.3031,-6.45107,4717.97,4728.47,-20.784,1,0,55.4482
18.0917,15.3026,-6.45554,4717.8,4728.3,-21.0396,1,0,55.4482
18.1,15.3021,-6.46001,4717.62,4728.12,-21.2948,1,0,55.4482
18.1083,15.3016,-6.46447,4717.45,4727.95,-21.5498,1,0,55.4482
18.1167,15.301,-6.46894,4717.27,4727.77,-21.8044,1,0,55.4482
18.125,15.3005,-6.4734,4717.08,4727.58,-22.0587,1,0,55.4482
18.1333,15.2999,-6.47785,4716.9,4727.4,-22.3127,1,0,55.4482
18.1417,15.2994,-6.48231,4716.71,4727.21,-22.5664,1,0,55.4482
18.15,15.2988,-6.48676,4716.52,4727.02,-22.8198,1,0,55.4482
18.1583,15.2983,-6.49121,4716.33,4726.83,-23.0729,1,0,55.4482
18.1667,15.2977,-6.49565,4716.14,4726.64,-23.3256,1,0,55.4482
18.175,15.2971,-6.5001,4715.94,4726.44,-23.578,1,0,55.4482
18.1833,15.2965,-6.50454,4715.74,4726.24,-23.8301,1,0,55.4482
18.1917,15.2959,-6.50897,4715.54,4726.04,-24.0818,1,0,55.4482
18.2,15.2953,-6.51341,4715.34,4725.84,-24.3332,1,0,55.4482
18.2083,15.2947,-6.51784,4715.14,4725.64,-24.5842,1,0,55.4482
18.2167,15.2941,-6.52226,4714.93,4725.43,-24.835,1,0,55.4482
18.225,15.2935,-6.52669,4714.72,4725.22,-25.0853,1,0,55.4482
18.2333,15.2928,-6.53111,4714.51,4725.01,-25.3353,1,0,55.4482
18.2417,15.2922,-6.53552,4714.3,4724.8,-25.585,1,0,55.4482
18.25,15.2915,-6.53994,4714.09,4724.59,-25.8343,1,0,55.4482
18.2583,15.2909,-6.54435,4713.87,4724.37,-26.0832,1,0,55.4482
18.2667,15.2902,-6.54875,4713.65,4724.15,-26.3318,1,0,55.4482
18.275,15.2896,-6.55315,4713.43,4723.93,-26.58,1,0,55.4482
18.2833,15.2889,-6.55755,4713.21,4723.71,-26.8278,1,0,55.4482
18.2917,15.2882,-6.56195,4712.99,4723.49,-27.0753,1,0,55.4482
18.3,15.2875,-6.56634,4712.76,4723.26,-27.3223,1,0,55.4482
18.3083,15.2869,-6.57073,4712.53,4723.03,-27.569,1,0,55.4482
18.3167,15.2862,-6.57512,4712.3,4722.8,-27.8154,1,0,55.4482
18.325,15.2855,-6.5795,4712.07,4722.57,-28.0613,1,0,55.4482
18.3333,15.2847,-6.58388,4711.83,4722.33,-28.3069,1,0,55.4482
18.3417,15.284,-6.58825,4711.6,4722.1,-28.552,1,0,55.4482
18.35,15.2833,-6.59262,4711.36,4721.86,-28.7968,1,0,55.4482
18.3583,15.2826,-6.59699,4711.12,4721.62,-29.0412,1,0,55.4482
18.3667,15.2818,-6.60135,4710.87,4721.37,-29.2852,1,0,55.4482
18.375,15.2811,-6.60571,4710.63,4721.13,-29.5288,1,0,55.4482
18.3833,15.2804,-6.61007,4710.38,4720.88,-29.772,1,0,55.4482
18.3917,15.2796,-6.61442,4710.13,4720.63,-30.0147,1,0,55.4482
18.4,15.2788,-6.61876,4709.88,4720.38,-30.2571,1,0,55.4482
18.4083,15.2781,-6.62311,4709.63,4720.13,-30.4991,1,0,55.4482
18.4167,15.2773,-6.62745,4709.37,4719.87,-30.7406,1,0,55.4482
18.425,15.2765,-6.63178,4709.11,4719.61,-30.9818,1,0,55.4482
18.4333,15.2757,-6.63612,4708.86,4719.36,-31.2225,1,0,55.4482
18.4417,15.2749,-6.64044,4708.59,4719.09,-31.4628,1,0,55.4482
18.45,15.2741,-6.64477,4708.33,4718.83,-31.7026,1,0,55.4482
18.4583,15.2733,-6.64909,4708.07,4718.57,-31.9421,1,0,55.4482
18.4667,15.2725,-6.6534,4707.8,4718.3,-32.1811,1,0,55.4482
18.475,15.2717,-6.65771,4707.53,4718.03,-32.4197,1,0,55.4482
18.4833,15.2708,-6.66202,4707.26,4717.76,-32.6578,1,0,55.4482
18.4917,15.27,-6.66632,4706.98,4717.48,-32.8956,1,0,55.4482
18.5,15.2692,-6.67062,4706.71,4717.21,-33.1328,1,0,55.4482
18.5083,15.2683,-6.67492,4706.43,4716.93,-33.3697,1,0,55.4482
18.5167,15.2675,-6.67921,4706.15,4716.65,-33.6061,1,0,55.4482
18.525,15.2666,-6.68349,4705.87,4716.37,-33.842,1,0,55.4482
18.5333,15.2657,-6.68777,4705.59,4716.09,-34.0775,1,0,55.4482
18.5417,15.2649,-6.69205,4705.3,4715.8,-34.3126,1,0,55.4482
18.55,15.264,-6.69632,4705.02,4715.52,-34.5472,1,0,55.4482
18.5583,15.2631,-6.70059,4704.73,4715.23,-34.7813,1,0,55.4482
18.5667,15.2622,-6.70486,4704.44,4714.94,-35.015,1,0,55.4482
18.575,15.2613,-6.70911,4704.15,4714.65,-35.2483,1,0,55.4482
18.5833,15.2604,-6.71337,4703.85,4714.35,-35.4811,1,0,55.4482
18.5917,15.2595,-6.71762,4703.55,4714.05,-35.7134,1,0,55.4482
18.6,15.2586,-6.72187,4703.26,4713.76,-35.9452,1,0,55.4482
18.6083,15.2577,-6.72611,4702.95,4713.45,-36.1766,1,0,55.4482
18.6167,15.2567,-6.73034,4702.65,4713.15,-36.4075,1,0,55.4482
18.625,15.2558,-6.73458,4702.35,4712.85,-36.638,1,0,55.4482
18.6333,15.2549,-6.7388,4702.04,4712.54,-36.868,1,0,55.4482
18.6417,15.2539,-6.74303,4701.73,4712.23,-37.0975,1,0,55.4482
18.65,15.253,-6.74725,4701.42,4711.92,-37.3265,1,0,55.4482
18.6583,15.252,-6.75146,4701.11,4711.61,-37.555,1,0,55.4482
18.6667,15.251,-6.75567,4700.8,4711.3,-37.7831,1,0,55.4482
18.675,15.2501,-6.75987,4700.48,4710.98,-38.0107,1,0,55.4482
18.6833,15.2491,-6.76407,4700.16,4710.66,-38.2378,1,0,55.4482
18.6917,15.2481,-6.76827,4699.84,4710.34,-38.4644,1,0,55.4482
18.7,15.2471,-6.77245,4699.52,4710.02,-38.6905,1,0,55.4482
18.7083,15.2461,-6.77664,4699.2,4709.7,-38.9161,1,0,55.4482
18.7167,15.2451,-6.78082,4698.87,4709.37,-39.1413,1,0,55.4482
18.725,15.2441,-6.78499,4698.55,4709.05,-39.3659,1,0,55.4482
18.7333,15.2431,-6.78916,4698.22,4708.72,-39.5901,1,0,55.4482
18.7417,15.2421,-6.79333,4697.89,4708.39,-39.8137,1,0,55.4482
18.75,15.241,-6.79749,4697.55,4708.05,-40.0369,1,0,55.4482
18.7583,15.24,-6.80164,4697.22,4707.72,-40.2595,1,0,55.4482
18.7667,15.239,-6.8058,4696.88,4707.38,-40.4817,1,0,55.4482
18.775,15.2379,-6.80994,4696.55,4707.05,-40.7033,1,0,55.4482
18.7833,15.2369,-6.81408,4696.21,4706.71,-40.9245,1,0,55.4482
18.7917,15.2358,-6.81822,4695.86,4706.36,-41.1451,1,0,55.4482
18.8,15.2347,-6.82235,4695.52,4706.02,-41.3653,1,0,55.4482
18.8083,15.2337,-6.82647,4695.17,4705.67,-41.5849,1,0,55.4482
18.8167,15.2326,-6.83059,4694.83,4705.33,-41.804,1,0,55.4482
18.825,15.2315,-6.8347,4694.48,4704.98,-42.0226,1,0,55.4482
18.8333,15.2304,-6.83881,4694.13,4704.63,-42.2407,1,0,55.4482
18.8417,15.2293,-6.84292,4693.77,4704.27,-42.4582,1,0,55.4482
18.85,15.2282,-6.84702,4693.42,4703.92,-42.6753,1,0,55.4482
18.8583,15.2271,-6.85111,4693.06,4703.56,-42.8918,1,0,55.4482
18.8667,15.226,-6.8552,4692.7,4703.2,-43.1078,1,0,55.4482
18.875,15.2249,-6.85928,4692.34,4702.84,-43.3233,1,0,55.4482
18.8833,15.2238,-6.86336,4691.98,4702.48,-43.5383,1,0,55.4482
18.8917,15.2227,-6.86743,4691.62,4702.12,-43.7527,1,0,55.4482
18.9,15.2215,-6.8715,4691.25,4701.75,-43.9666,1,0,55.4482
18.9083,15.2204,-6.87556,4690.89,4701.39,-44.18,1,0,55.4482
18.9167,15.2192,-6.87962,4690.52,4701.02,-44.3929,1,0,55.4482
18.925,15.2181,-6.88367,4690.15,4700.65,-44.6052,1,0,55.4482
18.9333,15.2169,-6.88771,4689.77,4700.27,-44.817,1,0,55.4482
18.9417,15.2158,-6.89175,4689.4,4699.9,-45.0283,1,0,55.4482
18.95,15.2146,-6.89579,4689.02,4699.52,-45.239,1,0,55.4482
18.9583,15.2134,-6.89982,4688.64,4699.14,-45.4492,1,0,55.4482
18.9667,15.2122,-6.90384,4688.26,4698.76,-45.6589,1,0,55.4482
18.975,15.2111,-6.90786,4687.88,4698.38,-45.868,1,0,55.4482
18.9833,15.2099,-6.91187,4687.5,4698,-46.0766,1,0,55.4482
18.9917,15.2087,-6.91588,4687.12,4697.62,-46.2847,1,0,55.4482
19,15.2075,-6.91988,4686.73,4697.23,-46.4922,1,0,55.4482
19.0083,15.2063,-6.92388,4686.34,4696.84,-46.6992,1,0,55.4482
19.0167,15.205,-6.92787,4685.95,4696.45,-46.9056,1,0,55.4482
19.025,15.2038,-6.93185,4685.56,4696.06,-47.1115,1,0,55.4482
19.0333,15.2026,-6.93583,4685.17,4695.67,-47.3169,1,0,55.4482
19.0417,15.2014,-6.93981,4684.77,4695.27,-47.5217,1,0,55.4482
19.05,15.2001,-6.94377,4684.37,4694.87,-47.7259,1,0,55.4482
19.0583,15.1989,-6.94774,4683.97,4694.47,-47.9296,1,0,55.4482
19.0667,15.1976,-6.95169,4683.57,4694.07,-48.1328,1,0,55.4482
19.075,15.1964,-6.95564,4683.17,4693.67,-48.3354,1,0,55.4482
19.0833,15.1951,-6.95959,4682.77,4693.27,-48.5375,1,0,55.4482
19.0917,15.1939,-6.96353,4682.36,4692.86,-48.739,1,0,55.4482
19.1,15.1926,-6.96746,4681.96,4692.46,-48.94,1,0,55.4482
19.1083,15.1913,-6.97139,4681.55,4692.05,-49.1404,1,0,55.4482
19.1167,15.1901,-6.97531,4681.14,4691.64,-49.3403,1,0,55.4482
19.125,15.1888,-6.97923,4680.73,4691.23,-49.5396,1,0,55.4482
19.1333,15.1875,-6.98314,4680.31,4690.81,-49.7384,1,0,55.4482
19.1417,15.1862,-6.98704,4679.9,4690.4,-49.9366,1,0,55.4482
19.15,15.1849,-6.99094,4679.48,4689.98,-50.1342,1,0,55.4482
19.1583,15.1836,-6.99483,4679.06,4689.56,-50.3313,1,0,55.4482
19.1667,15.1823,-6.99872,4678.64,4689.14,-50.5278,1,0,55.4482
19.175,15.1809,-7.0026,4678.22,4688.72,-50.7238,1,0,55.4482
19.1833,15.1796,-7.00648,4677.8,4688.3,-50.9193,1,0,55.4482
19.1917,15.1783,-7.01035,4677.37,4687.87,-51.1141,1,0,55.4482
19.2,15.177,-7.01421,4676.94,4687.44,-51.3084,1,0,55.4482
19.2083,15.1756,-7.01807,4676.51,4687.01,-51.5022,1,0,55.4482
19.2167,15.1743,-7.02192,4676.08,4686.58,-51.6954,1,0,55.4482
19.225,15.1729,-7.02576,4675.65,4686.15,-51.888,1,0,55.4482
19.2333,15.1716,-7.0296,4675.22,4685.72,-52.0801,1,0,55.4482
19.2417,15.1702,-7.03344,4674.79,4685.29,-52.2716,1,0,55.4482
19.25,15.1688,-7.03726,4674.35,4684.85,-52.4626,1,0,55.4482
19.2583,15.1675,-7.04108,4673.91,4684.41,-52.6529,1,0,55.4482
19.2667,15.1661,-7.0449,4673.47,4683.97,-52.8428,1,0,55.4482
19.275,15.1647,-7.04871,4673.03,4683.53,-53.032,1,0,55.4482
19.2833,15.1633,-7.05251,4672.59,4683.09,-53.2207,1,0,55.4482
19.2917,15.1619,-7.05631,4672.14,4682.64,-53.4089,1,0,55.4482
19.3,15.1606,-7.0601,4671.7,4682.2,-53.5965,1,0,55.4482
19.3083,15.1592,-7.06388,4671.25,4681.75,-53.7835,1,0,55.4482
19.3167,15.1577,-7.06766,4670.8,4681.3,-53.9699,1,0,55.4482
19.325,15.1563,-7.07143,4670.35,4680.85,-54.1558,1,0,55.4482
19.3333,15.1549,-7.0752,4669.9,4680.4,-54.3411,1,0,55.4482
19.3417,15.1535,-7.07896,4669.44,4679.94,-54.5259,1,0,55.4482
19.35,15.1521,-7.08271,4668.99,4679.49,-54.7101,1,0,55.4482
19.3583,15.1506,-7.08646,4668.53,4679.03,-54.8937,1,0,55.4482
19.3667,15.1492,-7.0902,4668.07,4678.57,-55.0768,1,0,55.4482
19.375,15.1478,-7.09394,4667.61,4678.11,-55.2592,1,0,55.4482
19.3833,15.1463,-7.09767,4667.15,4677.65,-55.4412,1,0,55.4482
19.3917,15.1449,-7.10139,4666.69,4677.19,-55.6225,1,0,55.4482
19.4,15.1434,-7.10511,4666.23,4676.73,-55.8033,1,0,55.4482
19.4083,15.142,-7.10882,4665.76,4676.26,-55.9836,1,0,55.4482
19.4167,15.1405,-7.11252,4665.29,4675.79,-56.1632,1,0,55.4482
19.425,15.139,-7.11622,4664.82,4675.32,-56.3423,1,0,55.4482
19.4333,15.1375,-7.11991,4664.35,4674.85,-56.5209,1,0,55.4482
19.4417,15.1361,-7.12359,4663.88,4674.38,-56.6988,1,0,55.4482
19.45,15.1346,-7.12727,4663.41,4673.91,-56.8762,1,0,55.4482
19.4583,15.1331,-7.13094,4662.93,4673.43,-57.0531,1,0,55.4482
19.4667,15.1316,-7.13461,4662.46,4672.96,-57.2293,1,0,55.4482
19.475,15.1301,-7.13827,4661.98,4672.48,-57.405,1,0,55.4482
19.4833,15.1286,-7.14192,4661.5,4672,-57.5802,1,0,55.4482
19.4917,15.1271,-7.14557,4661.02,4671.52,-57.7547,1,0,55.4482
19.5,15.1256,-7.14921,4660.54,4671.04,-57.9288,1,0,55.4482
19.5083,15.124,-7.15285,4660.06,4670.56,-58.1022,1,0,55.4482
19.5167,15.1225,-7.15647,4659.57,4670.07,-58.2751,1,0,55.4482
19.525,15.121,-7.1601,4659.08,4669.58,-58.4474,1,0,55.4482
19.5333,15.1195,-7.16371,4658.6,4669.1,-58.6191,1,0,55.4482
19.5417,15.1179,-7.16732,4658.11,4668.61,-58.7903,1,0,55.4482
19.55,15.1164,-7.17092,4657.62,4668.12,-58.9609,1,0,55.4482
19.5583,15.1148,-7.17452,4657.12,4667.62,-59.131,1,0,55.4482
19.5667,15.1133,-7.17811,4656.63,4667.13,-59.3005,1,0,55.4482
19.575,15.1117,-7.18169,4656.14,4666.64,-59.4694,1,0,55.4482
19.5833,15.1102,-7.18527,4655.64,4666.14,-59.6377,1,0,55.4482
19.5917,15.1086,-7.18884,4655.14,4665.64,-59.8055,1,0,55.4482
19.6,15.107,-7.1924,4654.64,4665.14,-59.9728,1,0,55.4482
19.6083,15.1055,-7.19596,4654.14,4664.64,-60.1394,1,0,55.4482
19.6167,15.1039,-7.19951,4653.64,4664.14,-60.3055,1,0,55.4482
19.625,15.1023,-7.20305,4653.14,4663.64,-60.4711,1,0,55.4482
19.6333,15.1007,-7.20659,4652.63,4663.13,-60.6361,1,0,55.4482
19.6417,15.0991,-7.21012,4652.13,4662.63,-60.8005,1,0,55.4482
19.65,15.0975,-7.21365,4651.62,4662.12,-60.9643,1,0,55.4482
19.6583,15.0959,-7.21717,4651.11,4661.61,-61.1276,1,0,55.4482
19.6667,15.0943,-7.22068,4650.6,4661.1,-61.2904,1,0,55.4482
19.675,15.0927,-7.22418,4650.09,4660.59,-61.4526,1,0,55.4482
19.6833,15.0911,-7.22768,4649.58,4660.08,-61.6142,1,0,55.4482
19.6917,15.0895,-7.23117,4649.06,4659.56,-61.7752,1,0,55.4482
19.7,15.0879,-7.23466,4648.55,4659.05,-61.9357,1,0,55.4482
19.7083,15.0862,-7.23814,4648.03,4658.53,-62.0957,1,0,55.4482
19.7167,15.0846,-7.24161,4647.51,4658.01,-62.2551,1,0,55.4482
19.725,15.083,-7.24508,4646.99,4657.49,-62.4139,1,0,55.4482
19.7333,15.0813,-7.24854,4646.47,4656.97,-62.5722,1,0,55.4482
19.7417,15.0797,-7.25199,4645.95,4656.45,-62.7299,1,0,55.4482
19.75,15.078,-7.25544,4645.43,4655.93,-62.887,1,0,55.4482
19.7583,15.0764,-7.25887,4644.9,4655.4,-63.0436,1,0,55.4482
19.7667,15.0747,-7.26231,4644.38,4654.88,-63.1997,1,0,55.4482
19.775,15.0731,-7.26573,4643.85,4654.35,-63.3552,1,0,55.4482
19.7833,15.0714,-7.26915,4643.32,4653.82,-63.5101,1,0,55.4482
19.7917,15.0697,-7.27257,4642.79,4653.29,-63.6645,1,0,55.4482
19.8,15.068,-7.27597,4642.26,4652.76,-63.8183,1,0,55.4482
19.8083,15.0664,-7.27937,4641.73,4652.23,-63.9716,1,0,55.4482
19.8167,15.0647,-7.28277,4641.19,4651.69,-64.1244,1,0,55.4482
19.825,15.063,-7.28615,4640.66,4651.16,-64.2765,1,0,55.4482
19.8333,15.0613,-7.28954,4640.12,4650.62,-64.4282,1,0,55.4482
19.8417,15.0596,-7.29291,4639.58,4650.08,-64.5793,1,0,55.4482
19.85,15.0579,-7.29628,4639.05,4649.55,-64.7298,1,0,55.4482
19.8583,15.0562,-7.29964,4638.51,4649.01,-64.8798,1,0,55.4482
19.8667,15.0545,-7.30299,4637.96,4648.46,-65.0292,1,0,55.4482
19.875,15.0528,-7.30634,4637.42,4647.92,-65.1781,1,0,55.4482
19.8833,15.0511,-7.30968,4636.88,4647.38,-65.3265,1,0,55.4482
19.8917,15.0494,-7.31301,4636.33,4646.83,-65.4743,1,0,55.4482
19.9,15.0476,-7.31634,4635.79,4646.29,-65.6215,1,0,55.4482
19.9083,15.0459,-7.31966,4635.24,4645.74,-65.7683,1,0,55.4482
19.9167,15.0442,-7.32297,4634.69,4645.19,-65.9144,1,0,55.4482
19.925,15.0424,-7.32628,4634.14,4644.64,-66.0601,1,0,55.4482
19.9333,15.0407,-7.32958,4633.59,4644.09,-66.2052,1,0,55.4482
19.9417,15.039,-7.33287,4633.04,4643.54,-66.3497,1,0,55.4482
19.95,15.0372,-7.33616,4632.48,4642.98,-66.4937,1,0,55.4482
19.9583,15.0355,-7.33944,4631.93,4642.43,-66.6372,1,0,55.4482
19.9667,15.0337,-7.34272,4631.37,4641.87,-66.7801,1,0,55.4482
19.975,15.0319,-7.34598,4630.82,4641.32,-66.9226,1,0,55.4482
19.9833,15.0302,-7.34924,4630.26,4640.76,-67.0644,1,0,55.4482
19.9917,15.0284,-7.3525,4629.7,4640.2,-67.2057,1,0,55.4482
20,15.0266,-7.35575,4629.14,4639.64,-67.3465,1,0,55.4482
20.0083,15.0249,-7.35899,4628.58,4639.08,-67.4868,1,0,55.4482
20.0167,15.0231,-7.36222,4628.01,4638.51,-67.6265,1,0,55.4482
20.025,15.0213,-7.36545,4627.45,4637.95,-67.7657,1,0,55.4482
20.0333,15.0195,-7.36867,4626.88,4637.38,-67.9044,1,0,55.4482
20.0417,15.0177,-7.37188,4626.32,4636.82,-68.0426,1,0,55.4482
20.05,15.0159,-7.37509,4625.75,4636.25,-68.1802,1,0,55.4482
20.0583,15.0141,-7.37829,4625.18,4635.68,-68.3172,1,0,55.4482
20.0667,15.0123,-7.38148,4624.61,4635.11,-68.4538,1,0,55.4482
20.075,15.0105,-7.38467,4624.04,4634.54,-68.5898,1,0,55.4482
20.0833,15.0087,-7.38785,4623.47,4633.97,-68.7253,1,0,55.4482
20.0917,15.0069,-7.39103,4622.89,4633.39,-68.8603,1,0,55.4482
20.1,15.0051,-7.39419,4622.32,4632.82,-68.9948,1,0,55.4482
20.1083,15.0033,-7.39735,4621.74,4632.24,-69.1287,1,0,55.4482
20.1167,15.0015,-7.40051,4621.17,4631.67,-69.2621,1,0,55.4482
20.125,14.9996,-7.40365,4620.59,4631.09,-69.395,1,0,55.4482
20.1333,14.9978,-7.40679,4620.01,4630.51,-69.5274,1,0,55.4482
20.1417,14.996,-7.40993,4619.43,4629.93,-69.6593,1,0,55.4482
20.15,14.9941,-7.41306,4618.85,4629.35,-69.7906,1,0,55.4482
20.1583,14.9923,-7.41618,4618.27,4628.77,-69.9214,1,0,55.4482
20.1667,14.9904,-7.41929,4617.68,4628.18,-70.0517,1,0,55.4482
20.175,14.9886,-7.4224,4617.1,4627.6,-70.1815,1,0,55.4482
20.1833,14.9867,-7.4255,4616.51,4627.01,-70.3108,1,0,55.4482
20.1917,14.9849,-7.42859,4615.93,4626.43,-70.4396,1,0,55.4482
20.2,14.983,-7.43168,4615.34,4625.84,-70.5679,1,0,55.4482
20.2083,14.9812,-7.43476,4614.75,4625.25,-70.6956,1,0,55.4482
20.2167,14.9793,-7.43783,4614.16,4624.66,-70.8229,1,0,55.4482
20.225,14.9774,-7.4409,4613.57,4624.07,-70.9496,1,0,55.4482
20.2333,14.9756,-7.44396,4612.98,4623.48,-71.0758,1,0,55.4482
20.2417,14.9737,-7.44701,4612.39,4622.89,-71.2015,1,0,55.4482
20.25,14.9718,-7.45006,4611.79,4622.29,-71.3268,1,0,55.4482
20.2583,14.9699,-7.4531,4611.2,4621.7,-71.4515,1,0,55.4482
20.2667,14.968,-7.45613,4610.6,4621.1,-71.5757,1,0,55.4482
20.275,14.9661,-7.45916,4610.01,4620.51,-71.6994,1,0,55.4482
20.2833,14.9642,-7.46218,4609.41,4619.91,-71.8226,1,0,55.4482
20.2917,14.9623,-7.46519,4608.81,4619.31,-71.9453,1,0,55.4482
20.3,14.9604,-7.4682,4608.21,4618.71,-72.0676,1,0,55.4482
20.3083,14.9585,-7.4712,4607.61,4618.11,-72.1893,1,0,55.4482
20.3167,14.9566,-7.47419,4607.01,4617.51,-72.3105,1,0,55.4482
20.325,14.9547,-7.47718,4606.4,4616.9,-72.4313,1,0,55.4482
20.3333,14.9528,-7.48016,4605.8,4616.3,-72.5515,1,0,55.4482
20.3417,14.9509,-7.48314,4605.19,4615.69,-72.6712,1,0,55.4482
20.35,14.949,-7.4861,4604.59,4615.09,-72.7905,1,0,55.4482
20.3583,14.9471,-7.48906,4603.98,4614.48,-72.9093,1,0,55.4482
20.3667,14.9451,-7.49202,4603.37,4613.87,-73.0276,1,0,55.4482
20.375,14.9432,-7.49496,4602.76,4613.26,-73.1454,1,0,55.4482
20.3833,14.9413,-7.4979,4602.15,4612.65,-73.2627,1,0,55.4482
20.3917,14.9393,-7.50084,4601.54,4612.04,-73.3795,1,0,55.4482
20.4,14.9374,-7.50377,4600.93,4611.43,-73.4958,1,0,55.4482
20.4083,14.9354,-7.50669,4600.32,4610.82,-73.6117,1,0,55.4482
20.4167,14.9335,-7.5096,4599.7,4610.2,-73.7271,1,0,55.4482
20.425,14.9316,-7.51251,4599.09,4609.59,-73.842,1,0,55.4482
20.4333,14.9296,-7.51541,4598.47,4608.97,-73.9564,1,0,55.4482
20.4417,14.9276,-7.5183,4597.86,4608.36,-74.0703,1,0,55.4482
20.45,14.9257,-7.52119,4597.24,4607.74,-74.1838,1,0,55.4482
20.4583,14.9237,-7.52407,4596.62,4607.12,-74.2968,1,0,55.4482
20.4667,14.9218,-7.52695,4596,4606.5,-74.4093,1,0,55.4482
20.475,14.9198,-7.52981,4595.38,4605.88,-74.5214,1,0,55.4482
20.4833,14.9178,-7.53267,4594.76,4605.26,-74.6329,1,0,55.4482
20.4917,14.9158,-7.53553,4594.13,4604.63,-74.744,1,0,55.4482
20.5,14.9139,-7.53838,4593.51,4604.01,-74.8547,1,0,55.4482
20.5083,14.9119,-7.54122,4592.89,4603.39,-74.9649,1,0,55.4482
20.5167,14.9099,-7.54405,4592.26,4602.76,-75.0746,1,0,55.4482
20.525,14.9079,-7.54688,4591.64,4602.14,-75.1838,1,0,55.4482
20.5333,14.9059,-7.5497,4591.01,4601.51,-75.2926,1,0,55.4482
20.5417,14.9039,-7.55252,4590.38,4600.88,-75.4009,1,0,55.4482
20.55,14.9019,-7.55533,4589.75,4600.25,-75.5087,1,0,55.4482
20.5583,14.9,-7.55813,4589.12,4599.62,-75.6161,1,0,55.4482
20.5667,14.8979,-7.56092,4588.49,4598.99,-75.7231,1,0,55.4482
20.575,14.8959,-7.56371,4587.86,4598.36,-75.8296,1,0,55.4482
20.5833,14.8939,-7.56649,4587.23,4597.73,-75.9356,1,0,55.4482
20.5917,14.8919,-7.56927,4586.59,4597.09,-76.0411,1,0,55.4482
20.6,14.8899,-7.57204,4585.96,4596.46,-76.1463,1,0,55.4482
20.6083,14.8879,-7.5748,4585.33,4595.83,-76.2509,1,0,55.4482
20.6167,14.8859,-7.57756,4584.69,4595.19,-76.3551,1,0,55.4482
20.625,14.8839,-7.58031,4584.05,4594.55,-76.4589,1,0,55.4482
20.6333,14.8818,-7.58305,4583.42,4593.92,-76.5622,1,0,55.4482
20.6417,14.8798,-7.58579,4582.78,4593.28,-76.6651,1,0,55.4482
20.65,14.8778,-7.58852,4582.14,4592.64,-76.7675,1,0,55.4482
20.6583,14.8758,-7.59124,4581.5,4592,-76.8695,1,0,55.4482
20.6667,14.8737,-7.59396,4580.86,4591.36,-76.971,1,0,55.4482
20.675,14.8717,-7.59667,4580.21,4590.71,-77.0721,1,0,55.4482
20.6833,14.8696,-7.59937,4579.57,4590.07,-77.1728,1,0,55.4482
20.6917,14.8676,-7.60207,4578.93,4589.43,-77.273,1,0,55.4482
20.7,14.8655,-7.60476,4578.28,4588.78,-77.3728,1,0,55.4482
20.7083,14.8635,-7.60745,4577.64,4588.14,-77.4721,1,0,55.4482
20.7167,14.8614,-7.61012,4576.99,4587.49,-77.571,1,0,55.4482
20.725,14.8594,-7.6128,4576.35,4586.85,-77.6695,1,0,55.4482
20.7333,14.8573,-7.61546,4575.7,4586.2,-77.7675,1,0,55.4482
20.7417,14.8553,-7.61812,4575.05,4585.55,-77.8652,1,0,55.4482
20.75,14.8532,-7.62077,4574.4,4584.9,-77.9623,1,0,55.4482
20.7583,14.8512,-7.62342,4573.75,4584.25,-78.0591,1,0,55.4482
20.7667,14.8491,-7.62606,4573.1,4583.6,-78.1554,1,0,55.4482
20.775,14.847,-7.62869,4572.45,4582.95,-78.2513,1,0,55.4482
20.7833,14.8449,-7.63132,4571.8,4582.3,-78.3468,1,0,55.4482
20.7917,14.8429,-7.63394,4571.14,4581.64,-78.4418,1,0,55.4482
20.8,14.8408,-7.63655,4570.49,4580.99,-78.5365,1,0,55.4482
20.8083,14.8387,-7.63916,4569.83,4580.33,-78.6307,1,0,55.4482
20.8167,14.8366,-7.64176,4569.18,4579.68,-78.7245,1,0,55.4482
20.825,14.8345,-7.64436,4568.52,4579.02,-78.8179,1,0,55.4482
20.8333,14.8324,-7.64695,4567.86,4578.36,-78.9108,1,0,55.4482
20.8417,14.8304,-7.64953,4567.21,4577.71,-79.0034,1,0,55.4482
20.85,14.8283,-7.6521,4566.55,4577.05,-79.0955,1,0,55.4482
20.8583,14.8262,-7.65467,4565.89,4576.39,-79.1872,1,0,55.4482
20.8667,14.8241,-7.65724,4565.23,4575.73,-79.2785,1,0,55.4482
20.875,14.822,-7.65979,4564.57,4575.07,-79.3694,1,0,55.4482
20.8833,14.8199,-7.66234,4563.9,4574.4,-79.4599,1,0,55.4482
20.8917,14.8178,-7.66489,4563.24,4573.74,-79.55,1,0,55.4482
20.9,14.8156,-7.66742,4562.58,4573.08,-79.6397,1,0,55.4482
20.9083,14.8135,-7.66996,4561.91,4572.41,-79.7289,1,0,55.4482
20.9167,14.8114,-7.67248,4561.25,4571.75,-79.8178,1,0,55.4482
20.925,14.8093,-7.675,4560.58,4571.08,-79.9063,1,0,55.4482
20.9333,14.8072,-7.67751,4559.92,4570.42,-79.9943,1,0,55.4482
20.9417,14.8051,-7.68002,4559.25,4569.75,-80.082,1,0,55.4482
20.95,14.8029,-7.68252,4558.58,4569.08,-80.1693,1,0,55.4482
20.9583,14.8008,-7.68501,4557.92,4568.42,-80.2562,1,0,55.4482
20.9667,14.7987,-7.6875,4557.25,4567.75,-80.3426,1,0,55.4482
20.975,14.7966,-7.68998,4556.58,4567.08,-80.4287,1,0,55.4482
20.9833,14.7944,-7.69245,4555.91,4566.41,-80.5144,1,0,55.4482
20.9917,14.7923,-7.69492,4555.23,4565.73,-80.5997,1,0,55.4482
21,14.7902,-7.69739,4554.56,4565.06,-80.6846,1,0,55.4482
21.0083,14.788,-7.69984,4553.89,4564.39,-80.7692,1,0,55.4482
21.0167,14.7859,-7.70229,4553.22,4563.72,-80.8533,1,0,55.4482
21.025,14.7837,-7.70473,4552.54,4563.04,-80.937,1,0,55.4482
21.0333,14.7816,-7.70717,4551.87,4562.37,-81.0204,1,0,55.4482
21.0417,14.7794,-7.7096,4551.19,4561.69,-81.1034,1,0,55.4482
21.05,14.7773,-7.71203,4550.52,4561.02,-81.186,1,0,55.4482
21.0583,14.7751,-7.71445,4549.84,4560.34,-81.2682,1,0,55.4482
21.0667,14.773,-7.71686,4549.16,4559.66,-81.3501,1,0,55.4482
21.075,14.7708,-7.71927,4548.48,4558.98,-81.4315,1,0,55.4482
21.0833,14.7687,-7.72167,4547.8,4558.3,-81.5126,1,0,55.4482
21.0917,14.7665,-7.72406,4547.12,4557.62,-81.5934,1,0,55.4482
21.1,14.7643,-7.72645,4546.44,4556.94,-81.6737,1,0,55.4482
21.1083,14.7622,-7.72883,4545.76,4556.26,-81.7537,1,0,55.4482
21.1167,14.76,-7.73121,4545.08,4555.58,-81.8333,1,0,55.4482
21.125,14.7578,-7.73358,4544.4,4554.9,-81.9125,1,0,55.4482
21.1333,14.7556,-7.73594,4543.72,4554.22,-81.9914,1,0,55.4482
21.1417,14.7535,-7.7383,4543.03,4553.53,-82.0699,1,0,55.4482
21.15,14.7513,-7.74065,4542.35,4552.85,-82.148,1,0,55.4482
21.1583,14.7491,-7.74299,4541.66,4552.16,-82.2258,1,0,55.4482
21.1667,14.7469,-7.74533,4540.98,4551.48,-82.3032,1,0,55.4482
21.175,14.7447,-7.74767,4540.29,4550.79,-82.3802,1,0,55.4482
21.1833,14.7426,-7.74999,4539.6,4550.1,-82.4569,1,0,55.4482
21.1917,14.7404,-7.75231,4538.92,4549.42,-82.5332,1,0,55.4482
21.2,14.7382,-7.75463,4538.23,4548.73,-82.6092,1,0,55.4482
21.2083,14.736,-7.75694,4537.54,4548.04,-82.6848,1,0,55.4482
21.2167,14.7338,-7.75924,4536.85,4547.35,-82.7601,1,0,55.4482
21.225,14.7316,-7.76154,4536.16,4546.66,-82.835,1,0,55.4482
21.2333,14.7294,-7.76383,4535.47,4545.97,-82.9095,1,0,55.4482
21.2417,14.7272,-7.76611,4534.78,4545.28,-82.9837,1,0,55.4482
21.25,14.725,-7.76839,4534.09,4544.59,-83.0575,1,0,55.4482
21.2583,14.7228,-7.77067,4533.39,4543.89,-83.131,1,0,55.4482
21.2667,14.7206,-7.77293,4532.7,4543.2,-83.2042,1,0,55.4482
21.275,14.7184,-7.77519,4532.01,4542.51,-83.277,1,0,55.4482
21.2833,14.7162,-7.77745,4531.31,4541.81,-83.3495,1,0,55.4482
21.2917,14.7139,-7.7797,4530.62,4541.12,-83.4216,1,0,55.4482
21.3,14.7117,-7.78194,4529.92,4540.42,-83.4934,1,0,55.4482
21.3083,14.7095,-7.78418,4529.23,4539.73,-83.5648,1,0,55.4482
21.3167,14.7073,-7.78641,4528.53,4539.03,-83.6359,1,0,55.4482
21.325,14.7051,-7.78863,4527.83,4538.33,-83.7067,1,0,55.4482
21.3333,14.7028,-7.79085,4527.14,4537.64,-83.7771,1,0,55.4482
21.3417,14.7006,-7.79307,4526.44,4536.94,-83.8472,1,0,55.4482
21.35,14.6984,-7.79527,4525.74,4536.24,-83.9169,1,0,55.4482
21.3583,14.6962,-7.79748,4525.04,4535.54,-83.9863,1,0,55.4482
21.3667,14.6939,-7.79967,4524.34,4534.84,-84.0554,1,0,55.4482
21.375,14.6917,-7.80186,4523.64,4534.14,-84.1242,1,0,55.4482
21.3833,14.6895,-7.80405,4522.94,4533.44,-84.1926,1,0,55.4482
21.3917,14.6872,-7.80622,4522.23,4532.73,-84.2607,1,0,55.4482
21.4,14.685,-7.8084,4521.53,4532.03,-84.3285,1,0,55.4482
21.4083,14.6827,-7.81056,4520.83,4531.33,-84.3959,1,0,55.4482
21.4167,14.6805,-7.81272,4520.13,4530.63,-84.4631,1,0,55.4482
21.425,14.6783,-7.81488,4519.42,4529.92,-84.5299,1,0,55.4482
21.4333,14.676,-7.81703,4518.72,4529.22,-84.5964,1,0,55.4482
21.4417,14.6738,-7.81917,4518.01,4528.51,-84.6625,1,0,55.4482
21.45,14.6715,-7.82131,4517.31,4527.81,-84.7284,1,0,55.4482
21.4583,14.6693,-7.82344,4516.6,4527.1,-84.7939,1,0,55.4482
21.4667,14.667,-7.82557,4515.89,4526.39,-84.8591,1,0,55.4482
21.475,14.6648,-7.82769,4515.18,4525.68,-84.924,1,0,55.4482
21.4833,14.6625,-7.8298,4514.48,4524.98,-84.9886,1,0,55.4482
21.4917,14.6602,-7.83191,4513.77,4524.27,-85.0528,1,0,55.4482
21.5,14.658,-7.83401,4513.06,4523.56,-85.1168,1,0,55.4482
21.5083,14.6557,-7.83611,4512.35,4522.85,-85.1804,1,0,55.4482
21.5167,14.6535,-7.8382,4511.64,4522.14,-85.2438,1,0,55.4482
21.525,14.6512,-7.84029,4510.93,4521.43,-85.3068,1,0,55.4482
21.5333,14.6489,-7.84237,4510.22,4520.72,-85.3695,1,0,55.4482
21.5417,14.6467,-7.84444,4509.51,4520.01,-85.4319,1,0,55.4482
21.55,14.6444,-7.84651,4508.79,4519.29,-85.494,1,0,55.4482
21.5583,14.6421,-7.84858,4508.08,4518.58,-85.5559,1,0,55.4482
21.5667,14.6398,-7.85063,4507.37,4517.87,-85.6174,1,0,55.4482
21.575,14.6376,-7.85269,4506.65,4517.15,-85.6786,1,0,55.4482
21.5833,14.6353,-7.85473,4505.94,4516.44,-85.7395,1,0,55.4482
21.5917,14.633,-7.85677,4505.23,4515.73,-85.8001,1,0,55.4482
21.6,14.6307,-7.85881,4504.51,4515.01,-85.8604,1,0,55.4482
21.6083,14.6284,-7.86084,4503.79,4514.29,-85.9204,1,0,55.4482
21.6167,14.6262,-7.86286,4503.08,4513.58,-85.9802,1,0,55.4482
21.625,14.6239,-7.86488,4502.36,4512.86,-86.0396,1,0,55.4482
21.6333,14.6216,-7.86689,4501.64,4512.14,-86.0987,1,0,55.4482
21.6417,14.6193,-7.8689,4500.93,4511.43,-86.1576,1,0,55.4482
21.65,14.617,-7.8709,4500.21,4510.71,-86.2161,1,0,55.4482
21.6583,14.6147,-7.8729,4499.49,4509.99,-86.2744,1,0,55.4482
21.6667,14.6124,-7.87489,4498.77,4509.27,-86.3324,1,0,55.4482
21.675,14.6101,-7.87687,4498.05,4508.55,-86.3901,1,0,55.4482
21.6833,14.6078,-7.87885,4497.33,4507.83,-86.4475,1,0,55.4482
21.6917,14.6055,-7.88083,4496.61,4507.11,-86.5046,1,0,55.4482
21.7,14.6032,-7.88279,4495.89,4506.39,-86.5615,1,0,55.4482
21.7083,14.6009,-7.88476,4495.17,4505.67,-86.618,1,0,55.4482
21.7167,14.5986,-7.88671,4494.44,4504.94,-86.6743,1,0,55.4482
21.725,14.5963,-7.88867,4493.72,4504.22,-86.7303,1,0,55.4482
21.7333,14.594,-7.89061,4493,4503.5,-86.7861,1,0,55.4482
21.7417,14.5917,-7.89255,4492.28,4502.78,-86.8415,1,0,55.4482
21.75,14.5894,-7.89449,4491.55,4502.05,-86.8967,1,0,55.4482
21.7583,14.5871,-7.89642,4490.83,4501.33,-86.9516,1,0,55.4482
21.7667,14.5848,-7.89835,4490.1,4500.6,-87.0062,1,0,55.4482
21.775,14.5824,-7.90026,4489.38,4499.88,-87.0606,1,0,55.4482
21.7833,14.5801,-7.90218,4488.65,4499.15,-87.1147,1,0,55.4482
21.7917,14.5778,-7.90409,4487.93,4498.43,-87.1685,1,0,55.4482
21.8,14.5755,-7.90599,4487.2,4497.7,-87.2221,1,0,55.4482
21.8083,14.5732,-7.90789,4486.47,4496.97,-87.2753,1,0,55.4482
21.8167,14.5708,-7.90978,4485.74,4496.24,-87.3284,1,0,55.4482
21.825,14.5685,-7.91167,4485.02,4495.52,-87.3811,1,0,55.4482
21.8333,14.5662,-7.91355,4484.29,4494.79,-87.4336,1,0,55.4482
21.8417,14.5639,-7.91543,4483.56,4494.06,-87.4858,1,0,55.4482
21.85,14.5615,-7.9173,4482.83,4493.33,-87.5378,1,0,55.4482
21.8583,14.5592,-7.91916,4482.1,4492.6,-87.5895,1,0,55.4482
21.8667,14.5569,-7.92102,4481.37,4491.87,-87.6409,1,0,55.4482
21.875,14.5546,-7.92288,4480.64,4491.14,-87.6921,1,0,55.4482
21.8833,14.5522,-7.92473,4479.91,4490.41,-87.7431,1,0,55.4482
21.8917,14.5499,-7.92657,4479.18,4489.68,-87.7937,1,0,55.4482
21.9,14.5475,-7.92841,4478.45,4488.95,-87.8441,1,0,55.4482
21.9083,14.5452,-7.93025,4477.71,4488.21,-87.8943,1,0,55.4482
21.9167,14.5429,-7.93208,4476.98,4487.48,-87.9442,1,0,55.4482
21.925,14.5405,-7.9339,4476.25,4486.75,-87.9939,1,0,55.4482
21.9333,14.5382,-7.93572,4475.51,4486.01,-88.0433,1,0,55.4482
21.9417,14.5358,-7.93753,4474.78,4485.28,-88.0925,1,0,55.4482
21.95,14.5335,-7.93934,4474.05,4484.55,-88.1414,1,0,55.4482
21.9583,14.5312,-7.94114,4473.31,4483.81,-88.19,1,0,55.4482
21.9667,14.5288,-7.94294,4472.58,4483.08,-88.2384,1,0,55.4482
21.975,14.5265,-7.94473,4471.84,4482.34,-88.2866,1,0,55.4482
21.9833,14.5241,-7.94652,4471.1,4481.6,-88.3346,1,0,55.4482
21.9917,14.5218,-7.9483,4470.37,4480.87,-88.3822,1,0,55.4482
22,14.5194,-7.95008,4469.63,4480.13,-88.4297,1,0,55.4482
22.0083,14.517,-7.95185,4468.89,4479.39,-88.4769,1,0,55.4482
22.0167,14.5147,-7.95362,4468.16,4478.66,-88.5238,1,0,55.4482
22.025,14.5123,-7.95538,4467.42,4477.92,-88.5706,1,0,55.4482
22.0333,14.51,-7.95713,4466.68,4477.18,-88.6171,1,0,55.4482
22.0417,14.5076,-7.95889,4465.94,4476.44,-88.6633,1,0,55.4482
22.05,14.5053,-7.96063,4465.2,4475.7,-88.7093,1,0,55.4482
22.0583,14.5029,-7.96237,4464.46,4474.96,-88.7551,1,0,55.4482
22.0667,14.5005,-7.96411,4463.72,4474.22,-88.8007,1,0,55.4482
22.075,14.4982,-7.96584,4462.98,4473.48,-88.846,1,0,55.4482
22.0833,14.4958,-7.96757,4462.24,4472.74,-88.891,1,0,55.4482
22.0917,14.4934,-7.96929,4461.5,4472,-88.9359,1,0,55.4482
22.1,14.4911,-7.971,4460.76,4471.26,-88.9805,1,0,55.4482
22.1083,14.4887,-7.97271,4460.02,4470.52,-89.0249,1,0,55.4482
22.1167,14.4863,-7.97442,4459.28,4469.78,-89.0691,1,0,55.4482
22.125,14.484,-7.97612,4458.53,4469.03,-89.113,1,0,55.4482
22.1333,14.4816,-7.97782,4457.79,4468.29,-89.1567,1,0,55.4482
22.1417,14.4792,-7.97951,4457.05,4467.55,-89.2002,1,0,55.4482
22.15,14.4768,-7.98119,4456.3,4466.8,-89.2435,1,0,55.4482
22.1583,14.4745,-7.98288,4455.56,4466.06,-89.2865,1,0,55.4482
22.1667,14.4721,-7.98455,4454.82,4465.32,-89.3294,1,0,55.4482
22.175,14.4697,-7.98622,4454.07,4464.57,-89.372,1,0,55.4482
22.1833,14.4673,-7.98789,4453.33,4463.83,-89.4144,1,0,55.4482
22.1917,14.4649,-7.98955,4452.58,4463.08,-89.4565,1,0,55.4482
22.2,14.4625,-7.99121,4451.84,4462.34,-89.4985,1,0,55.4482
22.2083,14.4602,-7.99286,4451.09,4461.59,-89.5402,1,0,55.4482
22.2167,14.4578,-7.99451,4450.34,4460.84,-89.5817,1,0,55.4482
22.225,14.4554,-7.99615,4449.6,4460.1,-89.623,1,0,55.4482
22.2333,14.453,-7.99778,4448.85,4459.35,-89.6641,1,0,55.4482
22.2417,14.4506,-7.99942,4448.1,4458.6,-89.705,1,0,55.4482
22.25,14.4482,-8.00104,4447.36,4457.86,-89.7457,1,0,55.4482
22.2583,14.4458,-8.00267,4446.61,4457.11,-89.7861,1,0,55.4482
22.2667,14.4434,-8.00428,4445.86,4456.36,-89.8264,1,0,55.4482
22.275,14.441,-8.0059,4445.11,4455.61,-89.8664,1,0,55.4482
22.2833,14.4387,-8.0075,4444.36,4454.86,-89.9062,1,0,55.4482
22.2917,14.4363,-8.00911,4443.61,4454.11,-89.9459,1,0,55.4482
22.3,14.4339,-8.01071,4442.86,4453.36,-89.9853,1,0,55.4482
22.3083,14.4315,-8.0123,4442.11,4452.61,-90.0245,1,0,55.4482
22.3167,14.4291,-8.01389,4441.36,4451.86,-90.0635,1,0,55.4482
22.325,14.4267,-8.01547,4440.61,4451.11,-90.1023,1,0,55.4482
22.3333,14.4243,-8.01705,4439.86,4450.36,-90.1409,1,0,55.4482
22.3417,14.4219,-8.01863,4439.11,4449.61,-90.1793,1,0,55.4482
22.35,14.4195,-8.0202,4438.36,4448.86,-90.2175,1,0,55.4482
22.3583,14.4171,-8.02176,4437.6,4448.1,-90.2555,1,0,55.4482
22.3667,14.4147,-8.02332,4436.85,4447.35,-90.2933,1,0,55.4482
22.375,14.4122,-8.02488,4436.1,4446.6,-90.3309,1,0,55.4482
22.3833,14.4098,-8.02643,4435.35,4445.85,-90.3683,1,0,55.4482
22.3917,14.4074,-8.02797,4434.59,4445.09,-90.4056,1,0,55.4482
22.4,14.405,-8.02952,4433.84,4444.34,-90.4426,1,0,55.4482
22.4083,14.4026,-8.03105,4433.09,4443.59,-90.4794,1,0,55.4482
22.4167,14.4002,-8.03259,4432.33,4442.83,-90.516,1,0,55.4482
22.425,14.3978,-8.03411,4431.58,4442.08,-90.5525,1,0,55.4482
22.4333,14.3954,-8.03564,4430.82,4441.32,-90.5887,1,0,55.4482
22.4417,14.393,-8.03716,4430.07,4440.57,-90.6248,1,0,55.4482
22.45,14.3905,-8.03867,4429.31,4439.81,-90.6607,1,0,55.4482
22.4583,14.3881,-8.04018,4428.56,4439.06,-90.6963,1,0,55.4482
22.4667,14.3857,-8.04168,4427.8,4438.3,-90.7318,1,0,55.4482
22.475,14.3833,-8.04318,4427.04,4437.54,-90.7672,1,0,55.4482
22.4833,14.3809,-8.04468,4426.29,4436.79,-90.8023,1,0,55.4482
22.4917,14.3784,-8.04617,4425.53,4436.03,-90.8372,1,0,55.4482
22.5,14.376,-8.04766,4424.77,4435.27,-90.872,1,0,55.4482
22.5083,14.3736,-8.04914,4424.02,4434.52,-90.9065,1,0,55.4482
22.5167,14.3712,-8.05062,4423.26,4433.76,-90.9409,1,0,55.4482
22.525,14.3688,-8.05209,4422.5,4433,-90.9751,1,0,55.4482
22.5333,14.3663,-8.05356,4421.74,4432.24,-91.0092,1,0,55.4482
22.5417,14.3639,-8.05502,4420.98,4431.48,-91.043,1,0,55.4482
22.55,14.3615,-8.05648,4420.23,4430.73,-91.0767,1,0,55.4482
22.5583,14.359,-8.05793,4419.47,4429.97,-91.1102,1,0,55.4482
22.5667,14.3566,-8.05939,4418.71,4429.21,-91.1435,1,0,55.4482
22.575,14.3542,-8.06083,4417.95,4428.45,-91.1766,1,0,55.4482
22.5833,14.3518,-8.06227,4417.19,4427.69,-91.2096,1,0,55.4482
22.5917,14.3493,-8.06371,4416.43,4426.93,-91.2424,1,0,55.4482
22.6,14.3469,-8.06514,4415.67,4426.17,-91.275,1,0,55.4482
22.6083,14.3445,-8.06657,4414.91,4425.41,-91.3074,1,0,55.4482
22.6167,14.342,-8.06799,4414.14,4424.64,-91.3397,1,0,55.4482
22.625,14.3396,-8.06941,4413.38,4423.88,-91.3718,1,0,55.4482
22.6333,14.3371,-8.07083,4412.62,4423.12,-91.4037,1,0,55.4482
22.6417,14.3347,-8.07224,4411.86,4422.36,-91.4355,1,0,55.4482
22.65,14.3323,-8.07365,4411.1,4421.6,-91.4671,1,0,55.4482
22.6583,14.3298,-8.07505,4410.34,4420.84,-91.4985,1,0,55.4482
22.6667,14.3274,-8.07645,4409.57,4420.07,-91.5297,1,0,55.4482
22.675,14.325,-8.07784,4408.81,4419.31,-91.5608,1,0,55.4482
22.6833,14.3225,-8.07923,4408.05,4418.55,-91.5917,1,0,55.4482
22.6917,14.3201,-8.08061,4407.28,4417.78,-91.6225,1,0,55.4482
22.7,14.3176,-8.08199,4406.52,4417.02,-91.6531,1,0,55.4482
22.7083,14.3152,-8.08337,4405.76,4416.26,-91.6835,1,0,55.4482
22.7167,14.3127,-8.08474,4404.99,4415.49,-91.7138,1,0,55.4482
22.725,14.3103,-8.08611,4404.23,4414.73,-91.7439,1,0,55.4482
22.7333,14.3078,-8.08747,4403.46,4413.96,-91.7738,1,0,55.4482
22.7417,14.3054,-8.08883,4402.7,4413.2,-91.8036,1,0,55.4482
22.75,14.3029,-8.09018,4401.93,4412.43,-91.8332,1,0,55.4482
22.7583,14.3005,-8.09153,4401.17,4411.67,-91.8627,1,0,55.4482
22.7667,14.298,-8.09288,4400.4,4410.9,-91.892,1,0,55.4482
22.775,14.2956,-8.09422,4399.64,4410.14,-91.9211,1,0,55.4482
22.7833,14.2931,-8.09556,4398.87,4409.37,-91.9501,1,0,55.4482
22.7917,14.2907,-8.09689,4398.1,4408.6,-91.9789,1,0,55.4482
22.8,14.2882,-8.09822,4397.34,4407.84,-92.0076,1,0,55.4482
22.8083,14.2858,-8.09955,4396.57,4407.07,-92.0361,1,0,55.4482
22.8167,14.2833,-8.10087,4395.8,4406.3,-92.0645,1,0,55.4482
22.825,14.2809,-8.10218,4395.04,4405.54,-92.0927,1,0,55.4482
22.8333,14.2784,-8.1035,4394.27,4404.77,-92.1208,1,0,55.4482
22.8417,14.276,-8.1048,4393.5,4404,-92.1487,1,0,55.4482
22.85,14.2735,-8.10611,4392.73,4403.23,-92.1765,1,0,55.4482
22.8583,14.271,-8.10741,4391.96,4402.46,-92.2041,1,0,55.4482
22.8667,14.2686,-8.1087,4391.2,4401.7,-92.2316,1,0,55.4482
22.875,14.2661,-8.11,4390.43,4400.93,-92.2589,1,0,55.4482
22.8833,14.2637,-8.11128,4389.66,4400.16,-92.2861,1,0,55.4482
22.8917,14.2612,-8.11257,4388.89,4399.39,-92.3131,1,0,55.4482
22.9,14.2587,-8.11385,4388.12,4398.62,-92.34,1,0,55.4482
22.9083,14.2563,-8.11512,4387.35,4397.85,-92.3667,1,0,55.4482
22.9167,14.2538,-8.11639,4386.58,4397.08,-92.3933,1,0,55.4482
22.925,14.2513,-8.11766,4385.81,4396.31,-92.4197,1,0,55.4482
22.9333,14.2489,-8.11893,4385.04,4395.54,-92.446,1,0,55.4482
22.9417,14.2464,-8.12018,4384.27,4394.77,-92.4722,1,0,55.4482
22.95,14.2439,-8.12144,4383.5,4394,-92.4982,1,0,55.4482
22.9583,14.2415,-8.12269,4382.73,4393.23,-92.5241,1,0,55.4482
22.9667,14.239,-8.12394,4381.96,4392.46,-92.5498,1,0,55.4482
22.975,14.2365,-8.12518,4381.18,4391.68,-92.5754,1,0,55.4482
22.9833,14.2341,-8.12642,4380.41,4390.91,-92.6008,1,0,55.4482
22.9917,14.2316,-8.12766,4379.64,4390.14,-92.6262,1,0,55.4482
23,14.2291,-8.12889,4378.87,4389.37,-92.6513,1,0,55.4482
23.0083,14.2266,-8.13011,4378.1,4388.6,-92.6764,1,0,55.4482
23.0167,14.2242,-8.13134,4377.32,4387.82,-92.7013,1,0,55.4482
23.025,14.2217,-8.13256,4376.55,4387.05,-92.7261,1,0,55.4482
23.0333,14.2192,-8.13377,4375.78,4386.28,-92.7507,1,0,55.4482
23.0417,14.2167,-8.13498,4375.01,4385.51,-92.7752,1,0,55.4482
23.05,14.2143,-8.13619,4374.23,4384.73,-92.7996,1,0,55.4482
23.0583,14.2118,-8.13739,4373.46,4383.96,-92.8238,1,0,55.4482
23.0667,14.2093,-8.13859,4372.69,4383.19,-92.8479,1,0,55.4482
23.075,14.2068,-8.13979,4371.91,4382.41,-92.8718,1,0,55.4482
23.0833,14.2043,-8.14098,4371.14,4381.64,-92.8957,1,0,55.4482
23.0917,14.2019,-8.14217,4370.36,4380.86,-92.9194,1,0,55.4482
23.1,14.1994,-8.14335,4369.59,4380.09,-92.943,1,0,55.4482
23.1083,14.1969,-8.14453,4368.81,4379.31,-92.9664,1,0,55.4482
23.1167,14.1944,-8.14571,4368.04,4378.54,-92.9897,1,0,55.4482
23.125,14.1919,-8.14688,4367.26,4377.76,-93.0129,1,0,55.4482
23.1333,14.1895,-8.14805,4366.49,4376.99,-93.036,1,0,55.4482
23.1417,14.187,-8.14922,4365.71,4376.21,-93.0589,1,0,55.4482
23.15,14.1845,-8.15038,4364.94,4375.44,-93.0817,1,0,55.4482
23.1583,14.182,-8.15154,4364.16,4374.66,-93.1044,1,0,55.4482
23.1667,14.1795,-8.15269,4363.39,4373.89,-93.127,1,0,55.4482
23.175,14.177,-8.15384,4362.61,4373.11,-93.1494,1,0,55.4482
23.1833,14.1745,-8.15499,4361.83,4372.33,-93.1717,1,0,55.4482
23.1917,14.1721,-8.15613,4361.06,4371.56,-93.1939,1,0,55.4482
23.2,14.1696,-8.15727,4360.28,4370.78,-93.216,1,0,55.4482
23.2083,14.1671,-8.1584,4359.5,4370,-93.2379,1,0,55.4482
23.2167,14.1646,-8.15953,4358.73,4369.23,-93.2597,1,0,55.4482
23.225,14.1621,-8.16066,4357.95,4368.45,-93.2814,1,0,55.4482
23.2333,14.1596,-8.16178,4357.17,4367.67,-93.303,1,0,55.4482
23.2417,14.1571,-8.1629,4356.39,4366.89,-93.3245,1,0,55.4482
23.25,14.1546,-8.16402,4355.62,4366.12,-93.3458,1,0,55.4482
23.2583,14.1521,-8.16513,4354.84,4365.34,-93.3671,1,0,55.4482
23.2667,14.1496,-8.16624,4354.06,4364.56,-93.3882,1,0,55.4482
23.275,14.1471,-8.16735,4353.28,4363.78,-93.4092,1,0,55.4482
23.2833,14.1447,-8.16845,4352.5,4363,-93.43,1,0,55.4482
23.2917,14.1422,-8.16955,4351.73,4362.23,-93.4508,1,0,55.4482
23.3,14.1397,-8.17064,4350.95,4361.45,-93.4714,1,0,55.4482
23.3083,14.1372,-8.17173,4350.17,4360.67,-93.492,1,0,55.4482
23.3167,14.1347,-8.17282,4349.39,4359.89,-93.5124,1,0,55.4482
23.325,14.1322,-8.1739,4348.61,4359.11,-93.5327,1,0,55.4482
23.3333,14.1297,-8.17498,4347.83,4358.33,-93.5529,1,0,55.4482
23.3417,14.1272,-8.17606,4347.05,4357.55,-93.5729,1,0,55.4482
23.35,14.1247,-8.17713,4346.27,4356.77,-93.5929,1,0,55.4482
23.3583,14.1222,-8.1782,4345.49,4355.99,-93.6128,1,0,55.4482
23.3667,14.1197,-8.17926,4344.71,4355.21,-93.6325,1,0,55.4482
23.375,14.1172,-8.18032,4343.93,4354.43,-93.6521,1,0,55.4482
23.3833,14.1147,-8.18138,4343.15,4353.65,-93.6717,1,0,55.4482
23.3917,14.1122,-8.18244,4342.37,4352.87,-93.6911,1,0,55.4482
23.4,14.1097,-8.18349,4341.59,4352.09,-93.7104,1,0,55.4482
23.4083,14.1072,-8.18454,4340.81,4351.31,-93.7296,1,0,55.4482
23.4167,14.1047,-8.18558,4340.03,4350.53,-93.7487,1,0,55.4482
23.425,14.1022,-8.18662,4339.24,4349.74,-93.7676,1,0,55.4482
23.4333,14.0997,-8.18766,4338.46,4348.96,-93.7865,1,0,55.4482
23.4417,14.0971,-8.18869,4337.68,4348.18,-93.8053,1,0,55.4482
23.45,14.0946,-8.18972,4336.9,4347.4,-93.824,1,0,55.4482
23.4583,14.0921,-8.19075,4336.12,4346.62,-93.8425,1,0,55.4482
23.4667,14.0896,-8.19177,4335.33,4345.83,-93.861,1,0,55.4482
23.475,14.0871,-8.19279,4334.55,4345.05,-93.8793,1,0,55.4482
23.4833,14.0846,-8.19381,4333.77,4344.27,-93.8976,1,0,55.4482
23.4917,14.0821,-8.19482,4332.99,4343.49,-93.9157,1,0,55.4482
23.5,14.0796,-8.19583,4332.2,4342.7,-93.9338,1,0,55.4482
23.5083,14.0771,-8.19683,4331.42,4341.92,-93.9517,1,0,55.4482
23.5167,14.0746,-8.19784,4330.64,4341.14,-93.9696,1,0,55.4482
23.525,14.0721,-8.19883,4329.86,4340.36,-93.9873,1,0,55.4482
23.5333,14.0696,-8.19983,4329.07,4339.57,-94.0049,1,0,55.4482
23.5417,14.067,-8.20082,4328.29,4338.79,-94.0225,1,0,55.4482
23.55,14.0645,-8.20181,4327.51,4338.01,-94.0399,1,0,55.4482
23.5583,14.062,-8.2028,4326.72,4337.22,-94.0573,1,0,55.4482
23.5667,14.0595,-8.20378,4325.94,4336.44,-94.0745,1,0,55.4482
23.575,14.057,-8.20476,4325.15,4335.65,-94.0917,1,0,55.4482
23.5833,14.0545,-8.20573,4324.37,4334.87,-94.1087,1,0,55.4482
23.5917,14.052,-8.2067,4323.59,4334.09,-94.1257,1,0,55.4482
23.6,14.0494,-8.20767,4322.8,4333.3,-94.1425,1,0,55.4482
23.6083,14.0469,-8.20864,4322.02,4332.52,-94.1593,1,0,55.4482
23.6167,14.0444,-8.2096,4321.23,4331.73,-94.176,1,0,55.4482
23.625,14.0419,-8.21056,4320.45,4330.95,-94.1925,1,0,55.4482
23.6333,14.0394,-8.21151,4319.66,4330.16,-94.209,1,0,55.4482
23.6417,14.0369,-8.21246,4318.88,4329.38,-94.2254,1,0,55.4482
23.65,14.0343,-8.21341,4318.09,4328.59,-94.2417,1,0,55.4482
23.6583,14.0318,-8.21436,4317.31,4327.81,-94.2579,1,0,55.4482
23.6667,14.0293,-8.2153,4316.52,4327.02,-94.274,1,0,55.4482
23.675,14.0268,-8.21624,4315.73,4326.23,-94.29,1,0,55.4482
23.6833,14.0243,-8.21717,4314.95,4325.45,-94.306,1,0,55.4482
23.6917,14.0217,-8.21811,4314.16,4324.66,-94.3218,1,0,55.4482
23.7,14.0192,-8.21904,4313.38,4323.88,-94.3375,1,0,55.4482
23.7083,14.0167,-8.21996,4312.59,4323.09,-94.3532,1,0,55.4482
23.7167,14.0142,-8.22088,4311.8,4322.3,-94.3687,1,0,55.4482
23.725,14.0117,-8.2218,4311.02,4321.52,-94.3842,1,0,55.4482
23.7333,14.0091,-8.22272,4310.23,4320.73,-94.3996,1,0,55.4482
23.7417,14.0066,-8.22363,4309.44,4319.94,-94.4149,1,0,55.4482
23.75,14.0041,-8.22454,4308.66,4319.16,-94.4301,1,0,55.4482
23.7583,14.0016,-8.22545,4307.87,4318.37,-94.4453,1,0,55.4482
23.7667,13.999,-8.22635,4307.08,4317.58,-94.4603,1,0,55.4482
23.775,13.9965,-8.22725,4306.3,4316.8,-94.4752,1,0,55.4482
23.7833,13.994,-8.22815,4305.51,4316.01,-94.4901,1,0,55.4482
23.7917,13.9915,-8.22904,4304.72,4315.22,-94.5049,1,0,55.4482
23.8,13.9889,-8.22993,4303.93,4314.43,-94.5196,1,0,55.4482
23.8083,13.9864,-8.23082,4303.15,4313.65,-94.5342,1,0,55.4482
23.8167,13.9839,-8.23171,4302.36,4312.86,-94.5487,1,0,55.4482
23.825,13.9814,-8.23259,4301.57,4312.07,-94.5632,1,0,55.4482
23.8333,13.9788,-8.23347,4300.78,4311.28,-94.5775,1,0,55.4482
23.8417,13.9763,-8.23434,4299.99,4310.49,-94.5918,1,0,55.4482
23.85,13.9738,-8.23521,4299.21,4309.71,-94.606,1,0,55.4482
23.8583,13.9713,-8.23608,4298.42,4308.92,-94.6201,1,0,55.4482
23.8667,13.9687,-8.23695,4297.63,4308.13,-94.6341,1,0,55.4482
23.875,13.9662,-8.23781,4296.84,4307.34,-94.6481,1,0,55.4482
23.8833,13.9637,-8.23867,4296.05,4306.55,-94.662,1,0,55.4482
23.8917,13.9611,-8.23953,4295.26,4305.76,-94.6758,1,0,55.4482
23.9,13.9586,-8.24038,4294.47,4304.97,-94.6895,1,0,55.4482
23.9083,13.9561,-8.24123,4293.68,4304.18,-94.7031,1,0,55.4482
23.9167,13.9535,-8.24208,4292.89,4303.39,-94.7167,1,0,55.4482
23.925,13.951,-8.24292,4292.11,4302.61,-94.7301,1,0,55.4482
23.9333,13.9485,-8.24376,4291.32,4301.82,-94.7435,1,0,55.4482
23.9417,13.9459,-8.2446,4290.53,4301.03,-94.7568,1,0,55.4482
23.95,13.9434,-8.24544,4289.74,4300.24,-94.7701,1,0,55.4482
23.9583,13.9409,-8.24627,4288.95,4299.45,-94.7832,1,0,55.4482
23.9667,13.9383,-8.2471,4288.16,4298.66,-94.7963,1,0,55.4482
23.975,13.9358,-8.24792,4287.37,4297.87,-94.8093,1,0,55.4482
23.9833,13.9333,-8.24875,4286.58,4297.08,-94.8223,1,0,55.4482
23.9917,13.9307,-8.24957,4285.79,4296.29,-94.8351,1,0,55.4482
24,13.9282,-8.25039,4285,4295.5,-94.8479,1,0,55.4482
24.0083,13.9257,-8.2512,4284.21,4294.71,-94.8606,1,0,55.4482
24.0167,13.9231,-8.25201,4283.42,4293.92,-94.8733,1,0,55.4482
24.025,13.9206,-8.25282,4282.62,4293.12,-94.8858,1,0,55.4482
24.0333,13.9181,-8.25363,4281.83,4292.33,-94.8983,1,0,55.4482
24.0417,13.9155,-8.25443,4281.04,4291.54,-94.9107,1,0,55.4482
24.05,13.913,-8.25523,4280.25,4290.75,-94.9231,1,0,55.4482
24.0583,13.9104,-8.25602,4279.46,4289.96,-94.9353,1,0,55.4482
24.0667,13.9079,-8.25682,4278.67,4289.17,-94.9475,1,0,55.4482
24.075,13.9054,-8.25761,4277.88,4288.38,-94.9597,1,0,55.4482
24.0833,13.9028,-8.2584,4277.09,4287.59,-94.9717,1,0,55.4482
24.0917,13.9003,-8.25918,4276.3,4286.8,-94.9837,1,0,55.4482
24.1,13.8977,-8.25997,4275.5,4286,-94.9956,1,0,55.4482
24.1083,13.8952,-8.26075,4274.71,4285.21,-95.0075,1,0,55.4482
24.1167,13.8927,-8.26152,4273.92,4284.42,-95.0192,1,0,55.4482
24.125,13.8901,-8.2623,4273.13,4283.63,-95.0309,1,0,55.4482
24.1333,13.8876,-8.26307,4272.34,4282.84,-95.0426,1,0,55.4482
24.1417,13.885,-8.26383,4271.54,4282.04,-95.0541,1,0,55.4482
24.15,13.8825,-8.2646,4270.75,4281.25,-95.0656,1,0,55.4482
24.1583,13.88,-8.26536,4269.96,4280.46,-95.0771,1,0,55.4482
24.1667,13.8774,-8.26612,4269.17,4279.67,-95.0884,1,0,55.4482
24.175,13.8749,-8.26688,4268.38,4278.88,-95.0997,1,0,55.4482
24.1833,13.8723,-8.26763,4267.58,4278.08,-95.111,1,0,55.4482
24.1917,13.8698,-8.26838,4266.79,4277.29,-95.1221,1,0,55.4482
24.2,13.8672,-8.26913,4266,4276.5,-95.1332,1,0,55.4482
24.2083,13.8647,-8.26988,4265.2,4275.7,-95.1443,1,0,55.4482
24.2167,13.8621,-8.27062,4264.41,4274.91,-95.1552,1,0,55.4482
24.225,13.8596,-8.27136,4263.62,4274.12,-95.1661,1,0,55.4482
24.2333,13.8571,-8.2721,4262.83,4273.33,-95.177,1,0,55.4482
24.2417,13.8545,-8.27283,4262.03,4272.53,-95.1877,1,0,55.4482
24.25,13.852,-8.27357,4261.24,4271.74,-95.1984,1,0,55.4482
24.2583,13.8494,-8.27429,4260.45,4270.95,-95.2091,1,0,55.4482
24.2667,13.8469,-8.27502,4259.65,4270.15,-95.2197,1,0,55.4482
24.275,13.8443,-8.27574,4258.86,4269.36,-95.2302,1,0,55.4482
24.2833,13.8418,-8.27647,4258.06,4268.56,-95.2406,1,0,55.4482
24.2917,13.8392,-8.27718,4257.27,4267.77,-95.251,1,0,55.4482
24.3,13.8367,-8.2779,4256.48,4266.98,-95.2613,1,0,55.4482
24.3083,13.8341,-8.27861,4255.68,4266.18,-95.2716,1,0,55.4482
24.3167,13.8316,-8.27932,4254.89,4265.39,-95.2818,1,0,55.4482
24.325,13.829,-8.28003,4254.1,4264.6,-95.292,1,0,55.4482
24.3333,13.8265,-8.28073,4253.3,4263.8,-95.302,1,0,55.4482
24.3417,13.8239,-8.28144,4252.51,4263.01,-95.3121,1,0,55.4482
24.35,13.8214,-8.28214,4251.71,4262.21,-95.322,1,0,55.4482
24.3583,13.8188,-8.28283,4250.92,4261.42,-95.3319,1,0,55.4482
24.3667,13.8163,-8.28353,4250.12,4260.62,-95.3418,1,0,55.4482
24.375,13.8137,-8.28422,4249.33,4259.83,-95.3516,1,0,55.4482
24.3833,13.8112,-8.28491,4248.53,4259.03,-95.3613,1,0,55.4482
24.3917,13.8086,-8.28559,4247.74,4258.24,-95.371,1,0,55.4482
24.4,13.8061,-8.28628,4246.95,4257.45,-95.3806,1,0,55.4482
24.4083,13.8035,-8.28696,4246.15,4256.65,-95.3901,1,0,55.4482
24.4167,13.801,-8.28764,4245.36,4255.86,-95.3996,1,0,55.4482
24.425,13.7984,-8.28831,4244.56,4255.06,-95.409,1,0,55.4482
24.4333,13.7959,-8.28899,4243.77,4254.27,-95.4184,1,0,55.4482
24.4417,13.7933,-8.28966,4242.97,4253.47,-95.4277,1,0,55.4482
24.45,13.7908,-8.29032,4242.17,4252.67,-95.437,1,0,55.4482
24.4583,13.7882,-8.29099,4241.38,4251.88,-95.4462,1,0,55.4482
24.4667,13.7857,-8.29165,4240.58,4251.08,-95.4554,1,0,55.4482
24.475,13.7831,-8.29231,4239.79,4250.29,-95.4645,1,0,55.4482
24.4833,13.7806,-8.29297,4238.99,4249.49,-95.4735,1,0,55.4482
24.4917,13.778,-8.29363,4238.2,4248.7,-95.4825,1,0,55.4482
24.5,13.7755,-8.29428,4237.4,4247.9,-95.4914,1,0,55.4482
24.5083,13.7729,-8.29493,4236.61,4247.11,-95.5003,1,0,55.4482
24.5167,13.7703,-8.29558,4235.81,4246.31,-95.5091,1,0,55.4482
24.525,13.7678,-8.29622,4235.01,4245.51,-95.5179,1,0,55.4482
24.5333,13.7652,-8.29686,4234.22,4244.72,-95.5266,1,0,55.4482
24.5417,13.7627,-8.2975,4233.42,4243.92,-95.5353,1,0,55.4482
24.55,13.7601,-8.29814,4232.63,4243.13,-95.5439,1,0,55.4482
24.5583,13.7576,-8.29878,4231.83,4242.33,-95.5524,1,0,55.4482
24.5667,13.755,-8.29941,4231.03,4241.53,-95.5609,1,0,55.4482
24.575,13.7524,-8.30004,4230.24,4240.74,-95.5694,1,0,55.4482
24.5833,13.7499,-8.30067,4229.44,4239.94,-95.5778,1,0,55.4482
24.5917,13.7473,-8.30129,4228.64,4239.14,-95.5861,1,0,55.4482
24.6,13.7448,-8.30192,4227.85,4238.35,-95.5944,1,0,55.4482
24.6083,13.7422,-8.30254,4227.05,4237.55,-95.6027,1,0,55.4482
24.6167,13.7397,-8.30315,4226.25,4236.75,-95.6109,1,0,55.4482
24.625,13.7371,-8.30377,4225.46,4235.96,-95.619,1,0,55.4482
24.6333,13.7345,-8.30438,4224.66,4235.16,-95.6271,1,0,55.4482
24.6417,13.732,-8.30499,4223.86,4234.36,-95.6352,1,0,55.4482
24.65,13.7294,-8.3056,4223.07,4233.57,-95.6432,1,0,55.4482
24.6583,13.7269,-8.30621,4222.27,4232.77,-95.6511,1,0,55.4482
24.6667,13.7243,-8.30681,4221.47,4231.97,-95.659,1,0,55.4482
24.675,13.7217,-8.30741,4220.67,4231.17,-95.6668,1,0,55.4482
24.6833,13.7192,-8.30801,4219.88,4230.38,-95.6746,1,0,55.4482
24.6917,13.7166,-8.3086,4219.08,4229.58,-95.6824,1,0,55.4482
24.7,13.7141,-8.3092,4218.28,4228.78,-95.6901,1,0,55.4482
24.7083,13.7115,-8.30979,4217.49,4227.99,-95.6977,1,0,55.4482
24.7167,13.7089,-8.31038,4216.69,4227.19,-95.7053,1,0,55.4482
24.725,13.7064,-8.31097,4215.89,4226.39,-95.7129,1,0,55.4482
24.7333,13.7038,-8.31155,4215.09,4225.59,-95.7204,1,0,55.4482
24.7417,13.7013,-8.31213,4214.29,4224.79,-95.7279,1,0,55.4482
24.75,13.6987,-8.31271,4213.5,4224,-95.7353,1,0,55.4482
24.7583,13.6961,-8.31329,4212.7,4223.2,-95.7427,1,0,55.4482
24.7667,13.6936,-8.31386,4211.9,4222.4,-95.75,1,0,55.4482
24.775,13.691,-8.31444,4211.1,4221.6,-95.7573,1,0,55.4482
24.7833,13.6884,-8.31501,4210.31,4220.81,-95.7645,1,0,55.4482
24.7917,13.6859,-8.31557,4209.51,4220.01,-95.7717,1,0,55.4482
24.8,13.6833,-8.31614,4208.71,4219.21,-95.7788,1,0,55.4482
24.8083,13.6808,-8.3167,4207.91,4218.41,-95.7859,1,0,55.4482
24.8167,13.6782,-8.31726,4207.11,4217.61,-95.793,1,0,55.4482
24.825,13.6756,-8.31782,4206.31,4216.81,-95.8,1,0,55.4482
24.8333,13.6731,-8.31838,4205.52,4216.02,-95.8069,1,0,55.4482
24.8417,13.6705,-8.31893,4204.72,4215.22,-95.8139,1,0,55.4482
24.85,13.6679,-8.31948,4203.92,4214.42,-95.8207,1,0,55.4482
24.8583,13.6654,-8.32003,4203.12,4213.62,-95.8276,1,0,55.4482
24.8667,13.6628,-8.32058,4202.32,4212.82,-95.8344,1,0,55.4482
24.875,13.6602,-8.32112,4201.52,4212.02,-95.8411,1,0,55.4482
24.8833,13.6577,-8.32167,4200.72,4211.22,-95.8478,1,0,55.4482
24.8917,13.6551,-8.32221,4199.93,4210.43,-95.8545,1,0,55.4482
24.9,13.6525,-8.32275,4199.13,4209.63,-95.8611,1,0,55.4482
24.9083,13.65,-8.32328,4198.33,4208.83,-95.8677,1,0,55.4482
24.9167,13.6474,-8.32382,4197.53,4208.03,-95.8742,1,0,55.4482
24.925,13.6448,-8.32435,4196.73,4207.23,-95.8807,1,0,55.4482
24.9333,13.6423,-8.32488,4195.93,4206.43,-95.8871,1,0,55.4482
24.9417,13.6397,-8.3254,4195.13,4205.63,-95.8935,1,0,55.4482
24.95,13.6371,-8.32593,4194.33,4204.83,-95.8999,1,0,55.4482
24.9583,13.6346,-8.32645,4193.53,4204.03,-95.9062,1,0,55.4482
24.9667,13.632,-8.32697,4192.73,4203.23,-95.9125,1,0,55.4482
24.975,13.6294,-8.32749,4191.94,4202.44,-95.9188,1,0,55.4482
24.9833,13.6269,-8.32801,4191.14,4201.64,-95.925,1,0,55.4482
24.9917,13.6243,-8.32852,4190.34,4200.84,-95.9311,1,0,55.4482
25,13.6217,-8.32903,4189.54,4200.04,-95.9373,1,0,55.4482
25.0083,13.6192,-8.32954,4188.74,4199.24,-95.9433,1,0,55.4482
25.0167,13.6166,-8.33005,4187.94,4198.44,-95.9494,1,0,55.4482
25.025,13.614,-8.33055,4187.14,4197.64,-95.9554,1,0,55.4482
25.0333,13.6115,-8.33106,4186.34,4196.84,-95.9614,1,0,55.4482
25.0417,13.6089,-8.33156,4185.54,4196.04,-95.9673,1,0,55.4482
25.05,13.6063,-8.33206,4184.74,4195.24,-95.9732,1,0,55.4482
25.0583,13.6038,-8.33255,4183.94,4194.44,-95.979,1,0,55.4482
25.0667,13.6012,-8.33305,4183.14,4193.64,-95.9849,1,0,55.4482
25.075,13.5986,-8.33354,4182.34,4192.84,-95.9906,1,0,55.4482
25.0833,13.596,-8.33403,4181.54,4192.04,-95.9964,1,0,55.4482
25.0917,13.5935,-8.33452,4180.74,4191.24,-96.0021,1,0,55.4482
25.1,13.5909,-8.33501,4179.94,4190.44,-96.0077,1,0,55.4482
25.1083,13.5883,-8.33549,4179.14,4189.64,-96.0134,1,0,55.4482
25.1167,13.5858,-8.33597,4178.34,4188.84,-96.019,1,0,55.4482
25.125,13.5832,-8.33645,4177.54,4188.04,-96.0245,1,0,55.4482
25.1333,13.5806,-8.33693,4176.74,4187.24,-96.03,1,0,55.4482
25.1417,13.5781,-8.33741,4175.94,4186.44,-96.0355,1,0,55.4482
25.15,13.5755,-8.33788,4175.14,4185.64,-96.0409,1,0,55.4482
25.1583,13.5729,-8.33835,4174.34,4184.84,-96.0464,1,0,55.4482
25.1667,13.5703,-8.33882,4173.54,4184.04,-96.0517,1,0,55.4482
25.175,13.5678,-8.33929,4172.74,4183.24,-96.0571,1,0,55.4482
25.1833,13.5652,-8.33975,4171.94,4182.44,-96.0624,1,0,55.4482
25.1917,13.5626,-8.34022,4171.14,4181.64,-96.0676,1,0,55.4482
25.2,13.56,-8.34068,4170.34,4180.84,-96.0729,1,0,55.4482
25.2083,13.5575,-8.34114,4169.53,4180.03,-96.0781,1,0,55.4482
25.2167,13.5549,-8.34159,4168.73,4179.23,-96.0832,1,0,55.4482
25.225,13.5523,-8.34205,4167.93,4178.43,-96.0884,1,0,55.4482
25.2333,13.5498,-8.3425,4167.13,4177.63,-96.0934,1,0,55.4482
25.2417,13.5472,-8.34295,4166.33,4176.83,-96.0985,1,0,55.4482
25.25,13.5446,-8.3434,4165.53,4176.03,-96.1035,1,0,55.4482
25.2583,13.542,-8.34385,4164.73,4175.23,-96.1085,1,0,55.4482
25.2667,13.5395,-8.3443,4163.93,4174.43,-96.1135,1,0,55.4482
25.275,13.5369,-8.34474,4163.13,4173.63,-96.1184,1,0,55.4482
25.2833,13.5343,-8.34518,4162.33,4172.83,-96.1233,1,0,55.4482
25.2917,13.5317,-8.34562,4161.53,4172.03,-96.1282,1,0,55.4482
25.3,13.5292,-8.34606,4160.73,4171.23,-96.133,1,0,55.4482
25.3083,13.5266,-8.34649,4159.92,4170.42,-96.1378,1,0,55.4482
25.3167,13.524,-8.34693,4159.12,4169.62,-96.1425,1,0,55.4482
25.325,13.5214,-8.34736,4158.32,4168.82,-96.1473,1,0,55.4482
25.3333,13.5189,-8.34779,4157.52,4168.02,-96.152,1,0,55.4482
25.3417,13.5163,-8.34821,4156.72,4167.22,-96.1566,1,0,55.4482
25.35,13.5137,-8.34864,4155.92,4166.42,-96.1613,1,0,55.4482
25.3583,13.5111,-8.34906,4155.12,4165.62,-96.1659,1,0,55.4482
25.3667,13.5086,-8.34949,4154.31,4164.81,-96.1704,1,0,55.4482
25.375,13.506,-8.34991,4153.51,4164.01,-96.175,1,0,55.4482
25.3833,13.5034,-8.35032,4152.71,4163.21,-96.1795,1,0,55.4482
25.3917,13.5008,-8.35074,4151.91,4162.41,-96.1839,1,0,55.4482
25.4,13.4983,-8.35115,4151.11,4161.61,-96.1884,1,0,55.4482
25.4083,13.4957,-8.35157,4150.31,4160.81,-96.1928,1,0,55.4482
25.4167,13.4931,-8.35198,4149.51,4160.01,-96.1972,1,0,55.4482
25.425,13.4905,-8.35238,4148.7,4159.2,-96.2015,1,0,55.4482
25.4333,13.488,-8.35279,4147.9,4158.4,-96.2059,1,0,55.4482
25.4417,13.4854,-8.35319,4147.1,4157.6,-96.2102,1,0,55.4482
25.45,13.4828,-8.3536,4146.3,4156.8,-96.2144,1,0,55.4482
25.4583,13.4802,-8.354,4145.5,4156,-96.2187,1,0,55.4482
25.4667,13.4777,-8.3544,4144.7,4155.2,-96.2229,1,0,55.4482
25.475,13.4751,-8.35479,4143.89,4154.39,-96.227,1,0,55.4482
25.4833,13.4725,-8.35519,4143.09,4153.59,-96.2312,1,0,55.4482
25.4917,13.4699,-8.35558,4142.29,4152.79,-96.2353,1,0,55.4482
25.5,13.4673,-8.35597,4141.49,4151.99,-96.2394,1,0,55.4482
25.5083,13.4648,-8.35636,4140.69,4151.19,-96.2435,1,0,55.4482
25.5167,13.4622,-8.35675,4139.88,4150.38,-96.2475,1,0,55.4482
25.525,13.4596,-8.35714,4139.08,4149.58,-96.2515,1,0,55.4482
25.5333,13.457,-8.35752,4138.28,4148.78,-96.2555,1,0,55.4482
25.5417,13.4545,-8.3579,4137.48,4147.98,-96.2594,1,0,55.4482
25.55,13.4519,-8.35829,4136.67,4147.17,-96.2633,1,0,55.4482
25.5583,13.4493,-8.35866,4135.87,4146.37,-96.2672,1,0,55.4482
25.5667,13.4467,-8.35904,4135.07,4145.57,-96.2711,1,0,55.4482
25.575,13.4441,-8.35942,4134.27,4144.77,-96.2749,1,0,55.4482
25.5833,13.4416,-8.35979,4133.47,4143.97,-96.2787,1,0,55.4482
25.5917,13.439,-8.36016,4132.66,4143.16,-96.2825,1,0,55.4482
25.6,13.4364,-8.36053,4131.86,4142.36,-96.2863,1,0,55.4482
25.6083,13.4338,-8.3609,4131.06,4141.56,-96.29,1,0,55.4482
25.6167,13.4312,-8.36126,4130.26,4140.76,-96.2937,1,0,55.4482
25.625,13.4287,-8.36163,4129.45,4139.95,-96.2974,1,0,55.4482
25.6333,13.4261,-8.36199,4128.65,4139.15,-96.301,1,0,55.4482
25.6417,13.4235,-8.36235,4127.85,4138.35,-96.3046,1,0,55.4482
25.65,13.4209,-8.36271,4127.05,4137.55,-96.3082,1,0,55.4482
25.6583,13.4184,-8.36307,4126.24,4136.74,-96.3118,1,0,55.4482
25.6667,13.4158,-8.36342,4125.44,4135.94,-96.3153,1,0,55.4482
25.675,13.4132,-8.36378,4124.64,4135.14,-96.3189,1,0,55.4482
25.6833,13.4106,-8.36413,4123.84,4134.34,-96.3224,1,0,55.4482
25.6917,13.408,-8.36448,4123.03,4133.53,-96.3258,1,0,55.4482
25.7,13.4054,-8.36483,4122.23,4132.73,-96.3293,1,0,55.4482
25.7083,13.4029,-8.36518,4121.43,4131.93,-96.3327,1,0,55.4482
25.7167,13.4003,-8.36552,4120.62,4131.12,-96.3361,1,0,55.4482
25.725,13.3977,-8.36586,4119.82,4130.32,-96.3394,1,0,55.4482
25.7333,13.3951,-8.36621,4119.02,4129.52,-96.3428,1,0,55.4482
25.7417,13.3925,-8.36655,4118.22,4128.72,-96.3461,1,0,55.4482
25.75,13.39,-8.36688,4117.41,4127.91,-96.3494,1,0,55.4482
25.7583,13.3874,-8.36722,4116.61,4127.11,-96.3527,1,0,55.4482
25.7667,13.3848,-8.36756,4115.81,4126.31,-96.3559,1,0,55.4482
25.775,13.3822,-8.36789,4115,4125.5,-96.3591,1,0,55.4482
25.7833,13.3796,-8.36822,4114.2,4124.7,-96.3623,1,0,55.4482
25.7917,13.3771,-8.36855,4113.4,4123.9,-96.3655,1,0,55.4482
25.8,13.3745,-8.36888,4112.6,4123.1,-96.3686,1,0,55.4482
25.8083,13.3719,-8.3692,4111.79,4122.29,-96.3718,1,0,55.4482
25.8167,13.3693,-8.36953,4110.99,4121.49,-96.3749,1,0,55.4482
25.825,13.3667,-8.36985,4110.19,4120.69,-96.3779,1,0,55.4482
25.8333,13.3641,-8.37017,4109.38,4119.88,-96.381,1,0,55.4482
25.8417,13.3616,-8.37049,4108.58,4119.08,-96.384,1,0,55.4482
25.85,13.359,-8.37081,4107.78,4118.28,-96.387,1,0,55.4482
25.8583,13.3564,-8.37113,4106.97,4117.47,-96.39,1,0,55.4482
25.8667,13.3538,-8.37144,4106.17,4116.67,-96.393,1,0,55.4482
25.875,13.3512,-8.37176,4105.37,4115.87,-96.3959,1,0,55.4482
25.8833,13.3487,-8.37207,4104.56,4115.06,-96.3988,1,0,55.4482
25.8917,13.3461,-8.37238,4103.76,4114.26,-96.4017,1,0,55.4482
25.9,13.3435,-8.37269,4102.96,4113.46,-96.4046,1,0,55.4482
25.9083,13.3409,-8.37299,4102.15,4112.65,-96.4075,1,0,55.4482
25.9167,13.3383,-8.3733,4101.35,4111.85,-96.4103,1,0,55.4482
25.925,13.3357,-8.3736,4100.55,4111.05,-96.4131,1,0,55.4482
25.9333,13.3332,-8.3739,4099.74,4110.24,-96.4159,1,0,55.4482
25.9417,13.3306,-8.3742,4098.94,4109.44,-96.4186,1,0,55.4482
25.95,13.328,-8.3745,4098.14,4108.64,-96.4214,1,0,55.4482
25.9583,13.3254,-8.3748,4097.33,4107.83,-96.4241,1,0,55.4482
25.9667,13.3228,-8.3751,4096.53,4107.03,-96.4268,1,0,55.4482
25.975,13.3202,-8.37539,4095.73,4106.23,-96.4295,1,0,55.4482
25.9833,13.3177,-8.37568,4094.92,4105.42,-96.4321,1,0,55.4482
25.9917,13.3151,-8.37597,4094.12,4104.62,-96.4348,1,0,55.4482
26,13.3125,-8.37626,4093.31,4103.81,-96.4374,1,0,55.4482
26.0083,13.3099,-8.37655,4092.51,4103.01,-96.44,1,0,55.4482
26.0167,13.3073,-8.37684,4091.71,4102.21,-96.4426,1,0,55.4482
26.025,13.3047,-8.37712,4090.9,4101.4,-96.4451,1,0,55.4482
26.0333,13.3022,-8.3774,4090.1,4100.6,-96.4477,1,0,55.4482
26.0417,13.2996,-8.37768,4089.3,4099.8,-96.4502,1,0,55.4482
26.05,13.297,-8.37796,4088.49,4098.99,-96.4527,1,0,55.4482
26.0583,13.2944,-8.37824,4087.69,4098.19,-96.4551,1,0,55.4482
26.0667,13.2918,-8.37852,4086.88,4097.38,-96.4576,1,0,55.4482
26.075,13.2892,-8.37879,4086.08,4096.58,-96.46,1,0,55.4482
26.0833,13.2866,-8.37907,4085.28,4095.78,-96.4624,1,0,55.4482
26.0917,13.2841,-8.37934,4084.47,4094.97,-96.4648,1,0,55.4482
26.1,13.2815,-8.37961,4083.67,4094.17,-96.4672,1,0,55.4482
26.1083,13.2789,-8.37988,4082.87,4093.37,-96.4696,1,0,55.4482
26.1167,13.2763,-8.38015,4082.06,4092.56,-96.4719,1,0,55.4482
26.125,13.2737,-8.38041,4081.26,4091.76,-96.4742,1,0,55.4482
26.1333,13.2711,-8.38068,4080.45,4090.95,-96.4765,1,0,55.4482
26.1417,13.2685,-8.38094,4079.65,4090.15,-96.4788,1,0,55.4482
26.15,13.266,-8.3812,4078.85,4089.35,-96.481,1,0,55.4482
26.1583,13.2634,-8.38146,4078.04,4088.54,-96.4833,1,0,55.4482
26.1667,13.2608,-8.38172,4077.24,4087.74,-96.4855,1,0,55.4482
26.175,13.2582,-8.38198,4076.43,4086.93,-96.4877,1,0,55.4482
26.1833,13.2556,-8.38223,4075.63,4086.13,-96.4899,1,0,55.4482
26.1917,13.253,-8.38249,4074.83,4085.33,-96.4921,1,0,55.4482
26.2,13.2504,-8.38274,4074.02,4084.52,-96.4942,1,0,55.4482
26.2083,13.2479,-8.38299,4073.22,4083.72,-96.4963,1,0,55.4482
26.2167,13.2453,-8.38324,4072.41,4082.91,-96.4984,1,0,55.4482
26.225,13.2427,-8.38349,4071.61,4082.11,-96.5005,1,0,55.4482
26.2333,13.2401,-8.38374,4070.8,4081.3,-96.5026,1,0,55.4482
26.2417,13.2375,-8.38398,4070,4080.5,-96.5047,1,0,55.4482
26.25,13.2349,-8.38423,4069.2,4079.7,-96.5067,1,0,55.4482
26.2583,13.2323,-8.38447,4068.39,4078.89,-96.5087,1,0,55.4482
26.2667,13.2298,-8.38471,4067.59,4078.09,-96.5107,1,0,55.4482
26.275,13.2272,-8.38495,4066.78,4077.28,-96.5127,1,0,55.4482
26.2833,13.2246,-8.38519,4065.98,4076.48,-96.5147,1,0,55.4482
26.2917,13.222,-8.38542,4065.17,4075.67,-96.5166,1,0,55.4482
26.3,13.2194,-8.38566,4064.37,4074.87,-96.5186,1,0,55.4482
26.3083,13.2168,-8.38589,4063.57,4074.07,-96.5205,1,0,55.4482
26.3167,13.2142,-8.38612,4062.76,4073.26,-96.5224,1,0,55.4482
26.325,13.2117,-8.38636,4061.96,4072.46,-96.5243,1,0,55.4482
26.3333,13.2091,-8.38659,4061.15,4071.65,-96.5262,1,0,55.4482
26.3417,13.2065,-8.38681,4060.35,4070.85,-96.528,1,0,55.4482
26.35,13.2039,-8.38704,4059.54,4070.04,-96.5298,1,0,55.4482
26.3583,13.2013,-8.38727,4058.74,4069.24,-96.5317,1,0,55.4482
26.3667,13.1987,-8.38749,4057.94,4068.44,-96.5335,1,0,55.4482
26.375,13.1961,-8.38771,4057.13,4067.63,-96.5353,1,0,55.4482
26.3833,13.1935,-8.38793,4056.33,4066.83,-96.537,1,0,55.4482
26.3917,13.191,-8.38815,4055.52,4066.02,-96.5388,1,0,55.4482
26.4,13.1884,-8.38837,4054.72,4065.22,-96.5405,1,0,55.4482
26.4083,13.1858,-8.38859,4053.91,4064.41,-96.5422,1,0,55.4482
26.4167,13.1832,-8.3888,4053.11,4063.61,-96.5439,1,0,55.4482
26.425,13.1806,-8.38902,4052.3,4062.8,-96.5456,1,0,55.4482
26.4333,13.178,-8.38923,4051.5,4062,-96.5473,1,0,55.4482
26.4417,13.1754,-8.38944,4050.69,4061.19,-96.549,1,0,55.4482
26.45,13.1728,-8.38965,4049.89,4060.39,-96.5506,1,0,55.4482
26.4583,13.1703,-8.38986,4049.09,4059.59,-96.5522,1,0,55.4482
26.4667,13.1677,-8.39007,4048.28,4058.78,-96.5538,1,0,55.4482
26.475,13.1651,-8.39028,4047.48,4057.98,-96.5554,1,0,55.4482
26.4833,13.1625,-8.39048,4046.67,4057.17,-96.557,1,0,55.4482
26.4917,13.1599,-8.39068,4045.87,4056.37,-96.5586,1,0,55.4482
26.5,13.1573,-8.39089,4045.06,4055.56,-96.5601,1,0,55.4482
26.5083,13.1547,-8.39109,4044.26,4054.76,-96.5617,1,0,55.4482
26.5167,13.1521,-8.39129,4043.45,4053.95,-96.5632,1,0,55.4482
26.525,13.1495,-8.39149,4042.65,4053.15,-96.5647,1,0,55.4482
26.5333,13.147,-8.39168,4041.84,4052.34,-96.5662,1,0,55.4482
26.5417,13.1444,-8.39188,4041.04,4051.54,-96.5677,1,0,55.4482
26.55,13.1418,-8.39207,4040.23,4050.73,-96.5691,1,0,55.4482
26.5583,13.1392,-8.39226,4039.43,4049.93,-96.5706,1,0,55.4482
26.5667,13.1366,-8.39246,4038.62,4049.12,-96.572,1,0,55.4482
26.575,13.134,-8.39265,4037.82,4048.32,-96.5735,1,0,55.4482
26.5833,13.1314,-8.39284,4037.01,4047.51,-96.5749,1,0,55.4482
26.5917,13.1288,-8.39302,4036.21,4046.71,-96.5762,1,0,55.4482
26.6,13.1263,-8.39321,4035.41,4045.91,-96.5776,1,0,55.4482
26.6083,13.1237,-8.39339,4034.6,4045.1,-96.579,1,0,55.4482
26.6167,13.1211,-8.39358,4033.8,4044.3,-96.5803,1,0,55.4482
26.625,13.1185,-8.39376,4032.99,4043.49,-96.5817,1,0,55.4482
26.6333,13.1159,-8.39394,4032.19,4042.69,-96.583,1,0,55.4482
26.6417,13.1133,-8.39412,4031.38,4041.88,-96.5843,1,0,55.4482
26.65,13.1107,-8.3943,4030.58,4041.08,-96.5856,1,0,55.4482
26.6583,13.1081,-8.39448,4029.77,4040.27,-96.5869,1,0,55.4482
26.6667,13.1055,-8.39465,4028.97,4039.47,-96.5882,1,0,55.4482
26.675,13.1029,-8.39483,4028.16,4038.66,-96.5894,1,0,55.4482
26.6833,13.1004,-8.395,4027.36,4037.86,-96.5906,1,0,55.4482
26.6917,13.0978,-8.39518,4026.55,4037.05,-96.5919,1,0,55.4482
26.7,13.0952,-8.39535,4025.75,4036.25,-96.5931,1,0,55.4482
26.7083,13.0926,-8.39552,4024.94,4035.44,-96.5943,1,0,55.4482
26.7167,13.09,-8.39569,4024.14,4034.64,-96.5955,1,0,55.4482
26.725,13.0874,-8.39585,4023.33,4033.83,-96.5967,1,0,55.4482
26.7333,13.0848,-8.39602,4022.53,4033.03,-96.5978,1,0,55.4482
26.7417,13.0822,-8.39618,4021.72,4032.22,-96.599,1,0,55.4482
26.75,13.0796,-8.39635,4020.92,4031.42,-96.6001,1,0,55.4482
26.7583,13.0771,-8.39651,4020.11,4030.61,-96.6012,1,0,55.4482
26.7667,13.0745,-8.39667,4019.31,4029.81,-96.6023,1,0,55.4482
26.775,13.0719,-8.39683,4018.5,4029,-96.6034,1,0,55.4482
26.7833,13.0693,-8.39699,4017.7,4028.2,-96.6045,1,0,55.4482
26.7917,13.0667,-8.39715,4016.89,4027.39,-96.6056,1,0,55.4482
26.8,13.0641,-8.3973,4016.09,4026.59,-96.6067,1,0,55.4482
26.8083,13.0615,-8.39746,4015.28,4025.78,-96.6077,1,0,55.4482
26.8167,13.0589,-8.39761,4014.48,4024.98,-96.6088,1,0,55.4482
26.825,13.0563,-8.39777,4013.67,4024.17,-96.6098,1,0,55.4482
26.8333,13.0537,-8.39792,4012.87,4023.37,-96.6108,1,0,55.4482
26.8417,13.0512,-8.39807,4012.06,4022.56,-96.6118,1,0,55.4482
26.85,13.0486,-8.39822,4011.26,4021.76,-96.6128,1,0,55.4482
26.8583,13.046,-8.39837,4010.45,4020.95,-96.6138,1,0,55.4482
26.8667,13.0434,-8.39851,4009.65,4020.15,-96.6147,1,0,55.4482
26.875,13.0408,-8.39866,4008.84,4019.34,-96.6157,1,0,55.4482
26.8833,13.0382,-8.3988,4008.04,4018.54,-96.6166,1,0,55.4482
26.8917,13.0356,-8.39895,4007.23,4017.73,-96.6176,1,0,55.4482
26.9,13.033,-8.39909,4006.43,4016.93,-96.6185,1,0,55.4482
26.9083,13.0304,-8.39923,4005.62,4016.12,-96.6194,1,0,55.4482
26.9167,13.0278,-8.39937,4004.81,4015.31,-96.6203,1,0,55.4482
26.925,13.0253,-8.39951,4004.01,4014.51,-96.6212,1,0,55.4482
26.9333,13.0227,-8.39964,4003.2,4013.7,-96.622,1,0,55.4482
26.9417,13.0201,-8.39978,4002.4,4012.9,-96.6229,1,0,55.4482
26.95,13.0175,-8.39992,4001.59,4012.09,-96.6238,1,0,55.4482
26.9583,13.0149,-8.40005,4000.79,4011.29,-96.6246,1,0,55.4482
26.9667,13.0123,-8.40018,3999.98,4010.48,-96.6254,1,0,55.4482
26.975,13.0097,-8.40031,3999.18,4009.68,-96.6262,1,0,55.4482
26.9833,13.0071,-8.40045,3998.37,4008.87,-96.627,1,0,55.4482
26.9917,13.0045,-8.40058,3997.57,4008.07,-96.6278,1,0,55.4482
27,13.0019,-8.4007,3996.76,4007.26,-96.6286,1,0,55.4482
27.0083,12.9993,-8.40083,3995.96,4006.46,-96.6294,1,0,55.4482
27.0167,12.9968,-8.40096,3995.15,4005.65,-96.6302,1,0,55.4482
27.025,12.9942,-8.40108,3994.35,4004.85,-96.6309,1,0,55.4482
27.0333,12.9916,-8.40121,3993.54,4004.04,-96.6317,1,0,55.4482
27.0417,12.989,-8.40133,3992.74,4003.24,-96.6324,1,0,55.4482
27.05,12.9864,-8.40145,3991.93,4002.43,-96.6331,1,0,55.4482
27.0583,12.9838,-8.40157,3991.13,4001.63,-96.6338,1,0,55.4482
27.0667,12.9812,-8.40169,3990.32,4000.82,-96.6345,1,0,55.4482
27.075,12.9786,-8.40181,3989.52,4000.02,-96.6352,1,0,55.4482
27.0833,12.976,-8.40192,3988.71,3999.21,-96.6359,1,0,55.4482
27.0917,12.9734,-8.40204,3987.9,3998.4,-96.6366,1,0,55.4482
27.1,12.9708,-8.40216,3987.1,3997.6,-96.6372,1,0,55.4482
27.1083,12.9683,-8.40227,3986.29,3996.79,-96.6379,1,0,55.4482
27.1167,12.9657,-8.40238,3985.49,3995.99,-96.6385,1,0,55.4482
27.125,12.9631,-8.40249,3984.68,3995.18,-96.6392,1,0,55.4482
27.1333,12.9605,-8.4026,3983.88,3994.38,-96.6398,1,0,55.4482
27.1417,12.9579,-8.40271,3983.07,3993.57,-96.6404,1,0,55.4482
27.15,12.9553,-8.40282,3982.27,3992.77,-96.641,1,0,55.4482
27.1583,12.9527,-8.40293,3981.46,3991.96,-96.6416,1,0,55.4482
27.1667,12.9501,-8.40304,3980.66,3991.16,-96.6422,1,0,55.4482
27.175,12.9475,-8.40314,3979.85,3990.35,-96.6427,1,0,55.4482
27.1833,12.9449,-8.40325,3979.05,3989.55,-96.6433,1,0,55.4482
27.1917,12.9423,-8.40335,3978.24,3988.74,-96.6438,1,0,55.4482
27.2,12.9397,-8.40345,3977.44,3987.94,-96.6444,1,0,55.4482
27.2083,12.9372,-8.40355,3976.63,3987.13,-96.6449,1,0,55.4482
27.2167,12.9346,-8.40365,3975.82,3986.32,-96.6454,1,0,55.4482
27.225,12.932,-8.40375,3975.02,3985.52,-96.646,1,0,55.4482
27.2333,12.9294,-8.40385,3974.21,3984.71,-96.6465,1,0,55.4482
27.2417,12.9268,-8.40394,3973.41,3983.91,-96.647,1,0,55.4482
27.25,12.9242,-8.40404,3972.6,3983.1,-96.6474,1,0,55.4482
27.2583,12.9216,-8.40414,3971.8,3982.3,-96.6479,1,0,55.4482
27.2667,12.919,-8.40423,3970.99,3981.49,-96.6484,1,0,55.4482
27.275,12.9164,-8.40432,3970.19,3980.69,-96.6489,1,0,55.4482
27.2833,12.9138,-8.40441,3969.38,3979.88,-96.6493,1,0,55.4482
27.2917,12.9112,-8.4045,3968.58,3979.08,-96.6497,1,0,55.4482
27.3,12.9086,-8.40459,3967.77,3978.27,-96.6502,1,0,55.4482
27.3083,12.9061,-8.40468,3966.97,3977.47,-96.6506,1,0,55.4482
27.3167,12.9035,-8.40477,3966.16,3976.66,-96.651,1,0,55.4482
27.325,12.9009,-8.40486,3965.35,3975.85,-96.6514,1,0,55.4482
27.3333,12.8983,-8.40494,3964.55,3975.05,-96.6518,1,0,55.4482
27.3417,12.8957,-8.40502,3963.74,3974.24,-96.6522,1,0,55.4482
27.35,12.8931,-8.40511,3962.94,3973.44,-96.6526,1,0,55.4482
27.3583,12.8905,-8.40519,3962.13,3972.63,-96.653,1,0,55.4482
27.3667,12.8879,-8.40527,3961.33,3971.83,-96.6533,1,0,55.4482
27.375,12.8853,-8.40535,3960.52,3971.02,-96.6537,1,0,55.4482
27.3833,12.8827,-8.40543,3959.72,3970.22,-96.654,1,0,55.4482
27.3917,12.8801,-8.40551,3958.91,3969.41,-96.6544,1,0,55.4482
27.4,12.8775,-8.40559,3958.11,3968.61,-96.6547,1,0,55.4482
27.4083,12.875,-8.40566,3957.3,3967.8,-96.655,1,0,55.4482
27.4167,12.8724,-8.40574,3956.49,3966.99,-96.6553,1,0,55.4482
27.425,12.8698,-8.40581,3955.69,3966.19,-96.6556,1,0,55.4482
27.4333,12.8672,-8.40589,3954.88,3965.38,-96.6559,1,0,55.4482
27.4417,12.8646,-8.40596,3954.08,3964.58,-96.6562,1,0,55.4482
27.45,12.862,-8.40603,3953.27,3963.77,-96.6565,1,0,55.4482
27.4583,12.8594,-8.4061,3952.47,3962.97,-96.6568,1,0,55.4482
27.4667,12.8568,-8.40617,3951.66,3962.16,-96.6571,1,0,55.4482
27.475,12.8542,-8.40624,3950.86,3961.36,-96.6573,1,0,55.4482
27.4833,12.8516,-8.40631,3950.05,3960.55,-96.6576,1,0,55.4482
27.4917,12.849,-8.40637,3949.24,3959.74,-96.6578,1,0,55.4482
27.5,12.8464,-8.40644,3948.44,3958.94,-96.658,1,0,55.4482
27.5083,12.8438,-8.4065,3947.63,3958.13,-96.6583,1,0,55.4482
27.5167,12.8413,-8.40657,3946.83,3957.33,-96.6585,1,0,55.4482
27.525,12.8387,-8.40663,3946.02,3956.52,-96.6587,1,0,55.4482
27.5333,12.8361,-8.40669,3945.22,3955.72,-96.6589,1,0,55.4482
27.5417,12.8335,-8.40675,3944.41,3954.91,-96.6591,1,0,55.4482
27.55,12.8309,-8.40681,3943.61,3954.11,-96.6593,1,0,55.4482
27.5583,12.8283,-8.40687,3942.8,3953.3,-96.6595,1,0,55.4482
27.5667,12.8257,-8.40693,3942,3952.5,-96.6596,1,0,55.4482
27.575,12.8231,-8.40699,3941.19,3951.69,-96.6598,1,0,55.4482
27.5833,12.8205,-8.40704,3940.38,3950.88,-96.66,1,0,55.4482
27.5917,12.8179,-8.4071,3939.58,3950.08,-96.6601,1,0,55.4482
27.6,12.8153,-8.40715,3938.77,3949.27,-96.6603,1,0,55.4482
27.6083,12.8127,-8.40721,3937.97,3948.47,-96.6604,1,0,55.4482
27.6167,12.8101,-8.40726,3937.16,3947.66,-96.6605,1,0,55.4482
27.625,12.8076,-8.40731,3936.36,3946.86,-96.6606,1,0,55.4482
27.6333,12.805,-8.40736,3935.55,3946.05,-96.6608,1,0,55.4482
27.6417,12.8024,-8.40741,3934.75,3945.25,-96.6609,1,0,55.4482
27.65,12.7998,-8.40746,3933.94,3944.44,-96.661,1,0,55.4482
27.6583,12.7972,-8.40751,3933.13,3943.63,-96.6611,1,0,55.4482
27.6667,12.7946,-8.40756,3932.33,3942.83,-96.6611,1,0,55.4482
27.675,12.792,-8.4076,3931.52,3942.02,-96.6612,1,0,55.4482
27.6833,12.7894,-8.40765,3930.72,3941.22,-96.6613,1,0,55.4482
27.6917,12.7868,-8.40769,3929.91,3940.41,-96.6614,1,0,55.4482
27.7,12.7842,-8.40773,3929.11,3939.61,-96.6614,1,0,55.4482
27.7083,12.7816,-8.40778,3928.3,3938.8,-96.6615,1,0,55.4482
27.7167,12.779,-8.40782,3927.5,3938,-96.6615,1,0,55.4482
27.725,12.7764,-8.40786,3926.69,3937.19,-96.6616,1,0,55.4482
27.7333,12.7738,-8.4079,3925.89,3936.39,-96.6616,1,0,55.4482
27.7417,12.7713,-8.40794,3925.08,3935.58,-96.6616,1,0,55.4482
27.75,12.7687,-8.40798,3924.27,3934.77,-96.6616,1,0,55.4482
27.7583,12.7661,-8.40801,3923.47,3933.97,-96.6617,1,0,55.4482
27.7667,12.7635,-8.40805,3922.66,3933.16,-96.6617,1,0,55.4482
27.775,12.7609,-8.40808,3921.86,3932.36,-96.6617,1,0,55.4482
27.7833,12.7583,-8.40812,3921.05,3931.55,-96.6617,1,0,55.4482
27.7917,12.7557,-8.40815,3920.25,3930.75,-96.6616,1,0,55.4482
27.8,12.7531,-8.40819,3919.44,3929.94,-96.6616,1,0,55.4482
27.8083,12.7505,-8.40822,3918.64,3929.14,-96.6616,1,0,55.4482
27.8167,12.7479,-8.40825,3917.83,3928.33,-96.6616,1,0,55.4482
27.825,12.7453,-8.40828,3917.02,3927.52,-96.6615,1,0,55.4482
27.8333,12.7427,-8.40831,3916.22,3926.72,-96.6615,1,0,55.4482
27.8417,12.7401,-8.40834,3915.41,3925.91,-96.6614,1,0,55.4482
27.85,12.7376,-8.40836,3914.61,3925.11,-96.6614,1,0,55.4482
27.8583,12.735,-8.40839,3913.8,3924.3,-96.6613,1,0,55.4482
27.8667,12.7324,-8.40842,3913,3923.5,-96.6612,1,0,55.4482
27.875,12.7298,-8.40844,3912.19,3922.69,-96.6612,1,0,55.4482
27.8833,12.7272,-8.40847,3911.39,3921.89,-96.6611,1,0,55.4482
27.8917,12.7246,-8.40849,3910.58,3921.08,-96.661,1,0,55.4482
27.9,12.722,-8.40851,3909.77,3920.27,-96.6609,1,0,55.4482
27.9083,12.7194,-8.40853,3908.97,3919.47,-96.6608,1,0,55.4482
27.9167,12.7168,-8.40855,3908.16,3918.66,-96.6607,1,0,55.4482
27.925,12.7142,-8.40857,3907.36,3917.86,-96.6606,1,0,55.4482
27.9333,12.7116,-8.40859,3906.55,3917.05,-96.6605,1,0,55.4482
27.9417,12.709,-8.40861,3905.75,3916.25,-96.6604,1,0,55.4482
27.95,12.7064,-8.40863,3904.94,3915.44,-96.6602,1,0,55.4482
27.9583,12.7038,-8.40865,3904.14,3914.64,-96.6601,1,0,55.4482
27.9667,12.7013,-8.40866,3903.33,3913.83,-96.66,1,0,55.4482
27.975,12.6987,-8.40868,3902.53,3913.03,-96.6598,1,0,55.4482
27.9833,12.6961,-8.40869,3901.72,3912.22,-96.6597,1,0,55.4482
27.9917,12.6935,-8.40871,3900.91,3911.41,-96.6595,1,0,55.4482
28,12.6909,-8.40872,3900.11,3910.61,-96.6593,1,0,55.4482
28.0083,12.6883,-8.40873,3899.3,3909.8,-96.6592,1,0,55.4482
28.0167,12.6857,-8.40874,3898.5,3909,-96.659,1,0,55.4482
28.025,12.6831,-8.40875,3897.69,3908.19,-96.6588,1,0,55.4482
28.0333,12.6805,-8.40876,3896.89,3907.39,-96.6586,1,0,55.4482
28.0417,12.6779,-8.40877,3896.08,3906.58,-96.6584,1,0,55.4482
28.05,12.6753,-8.40878,3895.28,3905.78,-96.6583,1,0,55.4482
28.0583,12.6727,-8.40878,3894.47,3904.97,-96.6581,1,0,55.4482
28.0667,12.6701,-8.40879,3893.66,3904.16,-96.6578,1,0,55.4482
28.075,12.6675,-8.40879,3892.86,3903.36,-96.6576,1,0,55.4482
28.0833,12.665,-8.4088,3892.05,3902.55,-96.6574,1,0,55.4482
28.0917,12.6624,-8.4088,3891.25,3901.75,-96.6572,1,0,55.4482
28.1,12.6598,-8.40881,3890.44,3900.94,-96.657,1,0,55.4482
28.1083,12.6572,-8.40881,3889.64,3900.14,-96.6567,1,0,55.4482
28.1167,12.6546,-8.40881,3888.83,3899.33,-96.6565,1,0,55.4482
28.125,12.652,-8.40881,3888.03,3898.53,-96.6563,1,0,55.4482
28.1333,12.6494,-8.40881,3887.22,3897.72,-96.656,1,0,55.4482
28.1417,12.6468,-8.40881,3886.42,3896.92,-96.6558,1,0,55.4482
28.15,12.6442,-8.40881,3885.61,3896.11,-96.6555,1,0,55.4482
28.1583,12.6416,-8.40881,3884.8,3895.3,-96.6552,1,0,55.4482
28.1667,12.639,-8.4088,3884,3894.5,-96.655,1,0,55.4482
28.175,12.6364,-8.4088,3883.19,3893.69,-96.6547,1,0,55.4482
28.1833,12.6338,-8.40879,3882.39,3892.89,-96.6544,1,0,55.4482
28.1917,12.6312,-8.40879,3881.58,3892.08,-96.6541,1,0,55.4482
28.2,12.6286,-8.40878,3880.78,3891.28,-96.6539,1,0,55.4482
28.2083,12.6261,-8.40877,3879.97,3890.47,-96.6536,1,0,55.4482
28.2167,12.6235,-8.40877,3879.17,3889.67,-96.6533,1,0,55.4482
28.225,12.6209,-8.40876,3878.36,3888.86,-96.653,1,0,55.4482
28.2333,12.6183,-8.40875,3877.56,3888.06,-96.6527,1,0,55.4482
28.2417,12.6157,-8.40874,3876.75,3887.25,-96.6523,1,0,55.4482
28.25,12.6131,-8.40873,3875.94,3886.44,-96.652,1,0,55.4482
28.2583,12.6105,-8.40872,3875.14,3885.64,-96.6517,1,0,55.4482
28.2667,12.6079,-8.4087,3874.33,3884.83,-96.6514,1,0,55.4482
28.275,12.6053,-8.40869,3873.53,3884.03,-96.651,1,0,55.4482
28.2833,12.6027,-8.40868,3872.72,3883.22,-96.6507,1,0,55.4482
28.2917,12.6001,-8.40866,3871.92,3882.42,-96.6504,1,0,55.4482
28.3,12.5975,-8.40865,3871.11,3881.61,-96.65,1,0,55.4482
28.3083,12.5949,-8.40863,3870.31,3880.81,-96.6497,1,0,55.4482
28.3167,12.5923,-8.40862,3869.5,3880,-96.6493,1,0,55.4482
28.325,12.5898,-8.4086,3868.7,3879.2,-96.649,1,0,55.4482
28.3333,12.5872,-8.40858,3867.89,3878.39,-96.6486,1,0,55.4482
28.3417,12.5846,-8.40856,3867.09,3877.59,-96.6482,1,0,55.4482
28.35,12.582,-8.40854,3866.28,3876.78,-96.6479,1,0,55.4482
28.3583,12.5794,-8.40852,3865.47,3875.97,-96.6475,1,0,55.4482
28.3667,12.5768,-8.4085,3864.67,3875.17,-96.6471,1,0,55.4482
28.375,12.5742,-8.40848,3863.86,3874.36,-96.6467,1,0,55.4482
28.3833,12.5716,-8.40846,3863.06,3873.56,-96.6463,1,0,55.4482
28.3917,12.569,-8.40843,3862.25,3872.75,-96.646,1,0,55.4482
28.4,12.5664,-8.40841,3861.45,3871.95,-96.6456,1,0,55.4482
28.4083,12.5638,-8.40838,3860.64,3871.14,-96.6452,1,0,55.4482
28.4167,12.5612,-8.40836,3859.84,3870.34,-96.6448,1,0,55.4482
28.425,12.5586,-8.40833,3859.03,3869.53,-96.6443,1,0,55.4482
28.4333,12.556,-8.40831,3858.23,3868.73,-96.6439,1,0,55.4482
28.4417,12.5535,-8.40828,3857.42,3867.92,-96.6435,1,0,55.4482
28.45,12.5509,-8.40825,3856.62,3867.12,-96.6431,1,0,55.4482
28.4583,12.5483,-8.40822,3855.81,3866.31,-96.6427,1,0,55.4482
28.4667,12.5457,-8.40819,3855,3865.5,-96.6422,1,0,55.4482
28.475,12.5431,-8.40816,3854.2,3864.7,-96.6418,1,0,55.4482
28.4833,12.5405,-8.40813,3853.39,3863.89,-96.6414,1,0,55.4482
28.4917,12.5379,-8.4081,3852.59,3863.09,-96.6409,1,0,55.4482
28.5,12.5353,-8.40807,3851.78,3862.28,-96.6405,1,0,55.4482
28.5083,12.5327,-8.40803,3850.98,3861.48,-96.64,1,0,55.4482
28.5167,12.5301,-8.408,3850.17,3860.67,-96.6396,1,0,55.4482
28.525,12.5275,-8.40796,3849.37,3859.87,-96.6391,1,0,55.4482
28.5333,12.5249,-8.40793,3848.56,3859.06,-96.6386,1,0,55.4482
28.5417,12.5223,-8.40789,3847.76,3858.26,-96.6382,1,0,55.4482
28.55,12.5197,-8.40786,3846.95,3857.45,-96.6377,1,0,55.4482
28.5583,12.5172,-8.40782,3846.15,3856.65,-96.6372,1,0,55.4482
28.5667,12.5146,-8.40778,3845.34,3855.84,-96.6368,1,0,55.4482
28.575,12.512,-8.40774,3844.54,3855.04,-96.6363,1,0,55.4482
28.5833,12.5094,-8.40771,3843.73,3854.23,-96.6358,1,0,55.4482
28.5917,12.5068,-8.40767,3842.92,3853.42,-96.6353,1,0,55.4482
28.6,12.5042,-8.40762,3842.12,3852.62,-96.6348,1,0,55.4482
28.6083,12.5016,-8.40758,3841.31,3851.81,-96.6343,1,0,55.4482
28.6167,12.499,-8.40754,3840.51,3851.01,-96.6338,1,0,55.4482
28.625,12.4964,-8.4075,3839.7,3850.2,-96.6333,1,0,55.4482
28.6333,12.4938,-8.40746,3838.9,3849.4,-96.6328,1,0,55.4482
28.6417,12.4912,-8.40741,3838.09,3848.59,-96.6323,1,0,55.4482
28.65,12.4886,-8.40737,3837.29,3847.79,-96.6318,1,0,55.4482
28.6583,12.486,-8.40732,3836.48,3846.98,-96.6313,1,0,55.4482
28.6667,12.4834,-8.40728,3835.68,3846.18,-96.6307,1,0,55.4482
28.675,12.4809,-8.40723,3834.87,3845.37,-96.6302,1,0,55.4482
28.6833,12.4783,-8.40718,3834.07,3844.57,-96.6297,1,0,55.4482
28.6917,12.4757,-8.40714,3833.26,3843.76,-96.6291,1,0,55.4482
28.7,12.4731,-8.40709,3832.46,3842.96,-96.6286,1,0,55.4482
28.7083,12.4705,-8.40704,3831.65,3842.15,-96.6281,1,0,55.4482
28.7167,12.4679,-8.40699,3830.85,3841.35,-96.6275,1,0,55.4482
28.725,12.4653,-8.40694,3830.04,3840.54,-96.627,1,0,55.4482
28.7333,12.4627,-8.40689,3829.23,3839.73,-96.6264,1,0,55.4482
28.7417,12.4601,-8.40684,3828.43,3838.93,-96.6259,1,0,55.4482
28.75,12.4575,-8.40678,3827.62,3838.12,-96.6253,1,0,55.4482
28.7583,12.4549,-8.40673,3826.82,3837.32,-96.6248,1,0,55.4482
28.7667,12.4523,-8.40668,3826.01,3836.51,-96.6242,1,0,55.4482
28.775,12.4497,-8.40662,3825.21,3835.71,-96.6236,1,0,55.4482
28.7833,12.4472,-8.40657,3824.4,3834.9,-96.6231,1,0,55.4482
28.7917,12.4446,-8.40651,3823.6,3834.1,-96.6225,1,0,55.4482
28.8,12.442,-8.40646,3822.79,3833.29,-96.6219,1,0,55.4482
28.8083,12.4394,-8.4064,3821.99,3832.49,-96.6213,1,0,55.4482
28.8167,12.4368,-8.40635,3821.18,3831.68,-96.6207,1,0,55.4482
28.825,12.4342,-8.40629,3820.38,3830.88,-96.6202,1,0,55.4482
28.8333,12.4316,-8.40623,3819.57,3830.07,-96.6196,1,0,55.4482
28.8417,12.429,-8.40617,3818.77,3829.27,-96.619,1,0,55.4482
28.85,12.4264,-8.40611,3817.96,3828.46,-96.6184,1,0,55.4482
28.8583,12.4238,-8.40605,3817.16,3827.66,-96.6178,1,0,55.4482
28.8667,12.4212,-8.40599,3816.35,3826.85,-96.6172,1,0,55.4482
28.875,12.4186,-8.40593,3815.55,3826.05,-96.6166,1,0,55.4482
28.8833,12.416,-8.40587,3814.74,3825.24,-96.616,1,0,55.4482
28.8917,12.4134,-8.4058,3813.94,3824.44,-96.6154,1,0,55.4482
28.9,12.4109,-8.40574,3813.13,3823.63,-96.6147,1,0,55.4482
28.9083,12.4083,-8.40568,3812.33,3822.83,-96.6141,1,0,55.4482
28.9167,12.4057,-8.40561,3811.52,3822.02,-96.6135,1,0,55.4482
28.925,12.4031,-8.40555,3810.72,3821.22,-96.6129,1,0,55.4482
28.9333,12.4005,-8.40548,3809.91,3820.41,-96.6123,1,0,55.4482
28.9417,12.3979,-8.40541,3809.11,3819.61,-96.6116,1,0,55.4482
28.95,12.3953,-8.40535,3808.3,3818.8,-96.611,1,0,55.4482
28.9583,12.3927,-8.40528,3807.5,3818,-96.6104,1,0,55.4482
28.9667,12.3901,-8.40521,3806.69,3817.19,-96.6097,1,0,55.4482
28.975,12.3875,-8.40514,3805.89,3816.39,-96.6091,1,0,55.4482
28.9833,12.3849,-8.40507,3805.08,3815.58,-96.6084,1,0,55.4482
28.9917,12.3823,-8.405,3804.28,3814.78,-96.6078,1,0,55.4482
29,12.3797,-8.40493,3803.47,3813.97,-96.6071,1,0,55.4482
29.0083,12.3772,-8.40486,3802.67,3813.17,-96.6065,1,0,55.4482
29.0167,12.3746,-8.40479,3801.86,3812.36,-96.6058,1,0,55.4482
29.025,12.372,-8.40472,3801.06,3811.56,-96.6052,1,0,55.4482
29.0333,12.3694,-8.40465,3800.25,3810.75,-96.6045,1,0,55.4482
29.0417,12.3668,-8.40457,3799.45,3809.95,-96.6038,1,0,55.4482
29.05,12.3642,-8.4045,3798.64,3809.14,-96.6032,1,0,55.4482
29.0583,12.3616,-8.40443,3797.83,3808.33,-96.6025,1,0,55.4482
29.0667,12.359,-8.40435,3797.03,3807.53,-96.6018,1,0,55.4482
29.075,12.3564,-8.40428,3796.22,3806.72,-96.6012,1,0,55.4482
29.0833,12.3538,-8.4042,3795.42,3805.92,-96.6005,1,0,55.4482
29.0917,12.3512,-8.40412,3794.61,3805.11,-96.5998,1,0,55.4482
29.1,12.3486,-8.40405,3793.81,3804.31,-96.5991,1,0,55.4482
29.1083,12.346,-8.40397,3793,3803.5,-96.5984,1,0,55.4482
29.1167,12.3435,-8.40389,3792.2,3802.7,-96.5977,1,0,55.4482
29.125,12.3409,-8.40381,3791.39,3801.89,-96.597,1,0,55.4482
29.1333,12.3383,-8.40373,3790.59,3801.09,-96.5964,1,0,55.4482
29.1417,12.3357,-8.40365,3789.79,3800.29,-96.5957,1,0,55.4482
29.15,12.3331,-8.40357,3788.98,3799.48,-96.595,1,0,55.4482
29.1583,12.3305,-8.40349,3788.18,3798.68,-96.5943,1,0,55.4482
29.1667,12.3279,-8.40341,3787.37,3797.87,-96.5936,1,0,55.4482
29.175,12.3253,-8.40333,3786.57,3797.07,-96.5928,1,0,55.4482
29.1833,12.3227,-8.40324,3785.76,3796.26,-96.5921,1,0,55.4482
29.1917,12.3201,-8.40316,3784.96,3795.46,-96.5914,1,0,55.4482
29.2,12.3175,-8.40308,3784.15,3794.65,-96.5907,1,0,55.4482
29.2083,12.3149,-8.40299,3783.35,3793.85,-96.59,1,0,55.4482
29.2167,12.3123,-8.40291,3782.54,3793.04,-96.5893,1,0,55.4482
29.225,12.3098,-8.40282,3781.74,3792.24,-96.5886,1,0,55.4482
29.2333,12.3072,-8.40273,3780.93,3791.43,-96.5878,1,0,55.4482
29.2417,12.3046,-8.40265,3780.13,3790.63,-96.5871,1,0,55.4482
29.25,12.302,-8.40256,3779.32,3789.82,-96.5864,1,0,55.4482
29.2583,12.2994,-8.40247,3778.52,3789.02,-96.5856,1,0,55.4482
29.2667,12.2968,-8.40238,3777.71,3788.21,-96.5849,1,0,55.4482
29.275,12.2942,-8.4023,3776.91,3787.41,-96.5842,1,0,55.4482
29.2833,12.2916,-8.40221,3776.1,3786.6,-96.5834,1,0,55.4482
29.2917,12.289,-8.40212,3775.3,3785.8,-96.5827,1,0,55.4482
29.3,12.2864,-8.40203,3774.49,3784.99,-96.5819,1,0,55.4482
29.3083,12.2838,-8.40194,3773.69,3784.19,-96.5812,1,0,55.4482
29.3167,12.2812,-8.40184,3772.88,3783.38,-96.5805,1,0,55.4482
29.325,12.2787,-8.40175,3772.08,3782.58,-96.5797,1,0,55.4482
29.3333,12.2761,-8.40166,3771.27,3781.77,-96.579,1,0,55.4482
29.3417,12.2735,-8.40157,3770.47,3780.97,-96.5782,1,0,55.4482
29.35,12.2709,-8.40147,3769.66,3780.16,-96.5774,1,0,55.4482
29.3583,12.2683,-8.40138,3768.86,3779.36,-96.5767,1,0,55.4482
29.3667,12.2657,-8.40129,3768.05,3778.55,-96.5759,1,0,55.4482
29.375,12.2631,-8.40119,3767.25,3777.75,-96.5752,1,0,55.4482
29.3833,12.2605,-8.4011,3766.44,3776.94,-96.5744,1,0,55.4482
29.3917,12.2579,-8.401,3765.64,3776.14,-96.5736,1,0,55.4482
29.4,12.2553,-8.4009,3764.83,3775.33,-96.5729,1,0,55.4482
29.4083,12.2527,-8.40081,3764.03,3774.53,-96.5721,1,0,55.4482
29.4167,12.2501,-8.40071,3763.22,3773.72,-96.5713,1,0,55.4482
29.425,12.2476,-8.40061,3762.42,3772.92,-96.5705,1,0,55.4482
29.4333,12.245,-8.40051,3761.61,3772.11,-96.5697,1,0,55.4482
29.4417,12.2424,-8.40041,3760.81,3771.31,-96.569,1,0,55.4482
29.45,12.2398,-8.40031,3760.01,3770.51,-96.5682,1,0,55.4482
29.4583,12.2372,-8.40021,3759.2,3769.7,-96.5674,1,0,55.4482
29.4667,12.2346,-8.40011,3758.4,3768.9,-96.5666,1,0,55.4482
29.475,12.232,-8.40001,3757.59,3768.09,-96.5658,1,0,55.4482
29.4833,12.2294,-8.39991,3756.79,3767.29,-96.565,1,0,55.4482
29.4917,12.2268,-8.39981,3755.98,3766.48,-96.5642,1,0,55.4482
29.5,12.2242,-8.39971,3755.18,3765.68,-96.5634,1,0,55.4482
29.5083,12.2216,-8.3996,3754.37,3764.87,-96.5626,1,0,55.4482
29.5167,12.219,-8.3995,3753.57,3764.07,-96.5618,1,0,55.4482
29.525,12.2165,-8.39939,3752.76,3763.26,-96.561,1,0,55.4482
29.5333,12.2139,-8.39929,3751.96,3762.46,-96.5602,1,0,55.4482
29.5417,12.2113,-8.39919,3751.15,3761.65,-96.5594,1,0,55.4482
29.55,12.2087,-8.39908,3750.35,3760.85,-96.5586,1,0,55.4482
29.5583,12.2061,-8.39897,3749.54,3760.04,-96.5578,1,0,55.4482
29.5667,12.2035,-8.39887,3748.74,3759.24,-96.557,1,0,55.4482
29.575,12.2009,-8.39876,3747.94,3758.44,-96.5562,1,0,55.4482
29.5833,12.1983,-8.39865,3747.13,3757.63,-96.5554,1,0,55.4482
29.5917,12.1957,-8.39855,3746.33,3756.83,-96.5546,1,0,55.4482
29.6,12.1931,-8.39844,3745.52,3756.02,-96.5537,1,0,55.4482
29.6083,12.1905,-8.39833,3744.72,3755.22,-96.5529,1,0,55.4482
29.6167,12.1879,-8.39822,3743.91,3754.41,-96.5521,1,0,55.4482
29.625,12.1854,-8.39811,3743.11,3753.61,-96.5513,1,0,55.4482
29.6333,12.1828,-8.398,3742.3,3752.8,-96.5504,1,0,55.4482
29.6417,12.1802,-8.39789,3741.5,3752,-96.5496,1,0,55.4482
29.65,12.1776,-8.39778,3740.69,3751.19,-96.5488,1,0,55.4482
29.6583,12.175,-8.39767,3739.89,3750.39,-96.5479,1,0,55.4482
29.6667,12.1724,-8.39755,3739.08,3749.58,-96.5471,1,0,55.4482
29.675,12.1698,-8.39744,3738.28,3748.78,-96.5463,1,0,55.4482
29.6833,12.1672,-8.39733,3737.48,3747.98,-96.5454,1,0,55.4482
29.6917,12.1646,-8.39721,3736.67,3747.17,-96.5446,1,0,55.4482
29.7,12.162,-8.3971,3735.87,3746.37,-96.5438,1,0,55.4482
29.7083,12.1594,-8.39699,3735.06,3745.56,-96.5429,1,0,55.4482
29.7167,12.1569,-8.39687,3734.26,3744.76,-96.5421,1,0,55.4482
29.725,12.1543,-8.39676,3733.45,3743.95,-96.5412,1,0,55.4482
29.7333,12.1517,-8.39664,3732.65,3743.15,-96.5404,1,0,55.4482
29.7417,12.1491,-8.39652,3731.84,3742.34,-96.5395,1,0,55.4482
29.75,12.1465,-8.39641,3731.04,3741.54,-96.5387,1,0,55.4482
29.7583,12.1439,-8.39629,3730.23,3740.73,-96.5378,1,0,55.4482
29.7667,12.1413,-8.39617,3729.43,3739.93,-96.537,1,0,55.4482
29.775,12.1387,-8.39605,3728.63,3739.13,-96.5361,1,0,55.4482
29.7833,12.1361,-8.39594,3727.82,3738.32,-96.5352,1,0,55.4482
29.7917,12.1335,-8.39582,3727.02,3737.52,-96.5344,1,0,55.4482
29.8,12.1309,-8.3957,3726.21,3736.71,-96.5335,1,0,55.4482
29.8083,12.1283,-8.39558,3725.41,3735.91,-96.5327,1,0,55.4482
29.8167,12.1258,-8.39546,3724.6,3735.1,-96.5318,1,0,55.4482
29.825,12.1232,-8.39534,3723.8,3734.3,-96.5309,1,0,55.4482
29.8333,12.1206,-8.39522,3722.99,3733.49,-96.5301,1,0,55.4482
29.8417,12.118,-8.39509,3722.19,3732.69,-96.5292,1,0,55.4482
29.85,12.1154,-8.39497,3721.39,3731.89,-96.5283,1,0,55.4482
29.8583,12.1128,-8.39485,3720.58,3731.08,-96.5274,1,0,55.4482
29.8667,12.1102,-8.39473,3719.78,3730.28,-96.5266,1,0,55.4482
29.875,12.1076,-8.3946,3718.97,3729.47,-96.5257,1,0,55.4482
29.8833,12.105,-8.39448,3718.17,3728.67,-96.5248,1,0,55.4482
29.8917,12.1024,-8.39436,3717.36,3727.86,-96.5239,1,0,55.4482
29.9,12.0999,-8.39423,3716.56,3727.06,-96.523,1,0,55.4482
29.9083,12.0973,-8.39411,3715.76,3726.26,-96.5222,1,0,55.4482
29.9167,12.0947,-8.39398,3714.95,3725.45,-96.5213,1,0,55.4482
29.925,12.0921,-8.39385,3714.15,3724.65,-96.5204,1,0,55.4482
29.9333,12.0895,-8.39373,3713.34,3723.84,-96.5195,1,0,55.4482
29.9417,12.0869,-8.3936,3712.54,3723.04,-96.5186,1,0,55.4482
29.95,12.0843,-8.39347,3711.73,3722.23,-96.5177,1,0,55.4482
29.9583,12.0817,-8.39335,3710.93,3721.43,-96.5168,1,0,55.4482
29.9667,12.0791,-8.39322,3710.12,3720.62,-96.5159,1,0,55.4482
29.975,12.0765,-8.39309,3709.32,3719.82,-96.515,1,0,55.4482
29.9833,12.0739,-8.39296,3708.52,3719.02,-96.5141,1,0,55.4482
29.9917,12.0714,-8.39283,3707.71,3718.21,-96.5132,1,0,55.4482
30,12.0688,-8.3927,3706.91,3717.41,-96.5123,1,0,55.4482
30.0083,12.0662,-8.39257,3706.1,3716.6,-96.5114,1,0,55.4482
30.0167,12.0636,-8.39244,3705.3,3715.8,-96.5105,1,0,55.4482
30.025,12.061,-8.39231,3704.49,3714.99,-96.5096,1,0,55.4482
30.0333,12.0584,-8.39218,3703.69,3714.19,-96.5087,1,0,55.4482
30.0417,12.0558,-8.39205,3702.89,3713.39,-96.5078,1,0,55.4482
30.05,12.0532,-8.39192,3702.08,3712.58,-96.5069,1,0,55.4482
30.0583,12.0506,-8.39178,3701.28,3711.78,-96.506,1,0,55.4482
30.0667,12.048,-8.39165,3700.47,3710.97,-96.5051,1,0,55.4482
30.075,12.0454,-8.39152,3699.67,3710.17,-96.5042,1,0,55.4482
30.0833,12.0429,-8.39138,3698.87,3709.37,-96.5033,1,0,55.4482
30.0917,12.0403,-8.39125,3698.06,3708.56,-96.5024,1,0,55.4482
30.1,12.0377,-8.39111,3697.26,3707.76,-96.5014,1,0,55.4482
30.1083,12.0351,-8.39098,3696.45,3706.95,-96.5005,1,0,55.4482
30.1167,12.0325,-8.39084,3695.65,3706.15,-96.4996,1,0,55.4482
30.125,12.0299,-8.39071,3694.84,3705.34,-96.4987,1,0,55.4482
30.1333,12.0273,-8.39057,3694.04,3704.54,-96.4978,1,0,55.4482
30.1417,12.0247,-8.39044,3693.24,3703.74,-96.4968,1,0,55.4482
30.15,12.0221,-8.3903,3692.43,3702.93,-96.4959,1,0,55.4482
30.1583,12.0195,-8.39016,3691.63,3702.13,-96.495,1,0,55.4482
30.1667,12.017,-8.39002,3690.82,3701.32,-96.4941,1,0,55.4482
30.175,12.0144,-8.38988,3690.02,3700.52,-96.4931,1,0,55.4482
30.1833,12.0118,-8.38975,3689.22,3699.72,-96.4922,1,0,55.4482
30.1917,12.0092,-8.38961,3688.41,3698.91,-96.4913,1,0,55.4482
30.2,12.0066,-8.38947,3687.61,3698.11,-96.4903,1,0,55.4482
30.2083,12.004,-8.38933,3686.8,3697.3,-96.4894,1,0,55.4482
30.2167,12.0014,-8.38919,3686,3696.5,-96.4885,1,0,55.4482
30.225,11.9988,-8.38905,3685.19,3695.69,-96.4875,1,0,55.4482
30.2333,11.9962,-8.38891,3684.39,3694.89,-96.4866,1,0,55.4482
30.2417,11.9936,-8.38877,3683.59,3694.09,-96.4857,1,0,55.4482
30.25,11.9911,-8.38862,3682.78,3693.28,-96.4847,1,0,55.4482
30.2583,11.9885,-8.38848,3681.98,3692.48,-96.4838,1,0,55.4482
30.2667,11.9859,-8.38834,3681.17,3691.67,-96.4828,1,0,55.4482
30.275,11.9833,-8.3882,3680.37,3690.87,-96.4819,1,0,55.4482
30.2833,11.9807,-8.38805,3679.57,3690.07,-96.4809,1,0,55.4482
30.2917,11.9781,-8.38791,3678.76,3689.26,-96.48,1,0,55.4482
30.3,11.9755,-8.38777,3677.96,3688.46,-96.479,1,0,55.4482
30.3083,11.9729,-8.38762,3677.15,3687.65,-96.4781,1,0,55.4482
30.3167,11.9703,-8.38748,3676.35,3686.85,-96.4771,1,0,55.4482
30.325,11.9677,-8.38733,3675.55,3686.05,-96.4762,1,0,55.4482
30.3333,11.9652,-8.38719,3674.74,3685.24,-96.4752,1,0,55.4482
30.3417,11.9626,-8.38704,3673.94,3684.44,-96.4743,1,0,55.4482
30.35,11.96,-8.38689,3673.13,3683.63,-96.4733,1,0,55.4482
30.3583,11.9574,-8.38675,3672.33,3682.83,-96.4724,1,0,55.4482
30.3667,11.9548,-8.3866,3671.53,3682.03,-96.4714,1,0,55.4482
30.375,11.9522,-8.38645,3670.72,3681.22,-96.4705,1,0,55.4482
30.3833,11.9496,-8.38631,3669.92,3680.42,-96.4695,1,0,55.4482
30.3917,11.947,-8.38616,3669.12,3679.62,-96.4685,1,0,55.4482
30.4,11.9444,-8.38601,3668.31,3678.81,-96.4676,1,0,55.4482
30.4083,11.9419,-8.38586,3667.51,3678.01,-96.4666,1,0,55.4482
30.4167,11.9393,-8.38571,3666.7,3677.2,-96.4657,1,0,55.4482
30.425,11.9367,-8.38556,3665.9,3676.4,-96.4647,1,0,55.4482
30.4333,11.9341,-8.38541,3665.1,3675.6,-96.4637,1,0,55.4482
30.4417,11.9315,-8.38526,3664.29,3674.79,-96.4628,1,0,55.4482
30.45,11.9289,-8.38511,3663.49,3673.99,-96.4618,1,0,55.4482
30.4583,11.9263,-8.38496,3662.68,3673.18,-96.4608,1,0,55.4482
30.4667,11.9237,-8.38481,3661.88,3672.38,-96.4599,1,0,55.4482
30.475,11.9211,-8.38466,3661.08,3671.58,-96.4589,1,0,55.4482
30.4833,11.9185,-8.38451,3660.27,3670.77,-96.4579,1,0,55.4482
30.4917,11.916,-8.38435,3659.47,3669.97,-96.4569,1,0,55.4482
30.5,11.9134,-8.3842,3658.67,3669.17,-96.456,1,0,55.4482
30.5083,11.9108,-8.38405,3657.86,3668.36,-96.455,1,0,55.4482
30.5167,11.9082,-8.3839,3657.06,3667.56,-96.454,1,0,55.4482
30.525,11.9056,-8.38374,3656.25,3666.75,-96.453,1,0,55.4482
30.5333,11.903,-8.38359,3655.45,3665.95,-96.4521,1,0,55.4482
30.5417,11.9004,-8.38343,3654.65,3665.15,-96.4511,1,0,55.4482
30.55,11.8978,-8.38328,3653.84,3664.34,-96.4501,1,0,55.4482
30.5583,11.8952,-8.38312,3653.04,3663.54,-96.4491,1,0,55.4482
30.5667,11.8927,-8.38297,3652.23,3662.73,-96.4481,1,0,55.4482
30.575,11.8901,-8.38281,3651.43,3661.93,-96.4472,1,0,55.4482
30.5833,11.8875,-8.38266,3650.63,3661.13,-96.4462,1,0,55.4482
30.5917,11.8849,-8.3825,3649.82,3660.32,-96.4452,1,0,55.4482
30.6,11.8823,-8.38234,3649.02,3659.52,-96.4442,1,0,55.4482
30.6083,11.8797,-8.38219,3648.22,3658.72,-96.4432,1,0,55.4482
30.6167,11.8771,-8.38203,3647.41,3657.91,-96.4422,1,0,55.4482
30.625,11.8745,-8.38187,3646.61,3657.11,-96.4412,1,0,55.4482
30.6333,11.8719,-8.38171,3645.81,3656.31,-96.4403,1,0,55.4482
30.6417,11.8694,-8.38155,3645,3655.5,-96.4393,1,0,55.4482
30.65,11.8668,-8.38139,3644.2,3654.7,-96.4383,1,0,55.4482
30.6583,11.8642,-8.38124,3643.39,3653.89,-96.4373,1,0,55.4482
30.6667,11.8616,-8.38108,3642.59,3653.09,-96.4363,1,0,55.4482
30.675,11.859,-8.38092,3641.79,3652.29,-96.4353,1,0,55.4482
30.6833,11.8564,-8.38076,3640.98,3651.48,-96.4343,1,0,55.4482
30.6917,11.8538,-8.3806,3640.18,3650.68,-96.4333,1,0,55.4482
30.7,11.8512,-8.38043,3639.38,3649.88,-96.4323,1,0,55.4482
30.7083,11.8486,-8.38027,3638.57,3649.07,-96.4313,1,0,55.4482
30.7167,11.8461,-8.38011,3637.77,3648.27,-96.4303,1,0,55.4482
30.725,11.8435,-8.37995,3636.97,3647.47,-96.4293,1,0,55.4482
30.7333,11.8409,-8.37979,3636.16,3646.66,-96.4283,1,0,55.4482
30.7417,11.8383,-8.37963,3635.36,3645.86,-96.4273,1,0,55.4482
30.75,11.8357,-8.37946,3634.55,3645.05,-96.4263,1,0,55.4482
30.7583,11.8331,-8.3793,3633.75,3644.25,-96.4253,1,0,55.4482
30.7667,11.8305,-8.37914,3632.95,3643.45,-96.4243,1,0,55.4482
30.775,11.8279,-8.37897,3632.14,3642.64,-96.4233,1,0,55.4482
30.7833,11.8253,-8.37881,3631.34,3641.84,-96.4223,1,0,55.4482
30.7917,11.8228,-8.37864,3630.54,3641.04,-96.4213,1,0,55.4482
30.8,11.8202,-8.37848,3629.73,3640.23,-96.4203,1,0,55.4482
30.8083,11.8176,-8.37832,3628.93,3639.43,-96.4193,1,0,55.4482
30.8167,11.815,-8.37815,3628.13,3638.63,-96.4183,1,0,55.4482
30.825,11.8124,-8.37798,3627.32,3637.82,-96.4172,1,0,55.4482
30.8333,11.8098,-8.37782,3626.52,3637.02,-96.4162,1,0,55.4482
30.8417,11.8072,-8.37765,3625.72,3636.22,-96.4152,1,0,55.4482
30.85,11.8046,-8.37749,3624.91,3635.41,-96.4142,1,0,55.4482
30.8583,11.8021,-8.37732,3624.11,3634.61,-96.4132,1,0,55.4482
30.8667,11.7995,-8.37715,3623.31,3633.81,-96.4122,1,0,55.4482
30.875,11.7969,-8.37698,3622.5,3633,-96.4112,1,0,55.4482
30.8833,11.7943,-8.37682,3621.7,3632.2,-96.4101,1,0,55.4482
30.8917,11.7917,-8.37665,3620.9,3631.4,-96.4091,1,0,55.4482
30.9,11.7891,-8.37648,3620.09,3630.59,-96.4081,1,0,55.4482
30.9083,11.7865,-8.37631,3619.29,3629.79,-96.4071,1,0,55.4482
30.9167,11.7839,-8.37614,3618.49,3628.99,-96.4061,1,0,55.4482
30.925,11.7813,-8.37597,3617.68,3628.18,-96.4051,1,0,55.4482
30.9333,11.7788,-8.3758,3616.88,3627.38,-96.404,1,0,55.4482
30.9417,11.7762,-8.37563,3616.08,3626.58,-96.403,1,0,55.4482
30.95,11.7736,-8.37546,3615.27,3625.77,-96.402,1,0,55.4482
30.9583,11.771,-8.37529,3614.47,3624.97,-96.401,1,0,55.4482
30.9667,11.7684,-8.37512,3613.67,3624.17,-96.3999,1,0,55.4482
30.975,11.7658,-8.37495,3612.86,3623.36,-96.3989,1,0,55.4482
30.9833,11.7632,-8.37478,3612.06,3622.56,-96.3979,1,0,55.4482
30.9917,11.7606,-8.37461,3611.26,3621.76,-96.3969,1,0,55.4482
31,11.7581,-8.37444,3610.45,3620.95,-96.3958,1,0,55.4482
31.0083,11.7555,-8.37426,3609.65,3620.15,-96.3948,1,0,55.4482
31.0167,11.7529,-8.37409,3608.85,3619.35,-96.3938,1,0,55.4482
31.025,11.7503,-8.37392,3608.04,3618.54,-96.3928,1,0,55.4482
31.0333,11.7477,-8.37374,3607.24,3617.74,-96.3917,1,0,55.4482
31.0417,11.7451,-8.37357,3606.44,3616.94,-96.3907,1,0,55.4482
31.05,11.7425,-8.3734,3605.63,3616.13,-96.3897,1,0,55.4482
31.0583,11.7399,-8.37322,3604.83,3615.33,-96.3886,1,0,55.4482
31.0667,11.7374,-8.37305,3604.03,3614.53,-96.3876,1,0,55.4482
31.075,11.7348,-8.37287,3603.22,3613.72,-96.3866,1,0,55.4482
31.0833,11.7322,-8.3727,3602.42,3612.92,-96.3855,1,0,55.4482
31.0917,11.7296,-8.37252,3601.62,3612.12,-96.3845,1,0,55.4482
31.1,11.727,-8.37235,3600.81,3611.31,-96.3835,1,0,55.4482
31.1083,11.7244,-8.37217,3600.01,3610.51,-96.3824,1,0,55.4482
31.1167,11.7218,-8.372,3599.21,3609.71,-96.3814,1,0,55.4482
31.125,11.7192,-8.37182,3598.4,3608.9,-96.3804,1,0,55.4482
31.1333,11.7167,-8.37164,3597.6,3608.1,-96.3793,1,0,55.4482
31.1417,11.7141,-8.37147,3596.8,3607.3,-96.3783,1,0,55.4482
31.15,11.7115,-8.37129,3595.99,3606.49,-96.3773,1,0,55.4482
31.1583,11.7089,-8.37111,3595.19,3605.69,-96.3762,1,0,55.4482
31.1667,11.7063,-8.37093,3594.39,3604.89,-96.3752,1,0,55.4482
31.175,11.7037,-8.37076,3593.58,3604.08,-96.3741,1,0,55.4482
31.1833,11.7011,-8.37058,3592.78,3603.28,-96.3731,1,0,55.4482
31.1917,11.6985,-8.3704,3591.98,3602.48,-96.372,1,0,55.4482
31.2,11.696,-8.37022,3591.17,3601.67,-96.371,1,0,55.4482
31.2083,11.6934,-8.37004,3590.37,3600.87,-96.37,1,0,55.4482
31.2167,11.6908,-8.36986,3589.57,3600.07,-96.3689,1,0,55.4482
31.225,11.6882,-8.36968,3588.77,3599.27,-96.3679,1,0,55.4482
31.2333,11.6856,-8.3695,3587.96,3598.46,-96.3668,1,0,55.4482
31.2417,11.683,-8.36932,3587.16,3597.66,-96.3658,1,0,55.4482
31.25,11.6804,-8.36914,3586.36,3596.86,-96.3647,1,0,55.4482
31.2583,11.6778,-8.36896,3585.55,3596.05,-96.3637,1,0,55.4482
31.2667,11.6753,-8.36878,3584.75,3595.25,-96.3626,1,0,55.4482
31.275,11.6727,-8.3686,3583.95,3594.45,-96.3616,1,0,55.4482
31.2833,11.6701,-8.36842,3583.14,3593.64,-96.3605,1,0,55.4482
31.2917,11.6675,-8.36823,3582.34,3592.84,-96.3595,1,0,55.4482
31.3,11.6649,-8.36805,3581.54,3592.04,-96.3584,1,0,55.4482
31.3083,11.6623,-8.36787,3580.74,3591.24,-96.3574,1,0,55.4482
31.3167,11.6597,-8.36769,3579.93,3590.43,-96.3563,1,0,55.4482
31.325,11.6572,-8.3675,3579.13,3589.63,-96.3553,1,0,55.4482
31.3333,11.6546,-8.36732,3578.33,3588.83,-96.3542,1,0,55.4482
31.3417,11.652,-8.36714,3577.52,3588.02,-96.3532,1,0,55.4482
31.35,11.6494,-8.36695,3576.72,3587.22,-96.3521,1,0,55.4482
31.3583,11.6468,-8.36677,3575.92,3586.42,-96.3511,1,0,55.4482
31.3667,11.6442,-8.36658,3575.11,3585.61,-96.35,1,0,55.4482
31.375,11.6416,-8.3664,3574.31,3584.81,-96.349,1,0,55.4482
31.3833,11.639,-8.36622,3573.51,3584.01,-96.3479,1,0,55.4482
31.3917,11.6365,-8.36603,3572.71,3583.21,-96.3469,1,0,55.4482
31.4,11.6339,-8.36584,3571.9,3582.4,-96.3458,1,0,55.4482
31.4083,11.6313,-8.36566,3571.1,3581.6,-96.3447,1,0,55.4482
31.4167,11.6287,-8.36547,3570.3,3580.8,-96.3437,1,0,55.4482
31.425,11.6261,-8.36529,3569.49,3579.99,-96.3426,1,0,55.4482
31.4333,11.6235,-8.3651,3568.69,3579.19,-96.3416,1,0,55.4482
31.4417,11.6209,-8.36491,3567.89,3578.39,-96.3405,1,0,55.4482
31.45,11.6184,-8.36473,3567.09,3577.59,-96.3394,1,0,55.4482
31.4583,11.6158,-8.36454,3566.28,3576.78,-96.3384,1,0,55.4482
31.4667,11.6132,-8.36435,3565.48,3575.98,-96.3373,1,0,55.4482
31.475,11.6106,-8.36417,3564.68,3575.18,-96.3363,1,0,55.4482
31.4833,11.608,-8.36398,3563.87,3574.37,-96.3352,1,0,55.4482
31.4917,11.6054,-8.36379,3563.07,3573.57,-96.3341,1,0,55.4482
31.5,11.6028,-8.3636,3562.27,3572.77,-96.3331,1,0,55.4482
31.5083,11.6002,-8.36341,3561.47,3571.97,-96.332,1,0,55.4482
31.5167,11.5977,-8.36322,3560.66,3571.16,-96.3309,1,0,55.4482
31.525,11.5951,-8.36303,3559.86,3570.36,-96.3299,1,0,55.4482
31.5333,11.5925,-8.36285,3559.06,3569.56,-96.3288,1,0,55.4482
31.5417,11.5899,-8.36266,3558.26,3568.76,-96.3277,1,0,55.4482
31.55,11.5873,-8.36247,3557.45,3567.95,-96.3267,1,0,55.4482
31.5583,11.5847,-8.36228,3556.65,3567.15,-96.3256,1,0,55.4482
31.5667,11.5821,-8.36209,3555.85,3566.35,-96.3245,1,0,55.4482
31.575,11.5796,-8.36189,3555.04,3565.54,-96.3235,1,0,55.4482
31.5833,11.577,-8.3617,3554.24,3564.74,-96.3224,1,0,55.4482
31.5917,11.5744,-8.36151,3553.44,3563.94,-96.3213,1,0,55.4482
31.6,11.5718,-8.36132,3552.64,3563.14,-96.3203,1,0,55.4482
31.6083,11.5692,-8.36113,3551.83,3562.33,-96.3192,1,0,55.4482
31.6167,11.5666,-8.36094,3551.03,3561.53,-96.3181,1,0,55.4482
31.625,11.564,-8.36075,3550.23,3560.73,-96.3171,1,0,55.4482
31.6333,11.5615,-8.36055,3549.43,3559.93,-96.316,1,0,55.4482
31.6417,11.5589,-8.36036,3548.62,3559.12,-96.3149,1,0,55.4482
31.65,11.5563,-8.36017,3547.82,3558.32,-96.3138,1,0,55.4482
31.6583,11.5537,-8.35998,3547.02,3557.52,-96.3128,1,0,55.4482
31.6667,11.5511,-8.35978,3546.22,3556.72,-96.3117,1,0,55.4482
31.675,11.5485,-8.35959,3545.41,3555.91,-96.3106,1,0,55.4482
31.6833,11.5459,-8.3594,3544.61,3555.11,-96.3095,1,0,55.4482
31.6917,11.5434,-8.3592,3543.81,3554.31,-96.3085,1,0,55.4482
31.7,11.5408,-8.35901,3543.01,3553.51,-96.3074,1,0,55.4482
31.7083,11.5382,-8.35881,3542.2,3552.7,-96.3063,1,0,55.4482
31.7167,11.5356,-8.35862,3541.4,3551.9,-96.3052,1,0,55.4482
31.725,11.533,-8.35842,3540.6,3551.1,-96.3042,1,0,55.4482
31.7333,11.5304,-8.35823,3539.79,3550.29,-96.3031,1,0,55.4482
31.7417,11.5278,-8.35803,3538.99,3549.49,-96.302,1,0,55.4482
31.75,11.5253,-8.35784,3538.19,3548.69,-96.3009,1,0,55.4482
31.7583,11.5227,-8.35764,3537.39,3547.89,-96.2999,1,0,55.4482
31.7667,11.5201,-8.35745,3536.58,3547.08,-96.2988,1,0,55.4482
31.775,11.5175,-8.35725,3535.78,3546.28,-96.2977,1,0,55.4482
31.7833,11.5149,-8.35705,3534.98,3545.48,-96.2966,1,0,55.4482
31.7917,11.5123,-8.35686,3534.18,3544.68,-96.2955,1,0,55.4482
31.8,11.5097,-8.35666,3533.37,3543.87,-96.2945,1,0,55.4482
31.8083,11.5072,-8.35646,3532.57,3543.07,-96.2934,1,0,55.4482
31.8167,11.5046,-8.35626,3531.77,3542.27,-96.2923,1,0,55.4482
31.825,11.502,-8.35607,3530.97,3541.47,-96.2912,1,0,55.4482
31.8333,11.4994,-8.35587,3530.17,3540.67,-96.2901,1,0,55.4482
31.8417,11.4968,-8.35567,3529.36,3539.86,-96.2891,1,0,55.4482
31.85,11.4942,-8.35547,3528.56,3539.06,-96.288,1,0,55.4482
31.8583,11.4916,-8.35527,3527.76,3538.26,-96.2869,1,0,55.4482
31.8667,11.4891,-8.35508,3526.96,3537.46,-96.2858,1,0,55.4482
31.875,11.4865,-8.35488,3526.15,3536.65,-96.2847,1,0,55.4482
31.8833,11.4839,-8.35468,3525.35,3535.85,-96.2836,1,0,55.4482
31.8917,11.4813,-8.35448,3524.55,3535.05,-96.2826,1,0,55.4482
31.9,11.4787,-8.35428,3523.75,3534.25,-96.2815,1,0,55.4482
31.9083,11.4761,-8.35408,3522.94,3533.44,-96.2804,1,0,55.4482
31.9167,11.4735,-8.35388,3522.14,3532.64,-96.2793,1,0,55.4482
31.925,11.471,-8.35368,3521.34,3531.84,-96.2782,1,0,55.4482
31.9333,11.4684,-8.35348,3520.54,3531.04,-96.2771,1,0,55.4482
31.9417,11.4658,-8.35328,3519.73,3530.23,-96.276,1,0,55.4482
31.95,11.4632,-8.35308,3518.93,3529.43,-96.275,1,0,55.4482
31.9583,11.4606,-8.35288,3518.13,3528.63,-96.2739,1,0,55.4482
31.9667,11.458,-8.35267,3517.33,3527.83,-96.2728,1,0,55.4482
31.975,11.4555,-8.35247,3516.53,3527.03,-96.2717,1,0,55.4482
31.9833,11.4529,-8.35227,3515.72,3526.22,-96.2706,1,0,55.4482
31.9917,11.4503,-8.35207,3514.92,3525.42,-96.2695,1,0,55.4482
32,11.4477,-8.35187,3514.12,3524.62,-96.2684,1,0,55.4482
32.0083,11.4451,-8.35167,3513.32,3523.82,-96.2673,1,0,55.4482
32.0167,11.4425,-8.35146,3512.51,3523.01,-96.2662,1,0,55.4482
32.025,11.4399,-8.35126,3511.71,3522.21,-96.2651,1,0,55.4482
32.0333,11.4374,-8.35106,3510.91,3521.41,-96.2641,1,0,55.4482
32.0417,11.4348,-8.35085,3510.11,3520.61,-96.263,1,0,55.4482
32.05,11.4322,-8.35065,3509.31,3519.81,-96.2619,1,0,55.4482
32.0583,11.4296,-8.35045,3508.5,3519,-96.2608,1,0,55.4482
32.0667,11.427,-8.35024,3507.7,3518.2,-96.2597,1,0,55.4482
32.075,11.4244,-8.35004,3506.9,3517.4,-96.2586,1,0,55.4482
32.0833,11.4219,-8.34983,3506.1,3516.6,-96.2575,1,0,55.4482
32.0917,11.4193,-8.34963,3505.29,3515.79,-96.2564,1,0,55.4482
32.1,11.4167,-8.34943,3504.49,3514.99,-96.2553,1,0,55.4482
32.1083,11.4141,-8.34922,3503.69,3514.19,-96.2542,1,0,55.4482
32.1167,11.4115,-8.34902,3502.89,3513.39,-96.2531,1,0,55.4482
32.125,11.4089,-8.34881,3502.09,3512.59,-96.252,1,0,55.4482
32.1333,11.4063,-8.34861,3501.28,3511.78,-96.2509,1,0,55.4482
32.1417,11.4038,-8.3484,3500.48,3510.98,-96.2498,1,0,55.4482
32.15,11.4012,-8.34819,3499.68,3510.18,-96.2487,1,0,55.4482
32.1583,11.3986,-8.34799,3498.88,3509.38,-96.2477,1,0,55.4482
32.1667,11.396,-8.34778,3498.08,3508.58,-96.2466,1,0,55.4482
32.175,11.3934,-8.34757,3497.27,3507.77,-96.2455,1,0,55.4482
32.1833,11.3908,-8.34737,3496.47,3506.97,-96.2444,1,0,55.4482
32.1917,11.3883,-8.34716,3495.67,3506.17,-96.2433,1,0,55.4482
32.2,11.3857,-8.34695,3494.87,3505.37,-96.2422,1,0,55.4482
32.2083,11.3831,-8.34675,3494.07,3504.57,-96.2411,1,0,55.4482
32.2167,11.3805,-8.34654,3493.26,3503.76,-96.24,1,0,55.4482
32.225,11.3779,-8.34633,3492.46,3502.96,-96.2389,1,0,55.4482
32.2333,11.3753,-8.34612,3491.66,3502.16,-96.2378,1,0,55.4482
32.2417,11.3728,-8.34592,3490.86,3501.36,-96.2367,1,0,55.4482
32.25,11.3702,-8.34571,3490.06,3500.56,-96.2356,1,0,55.4482
32.2583,11.3676,-8.3455,3489.25,3499.75,-96.2345,1,0,55.4482
32.2667,11.365,-8.34529,3488.45,3498.95,-96.2334,1,0,55.4482
32.275,11.3624,-8.34508,3487.65,3498.15,-96.2323,1,0,55.4482
32.2833,11.3598,-8.34487,3486.85,3497.35,-96.2312,1,0,55.4482
32.2917,11.3572,-8.34466,3486.05,3496.55,-96.2301,1,0,55.4482
32.3,11.3547,-8.34446,3485.24,3495.74,-96.229,1,0,55.4482
32.3083,11.3521,-8.34425,3484.44,3494.94,-96.2279,1,0,55.4482
32.3167,11.3495,-8.34404,3483.64,3494.14,-96.2268,1,0,55.4482
32.325,11.3469,-8.34383,3482.84,3493.34,-96.2257,1,0,55.4482
32.3333,11.3443,-8.34362,3482.04,3492.54,-96.2246,1,0,55.4482
32.3417,11.3417,-8.34341,3481.23,3491.73,-96.2235,1,0,55.4482
32.35,11.3392,-8.3432,3480.43,3490.93,-96.2224,1,0,55.4482
32.3583,11.3366,-8.34298,3479.63,3490.13,-96.2213,1,0,55.4482
32.3667,11.334,-8.34277,3478.83,3489.33,-96.2202,1,0,55.4482
32.375,11.3314,-8.34256,3478.03,3488.53,-96.2191,1,0,55.4482
32.3833,11.3288,-8.34235,3477.23,3487.73,-96.2179,1,0,55.4482
32.3917,11.3262,-8.34214,3476.42,3486.92,-96.2168,1,0,55.4482
32.4,11.3237,-8.34193,3475.62,3486.12,-96.2157,1,0,55.4482
32.4083,11.3211,-8.34172,3474.82,3485.32,-96.2146,1,0,55.4482
32.4167,11.3185,-8.3415,3474.02,3484.52,-96.2135,1,0,55.4482
32.425,11.3159,-8.34129,3473.22,3483.72,-96.2124,1,0,55.4482
32.4333,11.3133,-8.34108,3472.41,3482.91,-96.2113,1,0,55.4482
32.4417,11.3107,-8.34087,3471.61,3482.11,-96.2102,1,0,55.4482
32.45,11.3082,-8.34066,3470.81,3481.31,-96.2091,1,0,55.4482
32.4583,11.3056,-8.34044,3470.01,3480.51,-96.208,1,0,55.4482
32.4667,11.303,-8.34023,3469.21,3479.71,-96.2069,1,0,55.4482
32.475,11.3004,-8.34002,3468.41,3478.91,-96.2058,1,0,55.4482
32.4833,11.2978,-8.3398,3467.6,3478.1,-96.2047,1,0,55.4482
32.4917,11.2952,-8.33959,3466.8,3477.3,-96.2036,1,0,55.4482
32.5,11.2927,-8.33938,3466,3476.5,-96.2025,1,0,55.4482
32.5083,11.2901,-8.33916,3465.2,3475.7,-96.2014,1,0,55.4482
32.5167,11.2875,-8.33895,3464.4,3474.9,-96.2002,1,0,55.4482
32.525,11.2849,-8.33873,3463.6,3474.1,-96.1991,1,0,55.4482
32.5333,11.2823,-8.33852,3462.79,3473.29,-96.198,1,0,55.4482
32.5417,11.2797,-8.3383,3461.99,3472.49,-96.1969,1,0,55.4482
32.55,11.2772,-8.33809,3461.19,3471.69,-96.1958,1,0,55.4482
32.5583,11.2746,-8.33787,3460.39,3470.89,-96.1947,1,0,55.4482
32.5667,11.272,-8.33766,3459.59,3470.09,-96.1936,1,0,55.4482
32.575,11.2694,-8.33744,3458.79,3469.29,-96.1925,1,0,55.4482
32.5833,11.2668,-8.33723,3457.98,3468.48,-96.1914,1,0,55.4482
32.5917,11.2643,-8.33701,3457.18,3467.68,-96.1903,1,0,55.4482
32.6,11.2617,-8.3368,3456.38,3466.88,-96.1892,1,0,55.4482
32.6083,11.2591,-8.33658,3455.58,3466.08,-96.188,1,0,55.4482
32.6167,11.2565,-8.33637,3454.78,3465.28,-96.1869,1,0,55.4482
32.625,11.2539,-8.33615,3453.98,3464.48,-96.1858,1,0,55.4482
32.6333,11.2513,-8.33593,3453.17,3463.67,-96.1847,1,0,55.4482
32.6417,11.2488,-8.33572,3452.37,3462.87,-96.1836,1,0,55.4482
32.65,11.2462,-8.3355,3451.57,3462.07,-96.1825,1,0,55.4482
32.6583,11.2436,-8.33528,3450.77,3461.27,-96.1814,1,0,55.4482
32.6667,11.241,-8.33506,3449.97,3460.47,-96.1803,1,0,55.4482
32.675,11.2384,-8.33485,3449.17,3459.67,-96.1792,1,0,55.4482
32.6833,11.2358,-8.33463,3448.37,3458.87,-96.178,1,0,55.4482
32.6917,11.2333,-8.33441,3447.56,3458.06,-96.1769,1,0,55.4482
32.7,11.2307,-8.33419,3446.76,3457.26,-96.1758,1,0,55.4482
32.7083,11.2281,-8.33398,3445.96,3456.46,-96.1747,1,0,55.4482
32.7167,11.2255,-8.33376,3445.16,3455.66,-96.1736,1,0,55.4482
32.725,11.2229,-8.33354,3444.36,3454.86,-96.1725,1,0,55.4482
32.7333,11.2203,-8.33332,3443.56,3454.06,-96.1714,1,0,55.4482
32.7417,11.2178,-8.3331,3442.76,3453.26,-96.1702,1,0,55.4482
32.75,11.2152,-8.33288,3441.95,3452.45,-96.1691,1,0,55.4482
32.7583,11.2126,-8.33266,3441.15,3451.65,-96.168,1,0,55.4482
32.7667,11.21,-8.33245,3440.35,3450.85,-96.1669,1,0,55.4482
32.775,11.2074,-8.33223,3439.55,3450.05,-96.1658,1,0,55.4482
32.7833,11.2049,-8.33201,3438.75,3449.25,-96.1647,1,0,55.4482
32.7917,11.2023,-8.33179,3437.95,3448.45,-96.1636,1,0,55.4482
32.8,11.1997,-8.33157,3437.15,3447.65,-96.1624,1,0,55.4482
32.8083,11.1971,-8.33135,3436.34,3446.84,-96.1613,1,0,55.4482
32.8167,11.1945,-8.33113,3435.54,3446.04,-96.1602,1,0,55.4482
32.825,11.1919,-8.33091,3434.74,3445.24,-96.1591,1,0,55.4482
32.8333,11.1894,-8.33069,3433.94,3444.44,-96.158,1,0,55.4482
32.8417,11.1868,-8.33047,3433.14,3443.64,-96.1569,1,0,55.4482
32.85,11.1842,-8.33025,3432.34,3442.84,-96.1557,1,0,55.4482
32.8583,11.1816,-8.33002,3431.54,3442.04,-96.1546,1,0,55.4482
32.8667,11.179,-8.3298,3430.74,3441.24,-96.1535,1,0,55.4482
32.875,11.1765,-8.32958,3429.93,3440.43,-96.1524,1,0,55.4482
32.8833,11.1739,-8.32936,3429.13,3439.63,-96.1513,1,0,55.4482
32.8917,11.1713,-8.32914,3428.33,3438.83,-96.1502,1,0,55.4482
32.9,11.1687,-8.32892,3427.53,3438.03,-96.149,1,0,55.4482
32.9083,11.1661,-8.3287,3426.73,3437.23,-96.1479,1,0,55.4482
32.9167,11.1635,-8.32847,3425.93,3436.43,-96.1468,1,0,55.4482
32.925,11.161,-8.32825,3425.13,3435.63,-96.1457,1,0,55.4482
32.9333,11.1584,-8.32803,3424.33,3434.83,-96.1446,1,0,55.4482
32.9417,11.1558,-8.32781,3423.52,3434.02,-96.1434,1,0,55.4482
32.95,11.1532,-8.32758,3422.72,3433.22,-96.1423,1,0,55.4482
32.9583,11.1506,-8.32736,3421.92,3432.42,-96.1412,1,0,55.4482
32.9667,11.1481,-8.32714,3421.12,3431.62,-96.1401,1,0,55.4482
32.975,11.1455,-8.32692,3420.32,3430.82,-96.139,1,0,55.4482
32.9833,11.1429,-8.32669,3419.52,3430.02,-96.1378,1,0,55.4482
32.9917,11.1403,-8.32647,3418.72,3429.22,-96.1367,1,0,55.4482
33,11.1377,-8.32625,3417.92,3428.42,-96.1356,1,0,55.4482
33.0083,11.1351,-8.32602,3417.11,3427.61,-96.1345,1,0,55.4482
33.0167,11.1326,-8.3258,3416.31,3426.81,-96.1334,1,0,55.4482
33.025,11.13,-8.32557,3415.51,3426.01,-96.1322,1,0,55.4482
33.0333,11.1274,-8.32535,3414.71,3425.21,-96.1311,1,0,55.4482
33.0417,11.1248,-8.32513,3413.91,3424.41,-96.13,1,0,55.4482
33.05,11.1222,-8.3249,3413.11,3423.61,-96.1289,1,0,55.4482
33.0583,11.1197,-8.32468,3412.31,3422.81,-96.1278,1,0,55.4482
33.0667,11.1171,-8.32445,3411.51,3422.01,-96.1266,1,0,55.4482
33.075,11.1145,-8.32423,3410.71,3421.21,-96.1255,1,0,55.4482
33.0833,11.1119,-8.324,3409.9,3420.4,-96.1244,1,0,55.4482
33.0917,11.1093,-8.32378,3409.1,3419.6,-96.1233,1,0,55.4482
33.1,11.1068,-8.32355,3408.3,3418.8,-96.1222,1,0,55.4482
33.1083,11.1042,-8.32333,3407.5,3418,-96.121,1,0,55.4482
33.1167,11.1016,-8.3231,3406.7,3417.2,-96.1199,1,0,55.4482
33.125,11.099,-8.32288,3405.9,3416.4,-96.1188,1,0,55.4482
33.1333,11.0964,-8.32265,3405.1,3415.6,-96.1177,1,0,55.4482
33.1417,11.0938,-8.32242,3404.3,3414.8,-96.1165,1,0,55.4482
33.15,11.0913,-8.3222,3403.5,3414,-96.1154,1,0,55.4482
33.1583,11.0887,-8.32197,3402.7,3413.2,-96.1143,1,0,55.4482
33.1667,11.0861,-8.32175,3401.89,3412.39,-96.1132,1,0,55.4482
33.175,11.0835,-8.32152,3401.09,3411.59,-96.1121,1,0,55.4482
33.1833,11.0809,-8.32129,3400.29,3410.79,-96.1109,1,0,55.4482
33.1917,11.0784,-8.32107,3399.49,3409.99,-96.1098,1,0,55.4482
33.2,11.0758,-8.32084,3398.69,3409.19,-96.1087,1,0,55.4482
33.2083,11.0732,-8.32061,3397.89,3408.39,-96.1076,1,0,55.4482
33.2167,11.0706,-8.32038,3397.09,3407.59,-96.1064,1,0,55.4482
33.225,11.068,-8.32016,3396.29,3406.79,-96.1053,1,0,55.4482
33.2333,11.0655,-8.31993,3395.49,3405.99,-96.1042,1,0,55.4482
33.2417,11.0629,-8.3197,3394.69,3405.19,-96.1031,1,0,55.4482
33.25,11.0603,-8.31947,3393.89,3404.39,-96.1019,1,0,55.4482
33.2583,11.0577,-8.31925,3393.08,3403.58,-96.1008,1,0,55.4482
33.2667,11.0551,-8.31902,3392.28,3402.78,-96.0997,1,0,55.4482
33.275,11.0526,-8.31879,3391.48,3401.98,-96.0986,1,0,55.4482
33.2833,11.05,-8.31856,3390.68,3401.18,-96.0974,1,0,55.4482
33.2917,11.0474,-8.31833,3389.88,3400.38,-96.0963,1,0,55.4482
33.3,11.0448,-8.31811,3389.08,3399.58,-96.0952,1,0,55.4482
33.3083,11.0422,-8.31788,3388.28,3398.78,-96.0941,1,0,55.4482
33.3167,11.0397,-8.31765,3387.48,3397.98,-96.0929,1,0,55.4482
33.325,11.0371,-8.31742,3386.68,3397.18,-96.0918,1,0,55.4482
33.3333,11.0345,-8.31719,3385.88,3396.38,-96.0907,1,0,55.4482
33.3417,11.0319,-8.31696,3385.08,3395.58,-96.0896,1,0,55.4482
33.35,11.0293,-8.31673,3384.28,3394.78,-96.0884,1,0,55.4482
33.3583,11.0268,-8.3165,3383.48,3393.98,-96.0873,1,0,55.4482
33.3667,11.0242,-8.31627,3382.67,3393.17,-96.0862,1,0,55.4482
33.375,11.0216,-8.31604,3381.87,3392.37,-96.0851,1,0,55.4482
33.3833,11.019,-8.31581,3381.07,3391.57,-96.0839,1,0,55.4482
33.3917,11.0164,-8.31558,3380.27,3390.77,-96.0828,1,0,55.4482
33.4,11.0138,-8.31535,3379.47,3389.97,-96.0817,1,0,55.4482
33.4083,11.0113,-8.31512,3378.67,3389.17,-96.0805,1,0,55.4482
33.4167,11.0087,-8.31489,3377.87,3388.37,-96.0794,1,0,55.4482
33.425,11.0061,-8.31466,3377.07,3387.57,-96.0783,1,0,55.4482
33.4333,11.0035,-8.31443,3376.27,3386.77,-96.0772,1,0,55.4482
33.4417,11.0009,-8.3142,3375.47,3385.97,-96.076,1,0,55.4482
33.45,10.9984,-8.31397,3374.67,3385.17,-96.0749,1,0,55.4482
33.4583,10.9958,-8.31374,3373.87,3384.37,-96.0738,1,0,55.4482
33.4667,10.9932,-8.31351,3373.07,3383.57,-96.0727,1,0,55.4482
33.475,10.9906,-8.31327,3372.27,3382.77,-96.0715,1,0,55.4482
33.4833,10.9881,-8.31304,3371.47,3381.97,-96.0704,1,0,55.4482
33.4917,10.9855,-8.31281,3370.67,3381.17,-96.0693,1,0,55.4482
33.5,10.9829,-8.31258,3369.86,3380.36,-96.0681,1,0,55.4482
33.5083,10.9803,-8.31235,3369.06,3379.56,-96.067,1,0,55.4482
33.5167,10.9777,-8.31212,3368.26,3378.76,-96.0659,1,0,55.4482
33.525,10.9752,-8.31188,3367.46,3377.96,-96.0648,1,0,55.4482
33.5333,10.9726,-8.31165,3366.66,3377.16,-96.0636,1,0,55.4482
33.5417,10.97,-8.31142,3365.86,3376.36,-96.0625,1,0,55.4482
33.55,10.9674,-8.31119,3365.06,3375.56,-96.0614,1,0,55.4482
33.5583,10.9648,-8.31096,3364.26,3374.76,-96.0602,1,0,55.4482
33.5667,10.9623,-8.31072,3363.46,3373.96,-96.0591,1,0,55.4482
33.575,10.9597,-8.31049,3362.66,3373.16,-96.058,1,0,55.4482
33.5833,10.9571,-8.31026,3361.86,3372.36,-96.0569,1,0,55.4482
33.5917,10.9545,-8.31002,3361.06,3371.56,-96.0557,1,0,55.4482
33.6,10.9519,-8.30979,3360.26,3370.76,-96.0546,1,0,55.4482
33.6083,10.9494,-8.30956,3359.46,3369.96,-96.0535,1,0,55.4482
33.6167,10.9468,-8.30932,3358.66,3369.16,-96.0523,1,0,55.4482
33.625,10.9442,-8.30909,3357.86,3368.36,-96.0512,1,0,55.4482
33.6333,10.9416,-8.30886,3357.06,3367.56,-96.0501,1,0,55.4482
33.6417,10.939,-8.30862,3356.26,3366.76,-96.0489,1,0,55.4482
33.65,10.9365,-8.30839,3355.46,3365.96,-96.0478,1,0,55.4482
33.6583,10.9339,-8.30816,3354.66,3365.16,-96.0467,1,0,55.4482
33.6667,10.9313,-8.30792,3353.85,3364.35,-96.0456,1,0,55.4482
33.675,10.9287,-8.30769,3353.05,3363.55,-96.0444,1,0,55.4482
33.6833,10.9261,-8.30745,3352.25,3362.75,-96.0433,1,0,55.4482
33.6917,10.9236,-8.30722,3351.45,3361.95,-96.0422,1,0,55.4482
33.7,10.921,-8.30698,3350.65,3361.15,-96.041,1,0,55.4482
33.7083,10.9184,-8.30675,3349.85,3360.35,-96.0399,1,0,55.4482
33.7167,10.9158,-8.30651,3349.05,3359.55,-96.0388,1,0,55.4482
33.725,10.9132,-8.30628,3348.25,3358.75,-96.0376,1,0,55.4482
33.7333,10.9107,-8.30604,3347.45,3357.95,-96.0365,1,0,55.4482
33.7417,10.9081,-8.30581,3346.65,3357.15,-96.0354,1,0,55.4482
33.75,10.9055,-8.30557,3345.85,3356.35,-96.0343,1,0,55.4482
33.7583,10.9029,-8.30534,3345.05,3355.55,-96.0331,1,0,55.4482
33.7667,10.9004,-8.3051,3344.25,3354.75,-96.032,1,0,55.4482
33.775,10.8978,-8.30487,3343.45,3353.95,-96.0309,1,0,55.4482
33.7833,10.8952,-8.30463,3342.65,3353.15,-96.0297,1,0,55.4482
33.7917,10.8926,-8.3044,3341.85,3352.35,-96.0286,1,0,55.4482
33.8,10.89,-8.30416,3341.05,3351.55,-96.0275,1,0,55.4482
33.8083,10.8875,-8.30392,3340.25,3350.75,-96.0263,1,0,55.4482
33.8167,10.8849,-8.30369,3339.45,3349.95,-96.0252,1,0,55.4482
33.825,10.8823,-8.30345,3338.65,3349.15,-96.0241,1,0,55.4482
33.8333,10.8797,-8.30322,3337.85,3348.35,-96.0229,1,0,55.4482
33.8417,10.8771,-8.30298,3337.05,3347.55,-96.0218,1,0,55.4482
33.85,10.8746,-8.30274,3336.25,3346.75,-96.0207,1,0,55.4482
33.8583,10.872,-8.30251,3335.45,3345.95,-96.0195,1,0,55.4482
33.8667,10.8694,-8.30227,3334.65,3345.15,-96.0184,1,0,55.4482
33.875,10.8668,-8.30203,3333.85,3344.35,-96.0173,1,0,55.4482
33.8833,10.8643,-8.30179,3333.05,3343.55,-96.0161,1,0,55.4482
33.8917,10.8617,-8.30156,3332.25,3342.75,-96.015,1,0,55.4482
33.9,10.8591,-8.30132,3331.45,3341.95,-96.0139,1,0,55.4482
33.9083,10.8565,-8.30108,3330.65,3341.15,-96.0127,1,0,55.4482
33.9167,10.8539,-8.30085,3329.85,3340.35,-96.0116,1,0,55.4482
33.925,10.8514,-8.30061,3329.05,3339.55,-96.0105,1,0,55.4482
33.9333,10.8488,-8.30037,3328.25,3338.75,-96.0093,1,0,55.4482
33.9417,10.8462,-8.30013,3327.45,3337.95,-96.0082,1,0,55.4482
33.95,10.8436,-8.29989,3326.65,3337.15,-96.0071,1,0,55.4482
33.9583,10.841,-8.29966,3325.85,3336.35,-96.0059,1,0,55.4482
33.9667,10.8385,-8.29942,3325.05,3335.55,-96.0048,1,0,55.4482
33.975,10.8359,-8.29918,3324.25,3334.75,-96.0037,1,0,55.4482
33.9833,10.8333,-8.29894,3323.45,3333.95,-96.0025,1,0,55.4482
33.9917,10.8307,-8.2987,3322.65,3333.15,-96.0014,1,0,55.4482
34,10.8282,-8.29846,3321.85,3332.35,-96.0003,1,0,55.4482
34.0083,10.8256,-8.29823,3321.05,3331.55,-95.9991,1,0,55.4482
34.0167,10.823,-8.29799,3320.25,3330.75,-95.998,1,0,55.4482
34.025,10.8204,-8.29775,3319.45,3329.95,-95.9969,1,0,55.4482
34.0333,10.8178,-8.29751,3318.65,3329.15,-95.9957,1,0,55.4482
34.0417,10.8153,-8.29727,3317.85,3328.35,-95.9946,1,0,55.4482
34.05,10.8127,-8.29703,3317.05,3327.55,-95.9935,1,0,55.4482
34.0583,10.8101,-8.29679,3316.25,3326.75,-95.9923,1,0,55.4482
34.0667,10.8075,-8.29655,3315.45,3325.95,-95.9912,1,0,55.4482
34.075,10.805,-8.29631,3314.65,3325.15,-95.9901,1,0,55.4482
34.0833,10.8024,-8.29607,3313.85,3324.35,-95.9889,1,0,55.4482
34.0917,10.7998,-8.29583,3313.05,3323.55,-95.9878,1,0,55.4482
34.1,10.7972,-8.29559,3312.25,3322.75,-95.9867,1,0,55.4482
34.1083,10.7946,-8.29535,3311.45,3321.95,-95.9855,1,0,55.4482
34.1167,10.7921,-8.29511,3310.65,3321.15,-95.9844,1,0,55.4482
34.125,10.7895,-8.29487,3309.85,3320.35,-95.9833,1,0,55.4482
34.1333,10.7869,-8.29463,3309.05,3319.55,-95.9821,1,0,55.4482
34.1417,10.7843,-8.29439,3308.25,3318.75,-95.981,1,0,55.4482
34.15,10.7818,-8.29415,3307.45,3317.95,-95.9799,1,0,55.4482
34.1583,10.7792,-8.29391,3306.65,3317.15,-95.9787,1,0,55.4482
34.1667,10.7766,-8.29367,3305.85,3316.35,-95.9776,1,0,55.4482
34.175,10.774,-8.29343,3305.05,3315.55,-95.9765,1,0,55.4482
34.1833,10.7715,-8.29319,3304.25,3314.75,-95.9753,1,0,55.4482
34.1917,10.7689,-8.29295,3303.45,3313.95,-95.9742,1,0,55.4482
34.2,10.7663,-8.29271,3302.65,3313.15,-95.9731,1,0,55.4482
34.2083,10.7637,-8.29247,3301.85,3312.35,-95.9719,1,0,55.4482
34.2167,10.7611,-8.29223,3301.05,3311.55,-95.9708,1,0,55.4482
34.225,10.7586,-8.29199,3300.25,3310.75,-95.9696,1,0,55.4482
34.2333,10.756,-8.29174,3299.45,3309.95,-95.9685,1,0,55.4482
34.2417,10.7534,-8.2915,3298.65,3309.15,-95.9674,1,0,55.4482
34.25,10.7508,-8.29126,3297.85,3308.35,-95.9662,1,0,55.4482
34.2583,10.7483,-8.29102,3297.05,3307.55,-95.9651,1,0,55.4482
34.2667,10.7457,-8.29078,3296.25,3306.75,-95.964,1,0,55.4482
34.275,10.7431,-8.29054,3295.45,3305.95,-95.9628,1,0,55.4482
34.2833,10.7405,-8.29029,3294.65,3305.15,-95.9617,1,0,55.4482
34.2917,10.7379,-8.29005,3293.85,3304.35,-95.9606,1,0,55.4482
34.3,10.7354,-8.28981,3293.05,3303.55,-95.9594,1,0,55.4482
34.3083,10.7328,-8.28957,3292.25,3302.75,-95.9583,1,0,55.4482
34.3167,10.7302,-8.28933,3291.45,3301.95,-95.9572,1,0,55.4482
34.325,10.7276,-8.28908,3290.65,3301.15,-95.956,1,0,55.4482
34.3333,10.7251,-8.28884,3289.85,3300.35,-95.9549,1,0,55.4482
34.3417,10.7225,-8.2886,3289.05,3299.55,-95.9537,1,0,55.4482
34.35,10.7199,-8.28836,3288.26,3298.76,-95.9526,1,0,55.4482
34.3583,10.7173,-8.28811,3287.46,3297.96,-95.9515,1,0,55.4482
34.3667,10.7148,-8.28787,3286.66,3297.16,-95.9503,1,0,55.4482
34.375,10.7122,-8.28763,3285.86,3296.36,-95.9492,1,0,55.4482
34.3833,10.7096,-8.28738,3285.06,3295.56,-95.9481,1,0,55.4482
34.3917,10.707,-8.28714,3284.26,3294.76,-95.9469,1,0,55.4482
34.4,10.7044,-8.2869,3283.46,3293.96,-95.9458,1,0,55.4482
34.4083,10.7019,-8.28665,3282.66,3293.16,-95.9447,1,0,55.4482
34.4167,10.6993,-8.28641,3281.86,3292.36,-95.9435,1,0,55.4482
34.425,10.6967,-8.28617,3281.06,3291.56,-95.9424,1,0,55.4482
34.4333,10.6941,-8.28592,3280.26,3290.76,-95.9413,1,0,55.4482
34.4417,10.6916,-8.28568,3279.46,3289.96,-95.9401,1,0,55.4482
34.45,10.689,-8.28544,3278.66,3289.16,-95.939,1,0,55.4482
34.4583,10.6864,-8.28519,3277.86,3288.36,-95.9378,1,0,55.4482
34.4667,10.6838,-8.28495,3277.06,3287.56,-95.9367,1,0,55.4482
34.475,10.6813,-8.28471,3276.26,3286.76,-95.9356,1,0,55.4482
34.4833,10.6787,-8.28446,3275.46,3285.96,-95.9344,1,0,55.4482
34.4917,10.6761,-8.28422,3274.66,3285.16,-95.9333,1,0,55.4482
34.5,10.6735,-8.28397,3273.86,3284.36,-95.9322,1,0,55.4482
34.5083,10.671,-8.28373,3273.06,3283.56,-95.931,1,0,55.4482
34.5167,10.6684,-8.28348,3272.26,3282.76,-95.9299,1,0,55.4482
34.525,10.6658,-8.28324,3271.47,3281.97,-95.9287,1,0,55.4482
34.5333,10.6632,-8.28299,3270.67,3281.17,-95.9276,1,0,55.4482
34.5417,10.6607,-8.28275,3269.87,3280.37,-95.9265,1,0,55.4482
34.55,10.6581,-8.28251,3269.07,3279.57,-95.9253,1,0,55.4482
34.5583,10.6555,-8.28226,3268.27,3278.77,-95.9242,1,0,55.4482
34.5667,10.6529,-8.28202,3267.47,3277.97,-95.9231,1,0,55.4482
34.575,10.6503,-8.28177,3266.67,3277.17,-95.9219,1,0,55.4482
34.5833,10.6478,-8.28153,3265.87,3276.37,-95.9208,1,0,55.4482
34.5917,10.6452,-8.28128,3265.07,3275.57,-95.9196,1,0,55.4482
34.6,10.6426,-8.28103,3264.27,3274.77,-95.9185,1,0,55.4482
34.6083,10.64,-8.28079,3263.47,3273.97,-95.9174,1,0,55.4482
34.6167,10.6375,-8.28054,3262.67,3273.17,-95.9162,1,0,55.4482
34.625,10.6349,-8.2803,3261.87,3272.37,-95.9151,1,0,55.4482
34.6333,10.6323,-8.28005,3261.07,3271.57,-95.914,1,0,55.4482
34.6417,10.6297,-8.27981,3260.27,3270.77,-95.9128,1,0,55.4482
34.65,10.6272,-8.27956,3259.48,3269.98,-95.9117,1,0,55.4482
34.6583,10.6246,-8.27932,3258.68,3269.18,-95.9106,1,0,55.4482
34.6667,10.622,-8.27907,3257.88,3268.38,-95.9094,1,0,55.4482
34.675,10.6194,-8.27882,3257.08,3267.58,-95.9083,1,0,55.4482
34.6833,10.6169,-8.27858,3256.28,3266.78,-95.9071,1,0,55.4482
34.6917,10.6143,-8.27833,3255.48,3265.98,-95.906,1,0,55.4482
34.7,10.6117,-8.27808,3254.68,3265.18,-95.9049,1,0,55.4482
34.7083,10.6091,-8.27784,3253.88,3264.38,-95.9037,1,0,55.4482
34.7167,10.6066,-8.27759,3253.08,3263.58,-95.9026,1,0,55.4482
34.725,10.604,-8.27734,3252.28,3262.78,-95.9014,1,0,55.4482
34.7333,10.6014,-8.2771,3251.48,3261.98,-95.9003,1,0,55.4482
34.7417,10.5988,-8.27685,3250.68,3261.18,-95.8992,1,0,55.4482
34.75,10.5963,-8.2766,3249.88,3260.38,-95.898,1,0,55.4482
34.7583,10.5937,-8.27636,3249.09,3259.59,-95.8969,1,0,55.4482
34.7667,10.5911,-8.27611,3248.29,3258.79,-95.8958,1,0,55.4482
34.775,10.5885,-8.27586,3247.49,3257.99,-95.8946,1,0,55.4482
34.7833,10.586,-8.27562,3246.69,3257.19,-95.8935,1,0,55.4482
34.7917,10.5834,-8.27537,3245.89,3256.39,-95.8923,1,0,55.4482
34.8,10.5808,-8.27512,3245.09,3255.59,-95.8912,1,0,55.4482
34.8083,10.5782,-8.27488,3244.29,3254.79,-95.8901,1,0,55.4482
34.8167,10.5757,-8.27463,3243.49,3253.99,-95.8889,1,0,55.4482
34.825,10.5731,-8.27438,3242.69,3253.19,-95.8878,1,0,55.4482
34.8333,10.5705,-8.27413,3241.89,3252.39,-95.8867,1,0,55.4482
34.8417,10.5679,-8.27388,3241.09,3251.59,-95.8855,1,0,55.4482
34.85,10.5654,-8.27364,3240.3,3250.8,-95.8844,1,0,55.4482
34.8583,10.5628,-8.27339,3239.5,3250,-95.8832,1,0,55.4482
34.8667,10.5602,-8.27314,3238.7,3249.2,-95.8821,1,0,55.4482
34.875,10.5576,-8.27289,3237.9,3248.4,-95.881,1,0,55.4482
34.8833,10.5551,-8.27265,3237.1,3247.6,-95.8798,1,0,55.4482
34.8917,10.5525,-8.2724,3236.3,3246.8,-95.8787,1,0,55.4482
34.9,10.5499,-8.27215,3235.5,3246,-95.8776,1,0,55.4482
34.9083,10.5473,-8.2719,3234.7,3245.2,-95.8764,1,0,55.4482
34.9167,10.5448,-8.27165,3233.9,3244.4,-95.8753,1,0,55.4482
34.925,10.5422,-8.2714,3233.1,3243.6,-95.8741,1,0,55.4482
34.9333,10.5396,-8.27116,3232.31,3242.81,-95.873,1,0,55.4482
34.9417,10.537,-8.27091,3231.51,3242.01,-95.8719,1,0,55.4482
34.95,10.5345,-8.27066,3230.71,3241.21,-95.8707,1,0,55.4482
34.9583,10.5319,-8.27041,3229.91,3240.41,-95.8696,1,0,55.4482
34.9667,10.5293,-8.27016,3229.11,3239.61,-95.8684,1,0,55.4482
34.975,10.5267,-8.26991,3228.31,3238.81,-95.8673,1,0,55.4482
34.9833,10.5242,-8.26966,3227.51,3238.01,-95.8662,1,0,55.4482
34.9917,10.5216,-8.26941,3226.71,3237.21,-95.865,1,0,55.4482
35,10.519,-8.26917,3225.91,3236.41,-95.8639,1,0,55.4482
35.0083,10.5164,-8.26892,3225.12,3235.62,-95.8628,1,0,55.4482
35.0167,10.5139,-8.26867,3224.32,3234.82,-95.8616,1,0,55.4482
35.025,10.5113,-8.26842,3223.52,3234.02,-95.8605,1,0,55.4482
35.0333,10.5087,-8.26817,3222.72,3233.22,-95.8593,1,0,55.4482
35.0417,10.5061,-8.26792,3221.92,3232.42,-95.8582,1,0,55.4482
35.05,10.5036,-8.26767,3221.12,3231.62,-95.8571,1,0,55.4482
35.0583,10.501,-8.26742,3220.32,3230.82,-95.8559,1,0,55.4482
35.0667,10.4984,-8.26717,3219.52,3230.02,-95.8548,1,0,55.4482
35.075,10.4958,-8.26692,3218.73,3229.23,-95.8536,1,0,55.4482
35.0833,10.4933,-8.26667,3217.93,3228.43,-95.8525,1,0,55.4482
35.0917,10.4907,-8.26642,3217.13,3227.63,-95.8514,1,0,55.4482
35.1,10.4881,-8.26617,3216.33,3226.83,-95.8502,1,0,55.4482
35.1083,10.4855,-8.26592,3215.53,3226.03,-95.8491,1,0,55.4482
35.1167,10.483,-8.26567,3214.73,3225.23,-95.8479,1,0,55.4482
35.125,10.4804,-8.26542,3213.93,3224.43,-95.8468,1,0,55.4482
35.1333,10.4778,-8.26517,3213.13,3223.63,-95.8457,1,0,55.4482
35.1417,10.4753,-8.26492,3212.34,3222.84,-95.8445,1,0,55.4482
35.15,10.4727,-8.26467,3211.54,3222.04,-95.8434,1,0,55.4482
35.1583,10.4701,-8.26442,3210.74,3221.24,-95.8423,1,0,55.4482
35.1667,10.4675,-8.26417,3209.94,3220.44,-95.8411,1,0,55.4482
35.175,10.465,-8.26392,3209.14,3219.64,-95.84,1,0,55.4482
35.1833,10.4624,-8.26367,3208.34,3218.84,-95.8388,1,0,55.4482
35.1917,10.4598,-8.26342,3207.54,3218.04,-95.8377,1,0,55.4482
35.2,10.4572,-8.26317,3206.74,3217.24,-95.8366,1,0,55.4482
35.2083,10.4547,-8.26292,3205.95,3216.45,-95.8354,1,0,55.4482
35.2167,10.4521,-8.26266,3205.15,3215.65,-95.8343,1,0,55.4482
35.225,10.4495,-8.26241,3204.35,3214.85,-95.8331,1,0,55.4482
35.2333,10.4469,-8.26216,3203.55,3214.05,-95.832,1,0,55.4482
35.2417,10.4444,-8.26191,3202.75,3213.25,-95.8309,1,0,55.4482
35.25,10.4418,-8.26166,3201.95,3212.45,-95.8297,1,0,55.4482
35.2583,10.4392,-8.26141,3201.15,3211.65,-95.8286,1,0,55.4482
35.2667,10.4366,-8.26116,3200.36,3210.86,-95.8274,1,0,55.4482
35.275,10.4341,-8.26091,3199.56,3210.06,-95.8263,1,0,55.4482
35.2833,10.4315,-8.26065,3198.76,3209.26,-95.8252,1,0,55.4482
35.2917,10.4289,-8.2604,3197.96,3208.46,-95.824,1,0,55.4482
35.3,10.4264,-8.26015,3197.16,3207.66,-95.8229,1,0,55.4482
35.3083,10.4238,-8.2599,3196.36,3206.86,-95.8218,1,0,55.4482
35.3167,10.4212,-8.25965,3195.56,3206.06,-95.8206,1,0,55.4482
35.325,10.4186,-8.2594,3194.77,3205.27,-95.8195,1,0,55.4482
35.3333,10.4161,-8.25914,3193.97,3204.47,-95.8183,1,0,55.4482
35.3417,10.4135,-8.25889,3193.17,3203.67,-95.8172,1,0,55.4482
35.35,10.4109,-8.25864,3192.37,3202.87,-95.8161,1,0,55.4482
35.3583,10.4083,-8.25839,3191.57,3202.07,-95.8149,1,0,55.4482
35.3667,10.4058,-8.25814,3190.77,3201.27,-95.8138,1,0,55.4482
35.375,10.4032,-8.25788,3189.97,3200.47,-95.8126,1,0,55.4482
35.3833,10.4006,-8.25763,3189.18,3199.68,-95.8115,1,0,55.4482
35.3917,10.398,-8.25738,3188.38,3198.88,-95.8104,1,0,55.4482
35.4,10.3955,-8.25713,3187.58,3198.08,-95.8092,1,0,55.4482
35.4083,10.3929,-8.25688,3186.78,3197.28,-95.8081,1,0,55.4482
35.4167,10.3903,-8.25662,3185.98,3196.48,-95.8069,1,0,55.4482
35.425,10.3878,-8.25637,3185.18,3195.68,-95.8058,1,0,55.4482
35.4333,10.3852,-8.25612,3184.39,3194.89,-95.8047,1,0,55.4482
35.4417,10.3826,-8.25587,3183.59,3194.09,-95.8035,1,0,55.4482
35.45,10.38,-8.25561,3182.79,3193.29,-95.8024,1,0,55.4482
35.4583,10.3775,-8.25536,3181.99,3192.49,-95.8012,1,0,55.4482
35.4667,10.3749,-8.25511,3181.19,3191.69,-95.8001,1,0,55.4482
35.475,10.3723,-8.25485,3180.39,3190.89,-95.799,1,0,55.4482
35.4833,10.3697,-8.2546,3179.6,3190.1,-95.7978,1,0,55.4482
35.4917,10.3672,-8.25435,3178.8,3189.3,-95.7967,1,0,55.4482
35.5,10.3646,-8.2541,3178,3188.5,-95.7956,1,0,55.4482
35.5083,10.362,-8.25384,3177.2,3187.7,-95.7944,1,0,55.4482
35.5167,10.3595,-8.25359,3176.4,3186.9,-95.7933,1,0,55.4482
35.525,10.3569,-8.25334,3175.6,3186.1,-95.7921,1,0,55.4482
35.5333,10.3543,-8.25308,3174.81,3185.31,-95.791,1,0,55.4482
35.5417,10.3517,-8.25283,3174.01,3184.51,-95.7899,1,0,55.4482
35.55,10.3492,-8.25258,3173.21,3183.71,-95.7887,1,0,55.4482
35.5583,10.3466,-8.25232,3172.41,3182.91,-95.7876,1,0,55.4482
35.5667,10.344,-8.25207,3171.61,3182.11,-95.7864,1,0,55.4482
35.575,10.3414,-8.25181,3170.82,3181.32,-95.7853,1,0,55.4482
35.5833,10.3389,-8.25156,3170.02,3180.52,-95.7842,1,0,55.4482
35.5917,10.3363,-8.25131,3169.22,3179.72,-95.783,1,0,55.4482
35.6,10.3337,-8.25105,3168.42,3178.92,-95.7819,1,0,55.4482
35.6083,10.3312,-8.2508,3167.62,3178.12,-95.7807,1,0,55.4482
35.6167,10.3286,-8.25055,3166.82,3177.32,-95.7796,1,0,55.4482
35.625,10.326,-8.25029,3166.03,3176.53,-95.7785,1,0,55.4482
35.6333,10.3234,-8.25004,3165.23,3175.73,-95.7773,1,0,55.4482
35.6417,10.3209,-8.24978,3164.43,3174.93,-95.7762,1,0,55.4482
35.65,10.3183,-8.24953,3163.63,3174.13,-95.775,1,0,55.4482
35.6583,10.3157,-8.24928,3162.83,3173.33,-95.7739,1,0,55.4482
35.6667,10.3132,-8.24902,3162.04,3172.54,-95.7728,1,0,55.4482
35.675,10.3106,-8.24877,3161.24,3171.74,-95.7716,1,0,55.4482
35.6833,10.308,-8.24851,3160.44,3170.94,-95.7705,1,0,55.4482
35.6917,10.3054,-8.24826,3159.64,3170.14,-95.7693,1,0,55.4482
35.7,10.3029,-8.248,3158.84,3169.34,-95.7682,1,0,55.4482
35.7083,10.3003,-8.24775,3158.04,3168.54,-95.7671,1,0,55.4482
35.7167,10.2977,-8.24749,3157.25,3167.75,-95.7659,1,0,55.4482
35.725,10.2951,-8.24724,3156.45,3166.95,-95.7648,1,0,55.4482
35.7333,10.2926,-8.24699,3155.65,3166.15,-95.7637,1,0,55.4482
35.7417,10.29,-8.24673,3154.85,3165.35,-95.7625,1,0,55.4482
35.75,10.2874,-8.24648,3154.05,3164.55,-95.7614,1,0,55.4482
35.7583,10.2849,-8.24622,3153.26,3163.76,-95.7602,1,0,55.4482
35.7667,10.2823,-8.24597,3152.46,3162.96,-95.7591,1,0,55.4482
35.775,10.2797,-8.24571,3151.66,3162.16,-95.758,1,0,55.4482
35.7833,10.2771,-8.24546,3150.86,3161.36,-95.7568,1,0,55.4482
35.7917,10.2746,-8.2452,3150.06,3160.56,-95.7557,1,0,55.4482
35.8,10.272,-8.24495,3149.27,3159.77,-95.7545,1,0,55.4482
35.8083,10.2694,-8.24469,3148.47,3158.97,-95.7534,1,0,55.4482
35.8167,10.2669,-8.24444,3147.67,3158.17,-95.7523,1,0,55.4482
35.825,10.2643,-8.24418,3146.87,3157.37,-95.7511,1,0,55.4482
35.8333,10.2617,-8.24392,3146.07,3156.57,-95.75,1,0,55.4482
35.8417,10.2591,-8.24367,3145.28,3155.78,-95.7488,1,0,55.4482
35.85,10.2566,-8.24341,3144.48,3154.98,-95.7477,1,0,55.4482
35.8583,10.254,-8.24316,3143.68,3154.18,-95.7466,1,0,55.4482
35.8667,10.2514,-8.2429,3142.88,3153.38,-95.7454,1,0,55.4482
35.875,10.2489,-8.24265,3142.09,3152.59,-95.7443,1,0,55.4482
35.8833,10.2463,-8.24239,3141.29,3151.79,-95.7431,1,0,55.4482
35.8917,10.2437,-8.24214,3140.49,3150.99,-95.742,1,0,55.4482
35.9,10.2411,-8.24188,3139.69,3150.19,-95.7409,1,0,55.4482
35.9083,10.2386,-8.24162,3138.89,3149.39,-95.7397,1,0,55.4482
35.9167,10.236,-8.24137,3138.1,3148.6,-95.7386,1,0,55.4482
35.925,10.2334,-8.24111,3137.3,3147.8,-95.7375,1,0,55.4482
35.9333,10.2309,-8.24086,3136.5,3147,-95.7363,1,0,55.4482
35.9417,10.2283,-8.2406,3135.7,3146.2,-95.7352,1,0,55.4482
35.95,10.2257,-8.24034,3134.9,3145.4,-95.734,1,0,55.4482
35.9583,10.2231,-8.24009,3134.11,3144.61,-95.7329,1,0,55.4482
35.9667,10.2206,-8.23983,3133.31,3143.81,-95.7318,1,0,55.4482
35.975,10.218,-8.23958,3132.51,3143.01,-95.7306,1,0,55.4482
35.9833,10.2154,-8.23932,3131.71,3142.21,-95.7295,1,0,55.4482
35.9917,10.2129,-8.23906,3130.92,3141.42,-95.7283,1,0,55.4482
36,10.2103,-8.23881,3130.12,3140.62,-95.7272,1,0,55.4482
36.0083,10.2077,-8.23855,3129.32,3139.82,-95.7261,1,0,55.4482
36.0167,10.2052,-8.23829,3128.52,3139.02,-95.7249,1,0,55.4482
36.025,10.2026,-8.23804,3127.73,3138.23,-95.7238,1,0,55.4482
36.0333,10.2,-8.23778,3126.93,3137.43,-95.7226,1,0,55.4482
36.0417,10.1974,-8.23752,3126.13,3136.63,-95.7215,1,0,55.4482
36.05,10.1949,-8.23727,3125.33,3135.83,-95.7204,1,0,55.4482
36.0583,10.1923,-8.23701,3124.53,3135.03,-95.7192,1,0,55.4482
36.0667,10.1897,-8.23675,3123.74,3134.24,-95.7181,1,0,55.4482
36.075,10.1872,-8.2365,3122.94,3133.44,-95.7169,1,0,55.4482
36.0833,10.1846,-8.23624,3122.14,3132.64,-95.7158,1,0,55.4482
36.0917,10.182,-8.23598,3121.34,3131.84,-95.7147,1,0,55.4482
36.1,10.1794,-8.23573,3120.55,3131.05,-95.7135,1,0,55.4482
36.1083,10.1769,-8.23547,3119.75,3130.25,-95.7124,1,0,55.4482
36.1167,10.1743,-8.23521,3118.95,3129.45,-95.7113,1,0,55.4482
36.125,10.1717,-8.23495,3118.15,3128.65,-95.7101,1,0,55.4482
36.1333,10.1692,-8.2347,3117.36,3127.86,-95.709,1,0,55.4482
36.1417,10.1666,-8.23444,3116.56,3127.06,-95.7078,1,0,55.4482
36.15,10.164,-8.23418,3115.76,3126.26,-95.7067,1,0,55.4482
36.1583,10.1615,-8.23393,3114.96,3125.46,-95.7056,1,0,55.4482
36.1667,10.1589,-8.23367,3114.17,3124.67,-95.7044,1,0,55.4482
36.175,10.1563,-8.23341,3113.37,3123.87,-95.7033,1,0,55.4482
36.1833,10.1537,-8.23315,3112.57,3123.07,-95.7021,1,0,55.4482
36.1917,10.1512,-8.2329,3111.77,3122.27,-95.701,1,0,55.4482
36.2,10.1486,-8.23264,3110.98,3121.48,-95.6999,1,0,55.4482
36.2083,10.146,-8.23238,3110.18,3120.68,-95.6987,1,0,55.4482
36.2167,10.1435,-8.23212,3109.38,3119.88,-95.6976,1,0,55.4482
36.225,10.1409,-8.23187,3108.58,3119.08,-95.6964,1,0,55.4482
36.2333,10.1383,-8.23161,3107.79,3118.29,-95.6953,1,0,55.4482
36.2417,10.1357,-8.23135,3106.99,3117.49,-95.6942,1,0,55.4482
36.25,10.1332,-8.23109,3106.19,3116.69,-95.693,1,0,55.4482
36.2583,10.1306,-8.23083,3105.39,3115.89,-95.6919,1,0,55.4482
36.2667,10.128,-8.23058,3104.6,3115.1,-95.6908,1,0,55.4482
36.275,10.1255,-8.23032,3103.8,3114.3,-95.6896,1,0,55.4482
36.2833,10.1229,-8.23006,3103,3113.5,-95.6885,1,0,55.4482
36.2917,10.1203,-8.2298,3102.2,3112.7,-95.6873,1,0,55.4482
36.3,10.1178,-8.22954,3101.41,3111.91,-95.6862,1,0,55.4482
36.3083,10.1152,-8.22929,3100.61,3111.11,-95.6851,1,0,55.4482
36.3167,10.1126,-8.22903,3099.81,3110.31,-95.6839,1,0,55.4482
36.325,10.1101,-8.22877,3099.01,3109.51,-95.6828,1,0,55.4482
36.3333,10.1075,-8.22851,3098.22,3108.72,-95.6816,1,0,55.4482
36.3417,10.1049,-8.22825,3097.42,3107.92,-95.6805,1,0,55.4482
36.35,10.1023,-8.22799,3096.62,3107.12,-95.6794,1,0,55.4482
36.3583,10.0998,-8.22774,3095.82,3106.32,-95.6782,1,0,55.4482
36.3667,10.0972,-8.22748,3095.03,3105.53,-95.6771,1,0,55.4482
36.375,10.0946,-8.22722,3094.23,3104.73,-95.6759,1,0,55.4482
36.3833,10.0921,-8.22696,3093.43,3103.93,-95.6748,1,0,55.4482
36.3917,10.0895,-8.2267,3092.64,3103.14,-95.6737,1,0,55.4482
36.4,10.0869,-8.22644,3091.84,3102.34,-95.6725,1,0,55.4482
36.4083,10.0844,-8.22618,3091.04,3101.54,-95.6714,1,0,55.4482
36.4167,10.0818,-8.22593,3090.24,3100.74,-95.6703,1,0,55.4482
36.425,10.0792,-8.22567,3089.45,3099.95,-95.6691,1,0,55.4482
36.4333,10.0766,-8.22541,3088.65,3099.15,-95.668,1,0,55.4482
36.4417,10.0741,-8.22515,3087.85,3098.35,-95.6668,1,0,55.4482
36.45,10.0715,-8.22489,3087.05,3097.55,-95.6657,1,0,55.4482
36.4583,10.0689,-8.22463,3086.26,3096.76,-95.6646,1,0,55.4482
36.4667,10.0664,-8.22437,3085.46,3095.96,-95.6634,1,0,55.4482
36.475,10.0638,-8.22411,3084.66,3095.16,-95.6623,1,0,55.4482
36.4833,10.0612,-8.22385,3083.87,3094.37,-95.6611,1,0,55.4482
36.4917,10.0587,-8.2236,3083.07,3093.57,-95.66,1,0,55.4482
36.5,10.0561,-8.22334,3082.27,3092.77,-95.6589,1,0,55.4482
36.5083,10.0535,-8.22308,3081.47,3091.97,-95.6577,1,0,55.4482
36.5167,10.051,-8.22282,3080.68,3091.18,-95.6566,1,0,55.4482
36.525,10.0484,-8.22256,3079.88,3090.38,-95.6555,1,0,55.4482
36.5333,10.0458,-8.2223,3079.08,3089.58,-95.6543,1,0,55.4482
36.5417,10.0432,-8.22204,3078.29,3088.79,-95.6532,1,0,55.4482
36.55,10.0407,-8.22178,3077.49,3087.99,-95.652,1,0,55.4482
36.5583,10.0381,-8.22152,3076.69,3087.19,-95.6509,1,0,55.4482
36.5667,10.0355,-8.22126,3075.89,3086.39,-95.6498,1,0,55.4482
36.575,10.033,-8.221,3075.1,3085.6,-95.6486,1,0,55.4482
36.5833,10.0304,-8.22074,3074.3,3084.8,-95.6475,1,0,55.4482
36.5917,10.0278,-8.22048,3073.5,3084,-95.6463,1,0,55.4482
36.6,10.0253,-8.22022,3072.71,3083.21,-95.6452,1,0,55.4482
36.6083,10.0227,-8.21996,3071.91,3082.41,-95.6441,1,0,55.4482
36.6167,10.0201,-8.2197,3071.11,3081.61,-95.6429,1,0,55.4482
36.625,10.0176,-8.21944,3070.32,3080.82,-95.6418,1,0,55.4482
36.6333,10.015,-8.21918,3069.52,3080.02,-95.6407,1,0,55.4482
36.6417,10.0124,-8.21893,3068.72,3079.22,-95.6395,1,0,55.4482
36.65,10.0099,-8.21867,3067.92,3078.42,-95.6384,1,0,55.4482
36.6583,10.0073,-8.21841,3067.13,3077.63,-95.6372,1,0,55.4482
36.6667,10.0047,-8.21815,3066.33,3076.83,-95.6361,1,0,55.4482
36.675,10.0021,-8.21789,3065.53,3076.03,-95.635,1,0,55.4482
36.6833,9.99958,-8.21763,3064.74,3075.24,-95.6338,1,0,55.4482
36.6917,9.99701,-8.21737,3063.94,3074.44,-95.6327,1,0,55.4482
36.7,9.99444,-8.21711,3063.14,3073.64,-95.6315,1,0,55.4482
36.7083,9.99188,-8.21685,3062.35,3072.85,-95.6304,1,0,55.4482
36.7167,9.98931,-8.21658,3061.55,3072.05,-95.6293,1,0,55.4482
36.725,9.98674,-8.21632,3060.75,3071.25,-95.6281,1,0,55.4482
36.7333,9.98417,-8.21606,3059.95,3070.45,-95.627,1,0,55.4482
36.7417,9.9816,-8.2158,3059.16,3069.66,-95.6259,1,0,55.4482
36.75,9.97903,-8.21554,3058.36,3068.86,-95.6247,1,0,55.4482
36.7583,9.97647,-8.21528,3057.56,3068.06,-95.6236,1,0,55.4482
36.7667,9.9739,-8.21502,3056.77,3067.27,-95.6224,1,0,55.4482
36.775,9.97133,-8.21476,3055.97,3066.47,-95.6213,1,0,55.4482
36.7833,9.96876,-8.2145,3055.17,3065.67,-95.6202,1,0,55.4482
36.7917,9.96619,-8.21424,3054.38,3064.88,-95.619,1,0,55.4482
36.8,9.96363,-8.21398,3053.58,3064.08,-95.6179,1,0,55.4482
36.8083,9.96106,-8.21372,3052.78,3063.28,-95.6168,1,0,55.4482
36.8167,9.95849,-8.21346,3051.99,3062.49,-95.6156,1,0,55.4482
36.825,9.95592,-8.2132,3051.19,3061.69,-95.6145,1,0,55.4482
36.8333,9.95335,-8.21294,3050.39,3060.89,-95.6133,1,0,55.4482
36.8417,9.95079,-8.21268,3049.6,3060.1,-95.6122,1,0,55.4482
36.85,9.94822,-8.21242,3048.8,3059.3,-95.6111,1,0,55.4482
36.8583,9.94565,-8.21216,3048,3058.5,-95.6099,1,0,55.4482
36.8667,9.94308,-8.2119,3047.21,3057.71,-95.6088,1,0,55.4482
36.875,9.94052,-8.21163,3046.41,3056.91,-95.6077,1,0,55.4482
36.8833,9.93795,-8.21137,3045.61,3056.11,-95.6065,1,0,55.4482
36.8917,9.93538,-8.21111,3044.82,3055.32,-95.6054,1,0,55.4482
36.9,9.93281,-8.21085,3044.02,3054.52,-95.6042,1,0,55.4482
36.9083,9.93024,-8.21059,3043.22,3053.72,-95.6031,1,0,55.4482
36.9167,9.92768,-8.21033,3042.43,3052.93,-95.602,1,0,55.4482
36.925,9.92511,-8.21007,3041.63,3052.13,-95.6008,1,0,55.4482
36.9333,9.92254,-8.20981,3040.83,3051.33,-95.5997,1,0,55.4482
36.9417,9.91997,-8.20955,3040.04,3050.54,-95.5986,1,0,55.4482
36.95,9.91741,-8.20929,3039.24,3049.74,-95.5974,1,0,55.4482
36.9583,9.91484,-8.20902,3038.44,3048.94,-95.5963,1,0,55.4482
36.9667,9.91227,-8.20876,3037.65,3048.15,-95.5951,1,0,55.4482
36.975,9.9097,-8.2085,3036.85,3047.35,-95.594,1,0,55.4482
36.9833,9.90714,-8.20824,3036.05,3046.55,-95.5929,1,0,55.4482
36.9917,9.90457,-8.20798,3035.26,3045.76,-95.5917,1,0,55.4482
37,9.902,-8.20772,3034.46,3044.96,-95.5906,1,0,55.4482
37.0083,9.89944,-8.20746,3033.66,3044.16,-95.5895,1,0,55.4482
37.0167,9.89687,-8.20719,3032.87,3043.37,-95.5883,1,0,55.4482
37.025,9.8943,-8.20693,3032.07,3042.57,-95.5872,1,0,55.4482
37.0333,9.89173,-8.20667,3031.27,3041.77,-95.586,1,0,55.4482
37.0417,9.88917,-8.20641,3030.48,3040.98,-95.5849,1,0,55.4482
37.05,9.8866,-8.20615,3029.68,3040.18,-95.5838,1,0,55.4482
37.0583,9.88403,-8.20589,3028.88,3039.38,-95.5826,1,0,55.4482
37.0667,9.88147,-8.20562,3028.09,3038.59,-95.5815,1,0,55.4482
37.075,9.8789,-8.20536,3027.29,3037.79,-95.5804,1,0,55.4482
37.0833,9.87633,-8.2051,3026.49,3036.99,-95.5792,1,0,55.4482
37.0917,9.87376,-8.20484,3025.7,3036.2,-95.5781,1,0,55.4482
37.1,9.8712,-8.20458,3024.9,3035.4,-95.5769,1,0,55.4482
37.1083,9.86863,-8.20432,3024.1,3034.6,-95.5758,1,0,55.4482
37.1167,9.86606,-8.20405,3023.31,3033.81,-95.5747,1,0,55.4482
37.125,9.8635,-8.20379,3022.51,3033.01,-95.5735,1,0,55.4482
37.1333,9.86093,-8.20353,3021.71,3032.21,-95.5724,1,0,55.4482
37.1417,9.85836,-8.20327,3020.92,3031.42,-95.5713,1,0,55.4482
37.15,9.8558,-8.20301,3020.12,3030.62,-95.5701,1,0,55.4482
37.1583,9.85323,-8.20274,3019.33,3029.83,-95.569,1,0,55.4482
37.1667,9.85066,-8.20248,3018.53,3029.03,-95.5678,1,0,55.4482
37.175,9.8481,-8.20222,3017.73,3028.23,-95.5667,1,0,55.4482
37.1833,9.84553,-8.20196,3016.94,3027.44,-95.5656,1,0,55.4482
37.1917,9.84296,-8.2017,3016.14,3026.64,-95.5644,1,0,55.4482
37.2,9.8404,-8.20143,3015.34,3025.84,-95.5633,1,0,55.4482
37.2083,9.83783,-8.20117,3014.55,3025.05,-95.5622,1,0,55.4482
37.2167,9.83526,-8.20091,3013.75,3024.25,-95.561,1,0,55.4482
37.225,9.8327,-8.20065,3012.95,3023.45,-95.5599,1,0,55.4482
37.2333,9.83013,-8.20038,3012.16,3022.66,-95.5587,1,0,55.4482
37.2417,9.82756,-8.20012,3011.36,3021.86,-95.5576,1,0,55.4482
37.25,9.825,-8.19986,3010.57,3021.07,-95.5565,1,0,55.4482
37.2583,9.82243,-8.1996,3009.77,3020.27,-95.5553,1,0,55.4482
37.2667,9.81986,-8.19934,3008.97,3019.47,-95.5542,1,0,55.4482
37.275,9.8173,-8.19907,3008.18,3018.68,-95.5531,1,0,55.4482
37.2833,9.81473,-8.19881,3007.38,3017.88,-95.5519,1,0,55.4482
37.2917,9.81217,-8.19855,3006.58,3017.08,-95.5508,1,0,55.4482
37.3,9.8096,-8.19829,3005.79,3016.29,-95.5497,1,0,55.4482
37.3083,9.80703,-8.19802,3004.99,3015.49,-95.5485,1,0,55.4482
37.3167,9.80447,-8.19776,3004.2,3014.7,-95.5474,1,0,55.4482
37.325,9.8019,-8.1975,3003.4,3013.9,-95.5462,1,0,55.4482
37.3333,9.79934,-8.19723,3002.6,3013.1,-95.5451,1,0,55.4482
37.3417,9.79677,-8.19697,3001.81,3012.31,-95.544,1,0,55.4482
37.35,9.7942,-8.19671,3001.01,3011.51,-95.5428,1,0,55.4482
37.3583,9.79164,-8.19645,3000.21,3010.71,-95.5417,1,0,55.4482
37.3667,9.78907,-8.19618,2999.42,3009.92,-95.5406,1,0,55.4482
37.375,9.78651,-8.19592,2998.62,3009.12,-95.5394,1,0,55.4482
37.3833,9.78394,-8.19566,2997.83,3008.33,-95.5383,1,0,55.4482
37.3917,9.78137,-8.1954,2997.03,3007.53,-95.5372,1,0,55.4482
37.4,9.77881,-8.19513,2996.23,3006.73,-95.536,1,0,55.4482
37.4083,9.77624,-8.19487,2995.44,3005.94,-95.5349,1,0,55.4482
37.4167,9.77368,-8.19461,2994.64,3005.14,-95.5337,1,0,55.4482
37.425,9.77111,-8.19434,2993.85,3004.35,-95.5326,1,0,55.4482
37.4333,9.76854,-8.19408,2993.05,3003.55,-95.5315,1,0,55.4482
37.4417,9.76598,-8.19382,2992.25,3002.75,-95.5303,1,0,55.4482
37.45,9.76341,-8.19355,2991.46,3001.96,-95.5292,1,0,55.4482
37.4583,9.76085,-8.19329,2990.66,3001.16,-95.5281,1,0,55.4482
37.4667,9.75828,-8.19303,2989.86,3000.36,-95.5269,1,0,55.4482
37.475,9.75572,-8.19276,2989.07,2999.57,-95.5258,1,0,55.4482
37.4833,9.75315,-8.1925,2988.27,2998.77,-95.5247,1,0,55.4482
37.4917,9.75059,-8.19224,2987.48,2997.98,-95.5235,1,0,55.4482
37.5,9.74802,-8.19198,2986.68,2997.18,-95.5224,1,0,55.4482
37.5083,9.74545,-8.19171,2985.88,2996.38,-95.5212,1,0,55.4482
37.5167,9.74289,-8.19145,2985.09,2995.59,-95.5201,1,0,55.4482
37.525,9.74032,-8.19119,2984.29,2994.79,-95.519,1,0,55.4482
37.5333,9.73776,-8.19092,2983.5,2994,-95.5178,1,0,55.4482
37.5417,9.73519,-8.19066,2982.7,2993.2,-95.5167,1,0,55.4482
37.55,9.73263,-8.1904,2981.9,2992.4,-95.5156,1,0,55.4482
37.5583,9.73006,-8.19013,2981.11,2991.61,-95.5144,1,0,55.4482
37.5667,9.7275,-8.18987,2980.31,2990.81,-95.5133,1,0,55.4482
37.575,9.72493,-8.1896,2979.52,2990.02,-95.5122,1,0,55.4482
37.5833,9.72237,-8.18934,2978.72,2989.22,-95.511,1,0,55.4482
37.5917,9.7198,-8.18908,2977.92,2988.42,-95.5099,1,0,55.4482
37.6,9.71724,-8.18881,2977.13,2987.63,-95.5087,1,0,55.4482
37.6083,9.71467,-8.18855,2976.33,2986.83,-95.5076,1,0,55.4482
37.6167,9.71211,-8.18829,2975.54,2986.04,-95.5065,1,0,55.4482
37.625,9.70954,-8.18802,2974.74,2985.24,-95.5053,1,0,55.4482
37.6333,9.70698,-8.18776,2973.95,2984.45,-95.5042,1,0,55.4482
37.6417,9.70441,-8.1875,2973.15,2983.65,-95.5031,1,0,55.4482
37.65,9.70185,-8.18723,2972.35,2982.85,-95.5019,1,0,55.4482
37.6583,9.69928,-8.18697,2971.56,2982.06,-95.5008,1,0,55.4482
37.6667,9.69672,-8.1867,2970.76,2981.26,-95.4997,1,0,55.4482
37.675,9.69415,-8.18644,2969.97,2980.47,-95.4985,1,0,55.4482
37.6833,9.69159,-8.18618,2969.17,2979.67,-95.4974,1,0,55.4482
37.6917,9.68902,-8.18591,2968.37,2978.87,-95.4963,1,0,55.4482
37.7,9.68646,-8.18565,2967.58,2978.08,-95.4951,1,0,55.4482
37.7083,9.68389,-8.18539,2966.78,2977.28,-95.494,1,0,55.4482
37.7167,9.68133,-8.18512,2965.99,2976.49,-95.4928,1,0,55.4482
37.725,9.67876,-8.18486,2965.19,2975.69,-95.4917,1,0,55.4482
37.7333,9.6762,-8.18459,2964.4,2974.9,-95.4906,1,0,55.4482
37.7417,9.67363,-8.18433,2963.6,2974.1,-95.4894,1,0,55.4482
37.75,9.67107,-8.18407,2962.8,2973.3,-95.4883,1,0,55.4482
37.7583,9.6685,-8.1838,2962.01,2972.51,-95.4872,1,0,55.4482
37.7667,9.66594,-8.18354,2961.21,2971.71,-95.486,1,0,55.4482
37.775,9.66338,-8.18327,2960.42,2970.92,-95.4849,1,0,55.4482
37.7833,9.66081,-8.18301,2959.62,2970.12,-95.4838,1,0,55.4482
37.7917,9.65825,-8.18274,2958.83,2969.33,-95.4826,1,0,55.4482
37.8,9.65568,-8.18248,2958.03,2968.53,-95.4815,1,0,55.4482
37.8083,9.65312,-8.18222,2957.23,2967.73,-95.4804,1,0,55.4482
37.8167,9.65055,-8.18195,2956.44,2966.94,-95.4792,1,0,55.4482
37.825,9.64799,-8.18169,2955.64,2966.14,-95.4781,1,0,55.4482
37.8333,9.64542,-8.18142,2954.85,2965.35,-95.477,1,0,55.4482
37.8417,9.64286,-8.18116,2954.05,2964.55,-95.4758,1,0,55.4482
37.85,9.6403,-8.18089,2953.26,2963.76,-95.4747,1,0,55.4482
37.8583,9.63773,-8.18063,2952.46,2962.96,-95.4735,1,0,55.4482
37.8667,9.63517,-8.18037,2951.66,2962.16,-95.4724,1,0,55.4482
37.875,9.6326,-8.1801,2950.87,2961.37,-95.4713,1,0,55.4482
37.8833,9.63004,-8.17984,2950.07,2960.57,-95.4701,1,0,55.4482
37.8917,9.62748,-8.17957,2949.28,2959.78,-95.469,1,0,55.4482
37.9,9.62491,-8.17931,2948.48,2958.98,-95.4679,1,0,55.4482
37.9083,9.62235,-8.17904,2947.69,2958.19,-95.4667,1,0,55.4482
37.9167,9.61978,-8.17878,2946.89,2957.39,-95.4656,1,0,55.4482
37.925,9.61722,-8.17851,2946.1,2956.6,-95.4645,1,0,55.4482
37.9333,9.61466,-8.17825,2945.3,2955.8,-95.4633,1,0,55.4482
37.9417,9.61209,-8.17799,2944.5,2955,-95.4622,1,0,55.4482
37.95,9.60953,-8.17772,2943.71,2954.21,-95.4611,1,0,55.4482
37.9583,9.60696,-8.17746,2942.91,2953.41,-95.4599,1,0,55.4482
37.9667,9.6044,-8.17719,2942.12,2952.62,-95.4588,1,0,55.4482
37.975,9.60184,-8.17693,2941.32,2951.82,-95.4577,1,0,55.4482
37.9833,9.59927,-8.17666,2940.53,2951.03,-95.4565,1,0,55.4482
37.9917,9.59671,-8.1764,2939.73,2950.23,-95.4554,1,0,55.4482
38,9.59415,-8.17613,2938.94,2949.44,-95.4543,1,0,55.4482
38.0083,9.59158,-8.17587,2938.14,2948.64,-95.4531,1,0,55.4482
38.0167,9.58902,-8.1756,2937.35,2947.85,-95.452,1,0,55.4482
38.025,9.58645,-8.17534,2936.55,2947.05,-95.4509,1,0,55.4482
38.0333,9.58389,-8.17507,2935.75,2946.25,-95.4497,1,0,55.4482
38.0417,9.58133,-8.17481,2934.96,2945.46,-95.4486,1,0,55.4482
38.05,9.57876,-8.17454,2934.16,2944.66,-95.4474,1,0,55.4482
38.0583,9.5762,-8.17428,2933.37,2943.87,-95.4463,1,0,55.4482
38.0667,9.57364,-8.17401,2932.57,2943.07,-95.4452,1,0,55.4482
38.075,9.57107,-8.17375,2931.78,2942.28,-95.444,1,0,55.4482
38.0833,9.56851,-8.17348,2930.98,2941.48,-95.4429,1,0,55.4482
38.0917,9.56595,-8.17322,2930.19,2940.69,-95.4418,1,0,55.4482
38.1,9.56338,-8.17295,2929.39,2939.89,-95.4406,1,0,55.4482
38.1083,9.56082,-8.17269,2928.6,2939.1,-95.4395,1,0,55.4482
38.1167,9.55826,-8.17242,2927.8,2938.3,-95.4384,1,0,55.4482
38.125,9.55569,-8.17216,2927.01,2937.51,-95.4372,1,0,55.4482
38.1333,9.55313,-8.17189,2926.21,2936.71,-95.4361,1,0,55.4482
38.1417,9.55057,-8.17163,2925.41,2935.91,-95.435,1,0,55.4482
38.15,9.548,-8.17136,2924.62,2935.12,-95.4338,1,0,55.4482
38.1583,9.54544,-8.1711,2923.82,2934.32,-95.4327,1,0,55.4482
38.1667,9.54288,-8.17083,2923.03,2933.53,-95.4316,1,0,55.4482
38.175,9.54032,-8.17057,2922.23,2932.73,-95.4304,1,0,55.4482
38.1833,9.53775,-8.1703,2921.44,2931.94,-95.4293,1,0,55.4482
38.1917,9.53519,-8.17004,2920.64,2931.14,-95.4282,1,0,55.4482
38.2,9.53263,-8.16977,2919.85,2930.35,-95.427,1,0,55.4482
38.2083,9.53006,-8.16951,2919.05,2929.55,-95.4259,1,0,55.4482
38.2167,9.5275,-8.16924,2918.26,2928.76,-95.4248,1,0,55.4482
38.225,9.52494,-8.16898,2917.46,2927.96,-95.4236,1,0,55.4482
38.2333,9.52237,-8.16871,2916.67,2927.17,-95.4225,1,0,55.4482
38.2417,9.51981,-8.16845,2915.87,2926.37,-95.4214,1,0,55.4482
38.25,9.51725,-8.16818,2915.08,2925.58,-95.4202,1,0,55.4482
38.2583,9.51469,-8.16792,2914.28,2924.78,-95.4191,1,0,55.4482
38.2667,9.51212,-8.16765,2913.49,2923.99,-95.418,1,0,55.4482
38.275,9.50956,-8.16738,2912.69,2923.19,-95.4168,1,0,55.4482
38.2833,9.507,-8.16712,2911.9,2922.4,-95.4157,1,0,55.4482
38.2917,9.50444,-8.16685,2911.1,2921.6,-95.4146,1,0,55.4482
38.3,9.50187,-8.16659,2910.31,2920.81,-95.4134,1,0,55.4482
38.3083,9.49931,-8.16632,2909.51,2920.01,-95.4123,1,0,55.4482
38.3167,9.49675,-8.16606,2908.72,2919.22,-95.4112,1,0,55.4482
38.325,9.49419,-8.16579,2907.92,2918.42,-95.41,1,0,55.4482
38.3333,9.49162,-8.16553,2907.13,2917.63,-95.4089,1,0,55.4482
38.3417,9.48906,-8.16526,2906.33,2916.83,-95.4078,1,0,55.4482
38.35,9.4865,-8.16499,2905.54,2916.04,-95.4066,1,0,55.4482
38.3583,9.48394,-8.16473,2904.74,2915.24,-95.4055,1,0,55.4482
38.3667,9.48137,-8.16446,2903.95,2914.45,-95.4044,1,0,55.4482
38.375,9.47881,-8.1642,2903.15,2913.65,-95.4032,1,0,55.4482
38.3833,9.47625,-8.16393,2902.36,2912.86,-95.4021,1,0,55.4482
38.3917,9.47369,-8.16367,2901.56,2912.06,-95.401,1,0,55.4482
38.4,9.47112,-8.1634,2900.77,2911.27,-95.3998,1,0,55.4482
38.4083,9.46856,-8.16313,2899.97,2910.47,-95.3987,1,0,55.4482
38.4167,9.466,-8.16287,2899.18,2909.68,-95.3976,1,0,55.4482
38.425,9.46344,-8.1626,2898.38,2908.88,-95.3964,1,0,55.4482
38.4333,9.46088,-8.16234,2897.59,2908.09,-95.3953,1,0,55.4482
38.4417,9.45831,-8.16207,2896.79,2907.29,-95.3942,1,0,55.4482
38.45,9.45575,-8.16181,2896,2906.5,-95.393,1,0,55.4482
38.4583,9.45319,-8.16154,2895.2,2905.7,-95.3919,1,0,55.4482
38.4667,9.45063,-8.16127,2894.41,2904.91,-95.3908,1,0,55.4482
38.475,9.44807,-8.16101,2893.61,2904.11,-95.3896,1,0,55.4482
38.4833,9.4455,-8.16074,2892.82,2903.32,-95.3885,1,0,55.4482
38.4917,9.44294,-8.16048,2892.02,2902.52,-95.3874,1,0,55.4482
38.5,9.44038,-8.16021,2891.23,2901.73,-95.3862,1,0,55.4482
38.5083,9.43782,-8.15994,2890.43,2900.93,-95.3851,1,0,55.4482
38.5167,9.43526,-8.15968,2889.64,2900.14,-95.384,1,0,55.4482
38.525,9.43269,-8.15941,2888.84,2899.34,-95.3828,1,0,55.4482
38.5333,9.43013,-8.15915,2888.05,2898.55,-95.3817,1,0,55.4482
38.5417,9.42757,-8.15888,2887.25,2897.75,-95.3806,1,0,55.4482
38.55,9.42501,-8.15861,2886.46,2896.96,-95.3794,1,0,55.4482
38.5583,9.42245,-8.15835,2885.66,2896.16,-95.3783,1,0,55.4482
38.5667,9.41989,-8.15808,2884.87,2895.37,-95.3772,1,0,55.4482
38.575,9.41732,-8.15782,2884.07,2894.57,-95.376,1,0,55.4482
38.5833,9.41476,-8.15755,2883.28,2893.78,-95.3749,1,0,55.4482
38.5917,9.4122,-8.15728,2882.48,2892.98,-95.3738,1,0,55.4482
38.6,9.40964,-8.15702,2881.69,2892.19,-95.3726,1,0,55.4482
38.6083,9.40708,-8.15675,2880.89,2891.39,-95.3715,1,0,55.4482
38.6167,9.40452,-8.15648,2880.1,2890.6,-95.3704,1,0,55.4482
38.625,9.40195,-8.15622,2879.3,2889.8,-95.3692,1,0,55.4482
38.6333,9.39939,-8.15595,2878.51,2889.01,-95.3681,1,0,55.4482
38.6417,9.39683,-8.15569,2877.71,2888.21,-95.367,1,0,55.4482
38.65,9.39427,-8.15542,2876.92,2887.42,-95.3658,1,0,55.4482
38.6583,9.39171,-8.15515,2876.12,2886.62,-95.3647,1,0,55.4482
38.6667,9.38915,-8.15489,2875.33,2885.83,-95.3636,1,0,55.4482
38.675,9.38659,-8.15462,2874.54,2885.04,-95.3624,1,0,55.4482
38.6833,9.38403,-8.15435,2873.74,2884.24,-95.3613,1,0,55.4482
38.6917,9.38146,-8.15409,2872.95,2883.45,-95.3602,1,0,55.4482
38.7,9.3789,-8.15382,2872.15,2882.65,-95.359,1,0,55.4482
38.7083,9.37634,-8.15356,2871.36,2881.86,-95.3579,1,0,55.4482
38.7167,9.37378,-8.15329,2870.56,2881.06,-95.3568,1,0,55.4482
38.725,9.37122,-8.15302,2869.77,2880.27,-95.3556,1,0,55.4482
38.7333,9.36866,-8.15276,2868.97,2879.47,-95.3545,1,0,55.4482
38.7417,9.3661,-8.15249,2868.18,2878.68,-95.3534,1,0,55.4482
38.75,9.36354,-8.15222,2867.38,2877.88,-95.3522,1,0,55.4482
38.7583,9.36098,-8.15196,2866.59,2877.09,-95.3511,1,0,55.4482
38.7667,9.35842,-8.15169,2865.79,2876.29,-95.35,1,0,55.4482
38.775,9.35585,-8.15142,2865,2875.5,-95.3489,1,0,55.4482
38.7833,9.35329,-8.15116,2864.2,2874.7,-95.3477,1,0,55.4482
38.7917,9.35073,-8.15089,2863.41,2873.91,-95.3466,1,0,55.4482
38.8,9.34817,-8.15062,2862.62,2873.12,-95.3455,1,0,55.4482
38.8083,9.34561,-8.15036,2861.82,2872.32,-95.3443,1,0,55.4482
38.8167,9.34305,-8.15009,2861.03,2871.53,-95.3432,1,0,55.4482
38.825,9.34049,-8.14982,2860.23,2870.73,-95.3421,1,0,55.4482
38.8333,9.33793,-8.14956,2859.44,2869.94,-95.3409,1,0,55.4482
38.8417,9.33537,-8.14929,2858.64,2869.14,-95.3398,1,0,55.4482
38.85,9.33281,-8.14902,2857.85,2868.35,-95.3387,1,0,55.4482
38.8583,9.33025,-8.14876,2857.05,2867.55,-95.3375,1,0,55.4482
38.8667,9.32769,-8.14849,2856.26,2866.76,-95.3364,1,0,55.4482
38.875,9.32513,-8.14822,2855.47,2865.97,-95.3353,1,0,55.4482
38.8833,9.32257,-8.14796,2854.67,2865.17,-95.3341,1,0,55.4482
38.8917,9.32001,-8.14769,2853.88,2864.38,-95.333,1,0,55.4482
38.9,9.31744,-8.14742,2853.08,2863.58,-95.3319,1,0,55.4482
38.9083,9.31488,-8.14716,2852.29,2862.79,-95.3307,1,0,55.4482
38.9167,9.31232,-8.14689,2851.49,2861.99,-95.3296,1,0,55.4482
38.925,9.30976,-8.14662,2850.7,2861.2,-95.3285,1,0,55.4482
38.9333,9.3072,-8.14636,2849.9,2860.4,-95.3273,1,0,55.4482
38.9417,9.30464,-8.14609,2849.11,2859.61,-95.3262,1,0,55.4482
38.95,9.30208,-8.14582,2848.32,2858.82,-95.3251,1,0,55.4482
38.9583,9.29952,-8.14556,2847.52,2858.02,-95.324,1,0,55.4482
38.9667,9.29696,-8.14529,2846.73,2857.23,-95.3228,1,0,55.4482
38.975,9.2944,-8.14502,2845.93,2856.43,-95.3217,1,0,55.4482
38.9833,9.29184,-8.14476,2845.14,2855.64,-95.3206,1,0,55.4482
38.9917,9.28928,-8.14449,2844.34,2854.84,-95.3194,1,0,55.4482
39,9.28672,-8.14422,2843.55,2854.05,-95.3183,1,0,55.4482
39.0083,9.28416,-8.14395,2842.76,2853.26,-95.3172,1,0,55.4482
39.0167,9.2816,-8.14369,2841.96,2852.46,-95.316,1,0,55.4482
39.025,9.27904,-8.14342,2841.17,2851.67,-95.3149,1,0,55.4482
39.0333,9.27648,-8.14315,2840.37,2850.87,-95.3138,1,0,55.4482
39.0417,9.27392,-8.14289,2839.58,2850.08,-95.3126,1,0,55.4482
39.05,9.27136,-8.14262,2838.78,2849.28,-95.3115,1,0,55.4482
39.0583,9.2688,-8.14235,2837.99,2848.49,-95.3104,1,0,55.4482
39.0667,9.26624,-8.14209,2837.2,2847.7,-95.3092,1,0,55.4482
39.075,9.26368,-8.14182,2836.4,2846.9,-95.3081,1,0,55.4482
39.0833,9.26112,-8.14155,2835.61,2846.11,-95.307,1,0,55.4482
39.0917,9.25856,-8.14128,2834.81,2845.31,-95.3059,1,0,55.4482
39.1,9.256,-8.14102,2834.02,2844.52,-95.3047,1,0,55.4482
39.1083,9.25344,-8.14075,2833.22,2843.72,-95.3036,1,0,55.4482
39.1167,9.25088,-8.14048,2832.43,2842.93,-95.3025,1,0,55.4482
39.125,9.24832,-8.14022,2831.64,2842.14,-95.3013,1,0,55.4482
39.1333,9.24576,-8.13995,2830.84,2841.34,-95.3002,1,0,55.4482
39.1417,9.24321,-8.13968,2830.05,2840.55,-95.2991,1,0,55.4482
39.15,9.24065,-8.13941,2829.25,2839.75,-95.2979,1,0,55.4482
39.1583,9.23809,-8.13915,2828.46,2838.96,-95.2968,1,0,55.4482
39.1667,9.23553,-8.13888,2827.66,2838.16,-95.2957,1,0,55.4482
39.175,9.23297,-8.13861,2826.87,2837.37,-95.2945,1,0,55.4482
39.1833,9.23041,-8.13835,2826.08,2836.58,-95.2934,1,0,55.4482
39.1917,9.22785,-8.13808,2825.28,2835.78,-95.2923,1,0,55.4482
39.2,9.22529,-8.13781,2824.49,2834.99,-95.2912,1,0,55.4482
39.2083,9.22273,-8.13754,2823.69,2834.19,-95.29,1,0,55.4482
39.2167,9.22017,-8.13728,2822.9,2833.4,-95.2889,1,0,55.4482
39.225,9.21761,-8.13701,2822.11,2832.61,-95.2878,1,0,55.4482
39.2333,9.21505,-8.13674,2821.31,2831.81,-95.2866,1,0,55.4482
39.2417,9.21249,-8.13648,2820.52,2831.02,-95.2855,1,0,55.4482
39.25,9.20993,-8.13621,2819.72,2830.22,-95.2844,1,0,55.4482
39.2583,9.20737,-8.13594,2818.93,2829.43,-95.2832,1,0,55.4482
39.2667,9.20482,-8.13567,2818.14,2828.64,-95.2821,1,0,55.4482
39.275,9.20226,-8.13541,2817.34,2827.84,-95.281,1,0,55.4482
39.2833,9.1997,-8.13514,2816.55,2827.05,-95.2799,1,0,55.4482
39.2917,9.19714,-8.13487,2815.75,2826.25,-95.2787,1,0,55.4482
39.3,9.19458,-8.1346,2814.96,2825.46,-95.2776,1,0,55.4482
39.3083,9.19202,-8.13434,2814.17,2824.67,-95.2765,1,0,55.4482
39.3167,9.18946,-8.13407,2813.37,2823.87,-95.2753,1,0,55.4482
39.325,9.1869,-8.1338,2812.58,2823.08,-95.2742,1,0,55.4482
39.3333,9.18434,-8.13353,2811.78,2822.28,-95.2731,1,0,55.4482
39.3417,9.18178,-8.13327,2810.99,2821.49,-95.2719,1,0,55.4482
39.35,9.17923,-8.133,2810.2,2820.7,-95.2708,1,0,55.4482
39.3583,9.17667,-8.13273,2809.4,2819.9,-95.2697,1,0,55.4482
39.3667,9.17411,-8.13246,2808.61,2819.11,-95.2685,1,0,55.4482
39.375,9.17155,-8.1322,2807.81,2818.31,-95.2674,1,0,55.4482
39.3833,9.16899,-8.13193,2807.02,2817.52,-95.2663,1,0,55.4482
39.3917,9.16643,-8.13166,2806.23,2816.73,-95.2652,1,0,55.4482
39.4,9.16387,-8.13139,2805.43,2815.93,-95.264,1,0,55.4482
39.4083,9.16132,-8.13113,2804.64,2815.14,-95.2629,1,0,55.4482
39.4167,9.15876,-8.13086,2803.85,2814.35,-95.2618,1,0,55.4482
39.425,9.1562,-8.13059,2803.05,2813.55,-95.2606,1,0,55.4482
39.4333,9.15364,-8.13032,2802.26,2812.76,-95.2595,1,0,55.4482
39.4417,9.15108,-8.13006,2801.46,2811.96,-95.2584,1,0,55.4482
39.45,9.14852,-8.12979,2800.67,2811.17,-95.2573,1,0,55.4482
39.4583,9.14596,-8.12952,2799.88,2810.38,-95.2561,1,0,55.4482
39.4667,9.14341,-8.12925,2799.08,2809.58,-95.255,1,0,55.4482
39.475,9.14085,-8.12899,2798.29,2808.79,-95.2539,1,0,55.4482
39.4833,9.13829,-8.12872,2797.49,2807.99,-95.2527,1,0,55.4482
39.4917,9.13573,-8.12845,2796.7,2807.2,-95.2516,1,0,55.4482
39.5,9.13317,-8.12818,2795.91,2806.41,-95.2505,1,0,55.4482
39.5083,9.13061,-8.12792,2795.11,2805.61,-95.2493,1,0,55.4482
39.5167,9.12806,-8.12765,2794.32,2804.82,-95.2482,1,0,55.4482
39.525,9.1255,-8.12738,2793.53,2804.03,-95.2471,1,0,55.4482
39.5333,9.12294,-8.12711,2792.73,2803.23,-95.246,1,0,55.4482
39.5417,9.12038,-8.12684,2791.94,2802.44,-95.2448,1,0,55.4482
39.55,9.11782,-8.12658,2791.14,2801.64,-95.2437,1,0,55.4482
39.5583,9.11527,-8.12631,2790.35,2800.85,-95.2426,1,0,55.4482
39.5667,9.11271,-8.12604,2789.56,2800.06,-95.2414,1,0,55.4482
39.575,9.11015,-8.12577,2788.76,2799.26,-95.2403,1,0,55.4482
39.5833,9.10759,-8.12551,2787.97,2798.47,-95.2392,1,0,55.4482
39.5917,9.10503,-8.12524,2787.18,2797.68,-95.2381,1,0,55.4482
39.6,9.10248,-8.12497,2786.38,2796.88,-95.2369,1,0,55.4482
39.6083,9.09992,-8.1247,2785.59,2796.09,-95.2358,1,0,55.4482
39.6167,9.09736,-8.12443,2784.8,2795.3,-95.2347,1,0,55.4482
39.625,9.0948,-8.12417,2784,2794.5,-95.2335,1,0,55.4482
39.6333,9.09224,-8.1239,2783.21,2793.71,-95.2324,1,0,55.4482
39.6417,9.08969,-8.12363,2782.41,2792.91,-95.2313,1,0,55.4482
39.65,9.08713,-8.12336,2781.62,2792.12,-95.2301,1,0,55.4482
39.6583,9.08457,-8.12309,2780.83,2791.33,-95.229,1,0,55.4482
39.6667,9.08201,-8.12283,2780.03,2790.53,-95.2279,1,0,55.4482
39.675,9.07946,-8.12256,2779.24,2789.74,-95.2268,1,0,55.4482
39.6833,9.0769,-8.12229,2778.45,2788.95,-95.2256,1,0,55.4482
39.6917,9.07434,-8.12202,2777.65,2788.15,-95.2245,1,0,55.4482
39.7,9.07178,-8.12176,2776.86,2787.36,-95.2234,1,0,55.4482
39.7083,9.06923,-8.12149,2776.07,2786.57,-95.2222,1,0,55.4482
39.7167,9.06667,-8.12122,2775.27,2785.77,-95.2211,1,0,55.4482
39.725,9.06411,-8.12095,2774.48,2784.98,-95.22,1,0,55.4482
39.7333,9.06155,-8.12068,2773.69,2784.19,-95.2189,1,0,55.4482
39.7417,9.059,-8.12042,2772.89,2783.39,-95.2177,1,0,55.4482
39.75,9.05644,-8.12015,2772.1,2782.6,-95.2166,1,0,55.4482
39.7583,9.05388,-8.11988,2771.3,2781.8,-95.2155,1,0,55.4482
39.7667,9.05132,-8.11961,2770.51,2781.01,-95.2143,1,0,55.4482
39.775,9.04877,-8.11934,2769.72,2780.22,-95.2132,1,0,55.4482
39.7833,9.04621,-8.11908,2768.92,2779.42,-95.2121,1,0,55.4482
39.7917,9.04365,-8.11881,2768.13,2778.63,-95.211,1,0,55.4482
39.8,9.04109,-8.11854,2767.34,2777.84,-95.2098,1,0,55.4482
39.8083,9.03854,-8.11827,2766.54,2777.04,-95.2087,1,0,55.4482
39.8167,9.03598,-8.118,2765.75,2776.25,-95.2076,1,0,55.4482
39.825,9.03342,-8.11774,2764.96,2775.46,-95.2064,1,0,55.4482
39.8333,9.03087,-8.11747,2764.16,2774.66,-95.2053,1,0,55.4482
39.8417,9.02831,-8.1172,2763.37,2773.87,-95.2042,1,0,55.4482
39.85,9.02575,-8.11693,2762.58,2773.08,-95.2031,1,0,55.4482
39.8583,9.0232,-8.11666,2761.78,2772.28,-95.2019,1,0,55.4482
39.8667,9.02064,-8.1164,2760.99,2771.49,-95.2008,1,0,55.4482
39.875,9.01808,-8.11613,2760.2,2770.7,-95.1997,1,0,55.4482
39.8833,9.01552,-8.11586,2759.4,2769.9,-95.1986,1,0,55.4482
39.8917,9.01297,-8.11559,2758.61,2769.11,-95.1974,1,0,55.4482
39.9,9.01041,-8.11532,2757.82,2768.32,-95.1963,1,0,55.4482
39.9083,9.00785,-8.11505,2757.02,2767.52,-95.1952,1,0,55.4482
39.9167,9.0053,-8.11479,2756.23,2766.73,-95.194,1,0,55.4482
39.925,9.00274,-8.11452,2755.44,2765.94,-95.1929,1,0,55.4482
39.9333,9.00018,-8.11425,2754.64,2765.14,-95.1918,1,0,55.4482
39.9417,8.99763,-8.11398,2753.85,2764.35,-95.1907,1,0,55.4482
39.95,8.99507,-8.11371,2753.06,2763.56,-95.1895,1,0,55.4482
39.9583,8.99251,-8.11345,2752.26,2762.76,-95.1884,1,0,55.4482
39.9667,8.98996,-8.11318,2751.47,2761.97,-95.1873,1,0,55.4482
39.975,8.9874,-8.11291,2750.68,2761.18,-95.1861,1,0,55.4482
39.9833,8.98484,-8.11264,2749.88,2760.38,-95.185,1,0,55.4482
39.9917,8.98229,-8.11237,2749.09,2759.59,-95.1839,1,0,55.4482
40,8.97973,-8.1121,2748.3,2758.8,-95.1828,1,0,55.4482
40.0083,8.97718,-8.11184,2747.51,2758.01,-95.1816,1,0,55.4482
40.0167,8.97462,-8.11157,2746.71,2757.21,-95.1805,1,0,55.4482
40.025,8.97206,-8.1113,2745.92,2756.42,-95.1794,1,0,55.4482
40.0333,8.96951,-8.11103,2745.13,2755.63,-95.1783,1,0,55.4482
40.0417,8.96695,-8.11076,2744.33,2754.83,-95.1771,1,0,55.4482
40.05,8.96439,-8.11049,2743.54,2754.04,-95.176,1,0,55.4482
40.0583,8.96184,-8.11023,2742.75,2753.25,-95.1749,1,0,55.4482
40.0667,8.95928,-8.10996,2741.95,2752.45,-95.1737,1,0,55.4482
40.075,8.95672,-8.10969,2741.16,2751.66,-95.1726,1,0,55.4482
40.0833,8.95417,-8.10942,2740.37,2750.87,-95.1715,1,0,55.4482
40.0917,8.95161,-8.10915,2739.57,2750.07,-95.1704,1,0,55.4482
40.1,8.94906,-8.10888,2738.78,2749.28,-95.1692,1,0,55.4482
40.1083,8.9465,-8.10862,2737.99,2748.49,-95.1681,1,0,55.4482
40.1167,8.94394,-8.10835,2737.19,2747.69,-95.167,1,0,55.4482
40.125,8.94139,-8.10808,2736.4,2746.9,-95.1659,1,0,55.4482
40.1333,8.93883,-8.10781,2735.61,2746.11,-95.1647,1,0,55.4482
40.1417,8.93628,-8.10754,2734.82,2745.32,-95.1636,1,0,55.4482
40.15,8.93372,-8.10727,2734.02,2744.52,-95.1625,1,0,55.4482
40.1583,8.93116,-8.10701,2733.23,2743.73,-95.1613,1,0,55.4482
40.1667,8.92861,-8.10674,2732.44,2742.94,-95.1602,1,0,55.4482
40.175,8.92605,-8.10647,2731.64,2742.14,-95.1591,1,0,55.4482
40.1833,8.9235,-8.1062,2730.85,2741.35,-95.158,1,0,55.4482
40.1917,8.92094,-8.10593,2730.06,2740.56,-95.1568,1,0,55.4482
40.2,8.91839,-8.10566,2729.26,2739.76,-95.1557,1,0,55.4482
40.2083,8.91583,-8.1054,2728.47,2738.97,-95.1546,1,0,55.4482
40.2167,8.91327,-8.10513,2727.68,2738.18,-95.1535,1,0,55.4482
40.225,8.91072,-8.10486,2726.89,2737.39,-95.1523,1,0,55.4482
40.2333,8.90816,-8.10459,2726.09,2736.59,-95.1512,1,0,55.4482
40.2417,8.90561,-8.10432,2725.3,2735.8,-95.1501,1,0,55.4482
40.25,8.90305,-8.10405,2724.51,2735.01,-95.1489,1,0,55.4482
40.2583,8.9005,-8.10378,2723.71,2734.21,-95.1478,1,0,55.4482
40.2667,8.89794,-8.10352,2722.92,2733.42,-95.1467,1,0,55.4482
40.275,8.89539,-8.10325,2722.13,2732.63,-95.1456,1,0,55.4482
40.2833,8.89283,-8.10298,2721.34,2731.84,-95.1444,1,0,55.4482
40.2917,8.89027,-8.10271,2720.54,2731.04,-95.1433,1,0,55.4482
40.3,8.88772,-8.10244,2719.75,2730.25,-95.1422,1,0,55.4482
40.3083,8.88516,-8.10217,2718.96,2729.46,-95.1411,1,0,55.4482
40.3167,8.88261,-8.1019,2718.16,2728.66,-95.1399,1,0,55.4482
40.325,8.88005,-8.10164,2717.37,2727.87,-95.1388,1,0,55.4482
40.3333,8.8775,-8.10137,2716.58,2727.08,-95.1377,1,0,55.4482
40.3417,8.87494,-8.1011,2715.79,2726.29,-95.1366,1,0,55.4482
40.35,8.87239,-8.10083,2714.99,2725.49,-95.1354,1,0,55.4482
40.3583,8.86983,-8.10056,2714.2,2724.7,-95.1343,1,0,55.4482
40.3667,8.86728,-8.10029,2713.41,2723.91,-95.1332,1,0,55.4482
40.375,8.86472,-8.10002,2712.61,2723.11,-95.1321,1,0,55.4482
40.3833,8.86217,-8.09976,2711.82,2722.32,-95.1309,1,0,55.4482
40.3917,8.85961,-8.09949,2711.03,2721.53,-95.1298,1,0,55.4482
40.4,8.85706,-8.09922,2710.24,2720.74,-95.1287,1,0,55.4482
40.4083,8.8545,-8.09895,2709.44,2719.94,-95.1275,1,0,55.4482
40.4167,8.85195,-8.09868,2708.65,2719.15,-95.1264,1,0,55.4482
40.425,8.84939,-8.09841,2707.86,2718.36,-95.1253,1,0,55.4482
40.4333,8.84684,-8.09814,2707.07,2717.57,-95.1242,1,0,55.4482
40.4417,8.84428,-8.09788,2706.27,2716.77,-95.123,1,0,55.4482
40.45,8.84173,-8.09761,2705.48,2715.98,-95.1219,1,0,55.4482
40.4583,8.83917,-8.09734,2704.69,2715.19,-95.1208,1,0,55.4482
40.4667,8.83662,-8.09707,2703.89,2714.39,-95.1197,1,0,55.4482
40.475,8.83406,-8.0968,2703.1,2713.6,-95.1185,1,0,55.4482
40.4833,8.83151,-8.09653,2702.31,2712.81,-95.1174,1,0,55.4482
40.4917,8.82895,-8.09626,2701.52,2712.02,-95.1163,1,0,55.4482
40.5,8.8264,-8.096,2700.72,2711.22,-95.1152,1,0,55.4482
40.5083,8.82384,-8.09573,2699.93,2710.43,-95.114,1,0,55.4482
40.5167,8.82129,-8.09546,2699.14,2709.64,-95.1129,1,0,55.4482
40.525,8.81874,-8.09519,2698.35,2708.85,-95.1118,1,0,55.4482
40.5333,8.81618,-8.09492,2697.55,2708.05,-95.1107,1,0,55.4482
40.5417,8.81363,-8.09465,2696.76,2707.26,-95.1095,1,0,55.4482
40.55,8.81107,-8.09438,2695.97,2706.47,-95.1084,1,0,55.4482
40.5583,8.80852,-8.09411,2695.18,2705.68,-95.1073,1,0,55.4482
40.5667,8.80596,-8.09385,2694.38,2704.88,-95.1062,1,0,55.4482
40.575,8.80341,-8.09358,2693.59,2704.09,-95.105,1,0,55.4482
40.5833,8.80085,-8.09331,2692.8,2703.3,-95.1039,1,0,55.4482
40.5917,8.7983,-8.09304,2692.01,2702.51,-95.1028,1,0,55.4482
40.6,8.79575,-8.09277,2691.21,2701.71,-95.1017,1,0,55.4482
40.6083,8.79319,-8.0925,2690.42,2700.92,-95.1005,1,0,55.4482
40.6167,8.79064,-8.09223,2689.63,2700.13,-95.0994,1,0,55.4482
40.625,8.78808,-8.09196,2688.84,2699.34,-95.0983,1,0,55.4482
40.6333,8.78553,-8.0917,2688.04,2698.54,-95.0972,1,0,55.4482
40.6417,8.78297,-8.09143,2687.25,2697.75,-95.096,1,0,55.4482
40.65,8.78042,-8.09116,2686.46,2696.96,-95.0949,1,0,55.4482
40.6583,8.77787,-8.09089,2685.67,2696.17,-95.0938,1,0,55.4482
40.6667,8.77531,-8.09062,2684.87,2695.37,-95.0927,1,0,55.4482
40.675,8.77276,-8.09035,2684.08,2694.58,-95.0915,1,0,55.4482
40.6833,8.7702,-8.09008,2683.29,2693.79,-95.0904,1,0,55.4482
40.6917,8.76765,-8.08981,2682.5,2693,-95.0893,1,0,55.4482
40.7,8.7651,-8.08955,2681.7,2692.2,-95.0882,1,0,55.4482
40.7083,8.76254,-8.08928,2680.91,2691.41,-95.087,1,0,55.4482
40.7167,8.75999,-8.08901,2680.12,2690.62,-95.0859,1,0,55.4482
40.725,8.75743,-8.08874,2679.33,2689.83,-95.0848,1,0,55.4482
40.7333,8.75488,-8.08847,2678.53,2689.03,-95.0837,1,0,55.4482
40.7417,8.75233,-8.0882,2677.74,2688.24,-95.0825,1,0,55.4482
40.75,8.74977,-8.08793,2676.95,2687.45,-95.0814,1,0,55.4482
40.7583,8.74722,-8.08766,2676.16,2686.66,-95.0803,1,0,55.4482
40.7667,8.74467,-8.08739,2675.36,2685.86,-95.0792,1,0,55.4482
40.775,8.74211,-8.08713,2674.57,2685.07,-95.078,1,0,55.4482
40.7833,8.73956,-8.08686,2673.78,2684.28,-95.0769,1,0,55.4482
40.7917,8.737,-8.08659,2672.99,2683.49,-95.0758,1,0,55.4482
40.8,8.73445,-8.08632,2672.2,2682.7,-95.0747,1,0,55.4482
40.8083,8.7319,-8.08605,2671.4,2681.9,-95.0735,1,0,55.4482
40.8167,8.72934,-8.08578,2670.61,2681.11,-95.0724,1,0,55.4482
40.825,8.72679,-8.08551,2669.82,2680.32,-95.0713,1,0,55.4482
40.8333,8.72424,-8.08524,2669.03,2679.53,-95.0702,1,0,55.4482
40.8417,8.72168,-8.08498,2668.23,2678.73,-95.069,1,0,55.4482
40.85,8.71913,-8.08471,2667.44,2677.94,-95.0679,1,0,55.4482
40.8583,8.71658,-8.08444,2666.65,2677.15,-95.0668,1,0,55.4482
40.8667,8.71402,-8.08417,2665.86,2676.36,-95.0657,1,0,55.4482
40.875,8.71147,-8.0839,2665.06,2675.56,-95.0645,1,0,55.4482
40.8833,8.70892,-8.08363,2664.27,2674.77,-95.0634,1,0,55.4482
40.8917,8.70636,-8.08336,2663.48,2673.98,-95.0623,1,0,55.4482
40.9,8.70381,-8.08309,2662.69,2673.19,-95.0612,1,0,55.4482
40.9083,8.70126,-8.08282,2661.9,2672.4,-95.06,1,0,55.4482
40.9167,8.6987,-8.08255,2661.1,2671.6,-95.0589,1,0,55.4482
40.925,8.69615,-8.08229,2660.31,2670.81,-95.0578,1,0,55.4482
40.9333,8.6936,-8.08202,2659.52,2670.02,-95.0567,1,0,55.4482
40.9417,8.69104,-8.08175,2658.73,2669.23,-95.0555,1,0,55.4482
40.95,8.68849,-8.08148,2657.94,2668.44,-95.0544,1,0,55.4482
40.9583,8.68594,-8.08121,2657.14,2667.64,-95.0533,1,0,55.4482
40.9667,8.68339,-8.08094,2656.35,2666.85,-95.0522,1,0,55.4482
40.975,8.68083,-8.08067,2655.56,2666.06,-95.051,1,0,55.4482
40.9833,8.67828,-8.0804,2654.77,2665.27,-95.0499,1,0,55.4482
40.9917,8.67573,-8.08013,2653.97,2664.47,-95.0488,1,0,55.4482
41,8.67317,-8.07987,2653.18,2663.68,-95.0477,1,0,55.4482
41.0083,8.67062,-8.0796,2652.39,2662.89,-95.0466,1,0,55.4482
41.0167,8.66807,-8.07933,2651.6,2662.1,-95.0454,1,0,55.4482
41.025,8.66552,-8.07906,2650.81,2661.31,-95.0443,1,0,55.4482
41.0333,8.66296,-8.07879,2650.01,2660.51,-95.0432,1,0,55.4482
41.0417,8.66041,-8.07852,2649.22,2659.72,-95.0421,1,0,55.4482
41.05,8.65786,-8.07825,2648.43,2658.93,-95.0409,1,0,55.4482
41.0583,8.65531,-8.07798,2647.64,2658.14,-95.0398,1,0,55.4482
41.0667,8.65275,-8.07771,2646.85,2657.35,-95.0387,1,0,55.4482
41.075,8.6502,-8.07744,2646.05,2656.55,-95.0376,1,0,55.4482
41.0833,8.64765,-8.07718,2645.26,2655.76,-95.0364,1,0,55.4482
41.0917,8.64509,-8.07691,2644.47,2654.97,-95.0353,1,0,55.4482
41.1,8.64254,-8.07664,2643.68,2654.18,-95.0342,1,0,55.4482
41.1083,8.63999,-8.07637,2642.89,2653.39,-95.0331,1,0,55.4482
41.1167,8.63744,-8.0761,2642.09,2652.59,-95.0319,1,0,55.4482
41.125,8.63489,-8.07583,2641.3,2651.8,-95.0308,1,0,55.4482
41.1333,8.63233,-8.07556,2640.51,2651.01,-95.0297,1,0,55.4482
41.1417,8.62978,-8.07529,2639.72,2650.22,-95.0286,1,0,55.4482
41.15,8.62723,-8.07502,2638.93,2649.43,-95.0275,1,0,55.4482
41.1583,8.62468,-8.07475,2638.14,2648.64,-95.0263,1,0,55.4482
41.1667,8.62212,-8.07449,2637.34,2647.84,-95.0252,1,0,55.4482
41.175,8.61957,-8.07422,2636.55,2647.05,-95.0241,1,0,55.4482
41.1833,8.61702,-8.07395,2635.76,2646.26,-95.023,1,0,55.4482
41.1917,8.61447,-8.07368,2634.97,2645.47,-95.0218,1,0,55.4482
41.2,8.61191,-8.07341,2634.18,2644.68,-95.0207,1,0,55.4482
41.2083,8.60936,-8.07314,2633.38,2643.88,-95.0196,1,0,55.4482
41.2167,8.60681,-8.07287,2632.59,2643.09,-95.0185,1,0,55.4482
41.225,8.60426,-8.0726,2631.8,2642.3,-95.0173,1,0,55.4482
41.2333,8.60171,-8.07233,2631.01,2641.51,-95.0162,1,0,55.4482
41.2417,8.59915,-8.07206,2630.22,2640.72,-95.0151,1,0,55.4482
41.25,8.5966,-8.07179,2629.42,2639.92,-95.014,1,0,55.4482
41.2583,8.59405,-8.07153,2628.63,2639.13,-95.0129,1,0,55.4482
41.2667,8.5915,-8.07126,2627.84,2638.34,-95.0117,1,0,55.4482
41.275,8.58895,-8.07099,2627.05,2637.55,-95.0106,1,0,55.4482
41.2833,8.5864,-8.07072,2626.26,2636.76,-95.0095,1,0,55.4482
41.2917,8.58384,-8.07045,2625.47,2635.97,-95.0084,1,0,55.4482
41.3,8.58129,-8.07018,2624.67,2635.17,-95.0072,1,0,55.4482
41.3083,8.57874,-8.06991,2623.88,2634.38,-95.0061,1,0,55.4482
41.3167,8.57619,-8.06964,2623.09,2633.59,-95.005,1,0,55.4482
41.325,8.57364,-8.06937,2622.3,2632.8,-95.0039,1,0,55.4482
41.3333,8.57108,-8.0691,2621.51,2632.01,-95.0028,1,0,55.4482
41.3417,8.56853,-8.06883,2620.72,2631.22,-95.0016,1,0,55.4482
41.35,8.56598,-8.06857,2619.92,2630.42,-95.0005,1,0,55.4482
41.3583,8.56343,-8.0683,2619.13,2629.63,-94.9994,1,0,55.4482
41.3667,8.56088,-8.06803,2618.34,2628.84,-94.9983,1,0,55.4482
41.375,8.55833,-8.06776,2617.55,2628.05,-94.9971,1,0,55.4482
41.3833,8.55578,-8.06749,2616.76,2627.26,-94.996,1,0,55.4482
41.3917,8.55322,-8.06722,2615.97,2626.47,-94.9949,1,0,55.4482
41.4,8.55067,-8.06695,2615.17,2625.67,-94.9938,1,0,55.4482
41.4083,8.54812,-8.06668,2614.38,2624.88,-94.9926,1,0,55.4482
41.4167,8.54557,-8.06641,2613.59,2624.09,-94.9915,1,0,55.4482
41.425,8.54302,-8.06614,2612.8,2623.3,-94.9904,1,0,55.4482
41.4333,8.54047,-8.06587,2612.01,2622.51,-94.9893,1,0,55.4482
41.4417,8.53792,-8.0656,2611.22,2621.72,-94.9882,1,0,55.4482
41.45,8.53536,-8.06534,2610.42,2620.92,-94.987,1,0,55.4482
41.4583,8.53281,-8.06507,2609.63,2620.13,-94.9859,1,0,55.4482
41.4667,8.53026,-8.0648,2608.84,2619.34,-94.9848,1,0,55.4482
41.475,8.52771,-8.06453,2608.05,2618.55,-94.9837,1,0,55.4482
41.4833,8.52516,-8.06426,2607.26,2617.76,-94.9826,1,0,55.4482
41.4917,8.52261,-8.06399,2606.47,2616.97,-94.9814,1,0,55.4482
41.5,8.52006,-8.06372,2605.68,2616.18,-94.9803,1,0,55.4482
41.5083,8.51751,-8.06345,2604.88,2615.38,-94.9792,1,0,55.4482
41.5167,8.51496,-8.06318,2604.09,2614.59,-94.9781,1,0,55.4482
41.525,8.5124,-8.06291,2603.3,2613.8,-94.9769,1,0,55.4482
41.5333,8.50985,-8.06264,2602.51,2613.01,-94.9758,1,0,55.4482
41.5417,8.5073,-8.06237,2601.72,2612.22,-94.9747,1,0,55.4482
41.55,8.50475,-8.06211,2600.93,2611.43,-94.9736,1,0,55.4482
41.5583,8.5022,-8.06184,2600.14,2610.64,-94.9725,1,0,55.4482
41.5667,8.49965,-8.06157,2599.34,2609.84,-94.9713,1,0,55.4482
41.575,8.4971,-8.0613,2598.55,2609.05,-94.9702,1,0,55.4482
41.5833,8.49455,-8.06103,2597.76,2608.26,-94.9691,1,0,55.4482
41.5917,8.492,-8.06076,2596.97,2607.47,-94.968,1,0,55.4482
41.6,8.48945,-8.06049,2596.18,2606.68,-94.9668,1,0,55.4482
41.6083,8.4869,-8.06022,2595.39,2605.89,-94.9657,1,0,55.4482
41.6167,8.48435,-8.05995,2594.6,2605.1,-94.9646,1,0,55.4482
41.625,8.4818,-8.05968,2593.8,2604.3,-94.9635,1,0,55.4482
41.6333,8.47925,-8.05941,2593.01,2603.51,-94.9624,1,0,55.4482
41.6417,8.47669,-8.05914,2592.22,2602.72,-94.9612,1,0,55.4482
41.65,8.47414,-8.05888,2591.43,2601.93,-94.9601,1,0,55.4482
41.6583,8.47159,-8.05861,2590.64,2601.14,-94.959,1,0,55.4482
41.6667,8.46904,-8.05834,2589.85,2600.35,-94.9579,1,0,55.4482
41.675,8.46649,-8.05807,2589.06,2599.56,-94.9568,1,0,55.4482
41.6833,8.46394,-8.0578,2588.26,2598.76,-94.9556,1,0,55.4482
41.6917,8.46139,-8.05753,2587.47,2597.97,-94.9545,1,0,55.4482
41.7,8.45884,-8.05726,2586.68,2597.18,-94.9534,1,0,55.4482
41.7083,8.45629,-8.05699,2585.89,2596.39,-94.9523,1,0,55.4482
41.7167,8.45374,-8.05672,2585.1,2595.6,-94.9511,1,0,55.4482
41.725,8.45119,-8.05645,2584.31,2594.81,-94.95,1,0,55.4482
41.7333,8.44864,-8.05618,2583.52,2594.02,-94.9489,1,0,55.4482
41.7417,8.44609,-8.05591,2582.73,2593.23,-94.9478,1,0,55.4482
41.75,8.44354,-8.05564,2581.93,2592.43,-94.9467,1,0,55.4482
41.7583,8.44099,-8.05538,2581.14,2591.64,-94.9455,1,0,55.4482
41.7667,8.43844,-8.05511,2580.35,2590.85,-94.9444,1,0,55.4482
41.775,8.43589,-8.05484,2579.56,2590.06,-94.9433,1,0,55.4482
41.7833,8.43334,-8.05457,2578.77,2589.27,-94.9422,1,0,55.4482
41.7917,8.43079,-8.0543,2577.98,2588.48,-94.9411,1,0,55.4482
41.8,8.42824,-8.05403,2577.19,2587.69,-94.9399,1,0,55.4482
41.8083,8.42569,-8.05376,2576.4,2586.9,-94.9388,1,0,55.4482
41.8167,8.42314,-8.05349,2575.6,2586.1,-94.9377,1,0,55.4482
41.825,8.42059,-8.05322,2574.81,2585.31,-94.9366,1,0,55.4482
41.8333,8.41804,-8.05295,2574.02,2584.52,-94.9355,1,0,55.4482
41.8417,8.41549,-8.05268,2573.23,2583.73,-94.9343,1,0,55.4482
41.85,8.41294,-8.05241,2572.44,2582.94,-94.9332,1,0,55.4482
41.8583,8.41039,-8.05214,2571.65,2582.15,-94.9321,1,0,55.4482
41.8667,8.40784,-8.05188,2570.86,2581.36,-94.931,1,0,55.4482
41.875,8.40529,-8.05161,2570.07,2580.57,-94.9299,1,0,55.4482
41.8833,8.40274,-8.05134,2569.28,2579.78,-94.9287,1,0,55.4482
41.8917,8.40019,-8.05107,2568.48,2578.98,-94.9276,1,0,55.4482
41.9,8.39764,-8.0508,2567.69,2578.19,-94.9265,1,0,55.4482
41.9083,8.39509,-8.05053,2566.9,2577.4,-94.9254,1,0,55.4482
41.9167,8.39254,-8.05026,2566.11,2576.61,-94.9243,1,0,55.4482
41.925,8.38999,-8.04999,2565.32,2575.82,-94.9231,1,0,55.4482
41.9333,8.38744,-8.04972,2564.53,2575.03,-94.922,1,0,55.4482
41.9417,8.38489,-8.04945,2563.74,2574.24,-94.9209,1,0,55.4482
41.95,8.38235,-8.04918,2562.95,2573.45,-94.9198,1,0,55.4482
41.9583,8.3798,-8.04891,2562.16,2572.66,-94.9187,1,0,55.4482
41.9667,8.37725,-8.04864,2561.37,2571.87,-94.9175,1,0,55.4482
41.975,8.3747,-8.04837,2560.57,2571.07,-94.9164,1,0,55.4482
41.9833,8.37215,-8.04811,2559.78,2570.28,-94.9153,1,0,55.4482
41.9917,8.3696,-8.04784,2558.99,2569.49,-94.9142,1,0,55.4482
42,8.36705,-8.04757,2558.2,2568.7,-94.9131,1,0,55.4482
42.0083,8.3645,-8.0473,2557.41,2567.91,-94.9119,1,0,55.4482
42.0167,8.36195,-8.04703,2556.62,2567.12,-94.9108,1,0,55.4482
42.025,8.3594,-8.04676,2555.83,2566.33,-94.9097,1,0,55.4482
42.0333,8.35685,-8.04649,2555.04,2565.54,-94.9086,1,0,55.4482
42.0417,8.3543,-8.04622,2554.25,2564.75,-94.9075,1,0,55.4482
42.05,8.35175,-8.04595,2553.46,2563.96,-94.9063,1,0,55.4482
42.0583,8.34921,-8.04568,2552.67,2563.17,-94.9052,1,0,55.4482
42.0667,8.34666,-8.04541,2551.87,2562.37,-94.9041,1,0,55.4482
42.075,8.34411,-8.04514,2551.08,2561.58,-94.903,1,0,55.4482
42.0833,8.34156,-8.04487,2550.29,2560.79,-94.9019,1,0,55.4482
42.0917,8.33901,-8.0446,2549.5,2560,-94.9007,1,0,55.4482
42.1,8.33646,-8.04434,2548.71,2559.21,-94.8996,1,0,55.4482
42.1083,8.33391,-8.04407,2547.92,2558.42,-94.8985,1,0,55.4482
42.1167,8.33136,-8.0438,2547.13,2557.63,-94.8974,1,0,55.4482
42.125,8.32881,-8.04353,2546.34,2556.84,-94.8963,1,0,55.4482
42.1333,8.32627,-8.04326,2545.55,2556.05,-94.8951,1,0,55.4482
42.1417,8.32372,-8.04299,2544.76,2555.26,-94.894,1,0,55.4482
42.15,8.32117,-8.04272,2543.97,2554.47,-94.8929,1,0,55.4482
42.1583,8.31862,-8.04245,2543.18,2553.68,-94.8918,1,0,55.4482
42.1667,8.31607,-8.04218,2542.38,2552.88,-94.8907,1,0,55.4482
42.175,8.31352,-8.04191,2541.59,2552.09,-94.8895,1,0,55.4482
42.1833,8.31097,-8.04164,2540.8,2551.3,-94.8884,1,0,55.4482
42.1917,8.30842,-8.04137,2540.01,2550.51,-94.8873,1,0,55.4482
42.2,8.30588,-8.0411,2539.22,2549.72,-94.8862,1,0,55.4482
42.2083,8.30333,-8.04083,2538.43,2548.93,-94.8851,1,0,55.4482
42.2167,8.30078,-8.04057,2537.64,2548.14,-94.8839,1,0,55.4482
42.225,8.29823,-8.0403,2536.85,2547.35,-94.8828,1,0,55.4482
42.2333,8.29568,-8.04003,2536.06,2546.56,-94.8817,1,0,55.4482
42.2417,8.29313,-8.03976,2535.27,2545.77,-94.8806,1,0,55.4482
42.25,8.29059,-8.03949,2534.48,2544.98,-94.8795,1,0,55.4482
42.2583,8.28804,-8.03922,2533.69,2544.19,-94.8783,1,0,55.4482
42.2667,8.28549,-8.03895,2532.9,2543.4,-94.8772,1,0,55.4482
42.275,8.28294,-8.03868,2532.11,2542.61,-94.8761,1,0,55.4482
42.2833,8.28039,-8.03841,2531.32,2541.82,-94.875,1,0,55.4482
42.2917,8.27784,-8.03814,2530.52,2541.02,-94.8739,1,0,55.4482
42.3,8.2753,-8.03787,2529.73,2540.23,-94.8728,1,0,55.4482
42.3083,8.27275,-8.0376,2528.94,2539.44,-94.8716,1,0,55.4482
42.3167,8.2702,-8.03733,2528.15,2538.65,-94.8705,1,0,55.4482
42.325,8.26765,-8.03706,2527.36,2537.86,-94.8694,1,0,55.4482
42.3333,8.2651,-8.0368,2526.57,2537.07,-94.8683,1,0,55.4482
42.3417,8.26256,-8.03653,2525.78,2536.28,-94.8672,1,0,55.4482
42.35,8.26001,-8.03626,2524.99,2535.49,-94.866,1,0,55.4482
42.3583,8.25746,-8.03599,2524.2,2534.7,-94.8649,1,0,55.4482
42.3667,8.25491,-8.03572,2523.41,2533.91,-94.8638,1,0,55.4482
42.375,8.25236,-8.03545,2522.62,2533.12,-94.8627,1,0,55.4482
42.3833,8.24982,-8.03518,2521.83,2532.33,-94.8616,1,0,55.4482
42.3917,8.24727,-8.03491,2521.04,2531.54,-94.8605,1,0,55.4482
42.4,8.24472,-8.03464,2520.25,2530.75,-94.8593,1,0,55.4482
42.4083,8.24217,-8.03437,2519.46,2529.96,-94.8582,1,0,55.4482
42.4167,8.23962,-8.0341,2518.67,2529.17,-94.8571,1,0,55.4482
42.425,8.23708,-8.03383,2517.88,2528.38,-94.856,1,0,55.4482
42.4333,8.23453,-8.03356,2517.09,2527.59,-94.8549,1,0,55.4482
42.4417,8.23198,-8.03329,2516.29,2526.79,-94.8537,1,0,55.4482
42.45,8.22943,-8.03303,2515.5,2526,-94.8526,1,0,55.4482
42.4583,8.22689,-8.03276,2514.71,2525.21,-94.8515,1,0,55.4482
42.4667,8.22434,-8.03249,2513.92,2524.42,-94.8504,1,0,55.4482
42.475,8.22179,-8.03222,2513.13,2523.63,-94.8493,1,0,55.4482
42.4833,8.21924,-8.03195,2512.34,2522.84,-94.8482,1,0,55.4482
42.4917,8.2167,-8.03168,2511.55,2522.05,-94.847,1,0,55.4482
42.5,8.21415,-8.03141,2510.76,2521.26,-94.8459,1,0,55.4482
42.5083,8.2116,-8.03114,2509.97,2520.47,-94.8448,1,0,55.4482
42.5167,8.20905,-8.03087,2509.18,2519.68,-94.8437,1,0,55.4482
42.525,8.20651,-8.0306,2508.39,2518.89,-94.8426,1,0,55.4482
42.5333,8.20396,-8.03033,2507.6,2518.1,-94.8414,1,0,55.4482
42.5417,8.20141,-8.03006,2506.81,2517.31,-94.8403,1,0,55.4482
42.55,8.19886,-8.02979,2506.02,2516.52,-94.8392,1,0,55.4482
42.5583,8.19632,-8.02952,2505.23,2515.73,-94.8381,1,0,55.4482
42.5667,8.19377,-8.02925,2504.44,2514.94,-94.837,1,0,55.4482
42.575,8.19122,-8.02899,2503.65,2514.15,-94.8359,1,0,55.4482
42.5833,8.18868,-8.02872,2502.86,2513.36,-94.8347,1,0,55.4482
42.5917,8.18613,-8.02845,2502.07,2512.57,-94.8336,1,0,55.4482
42.6,8.18358,-8.02818,2501.28,2511.78,-94.8325,1,0,55.4482
42.6083,8.18103,-8.02791,2500.49,2510.99,-94.8314,1,0,55.4482
42.6167,8.17849,-8.02764,2499.7,2510.2,-94.8303,1,0,55.4482
42.625,8.17594,-8.02737,2498.91,2509.41,-94.8291,1,0,55.4482
42.6333,8.17339,-8.0271,2498.12,2508.62,-94.828,1,0,55.4482
42.6417,8.17085,-8.02683,2497.33,2507.83,-94.8269,1,0,55.4482
42.65,8.1683,-8.02656,2496.54,2507.04,-94.8258,1,0,55.4482
42.6583,8.16575,-8.02629,2495.75,2506.25,-94.8247,1,0,55.4482
42.6667,8.16321,-8.02602,2494.96,2505.46,-94.8236,1,0,55.4482
42.675,8.16066,-8.02575,2494.17,2504.67,-94.8224,1,0,55.4482
42.6833,8.15811,-8.02548,2493.38,2503.88,-94.8213,1,0,55.4482
42.6917,8.15557,-8.02522,2492.59,2503.09,-94.8202,1,0,55.4482
42.7,8.15302,-8.02495,2491.8,2502.3,-94.8191,1,0,55.4482
42.7083,8.15047,-8.02468,2491.01,2501.51,-94.818,1,0,55.4482
42.7167,8.14793,-8.02441,2490.22,2500.72,-94.8169,1,0,55.4482
42.725,8.14538,-8.02414,2489.42,2499.92,-94.8157,1,0,55.4482
42.7333,8.14283,-8.02387,2488.63,2499.13,-94.8146,1,0,55.4482
42.7417,8.14029,-8.0236,2487.84,2498.34,-94.8135,1,0,55.4482
42.75,8.13774,-8.02333,2487.05,2497.55,-94.8124,1,0,55.4482
42.7583,8.13519,-8.02306,2486.26,2496.76,-94.8113,1,0,55.4482
42.7667,8.13265,-8.02279,2485.47,2495.97,-94.8102,1,0,55.4482
42.775,8.1301,-8.02252,2484.68,2495.18,-94.809,1,0,55.4482
42.7833,8.12755,-8.02225,2483.89,2494.39,-94.8079,1,0,55.4482
42.7917,8.12501,-8.02198,2483.1,2493.6,-94.8068,1,0,55.4482
42.8,8.12246,-8.02171,2482.31,2492.81,-94.8057,1,0,55.4482
42.8083,8.11991,-8.02145,2481.52,2492.02,-94.8046,1,0,55.4482
42.8167,8.11737,-8.02118,2480.73,2491.23,-94.8035,1,0,55.4482
42.825,8.11482,-8.02091,2479.94,2490.44,-94.8023,1,0,55.4482
42.8333,8.11227,-8.02064,2479.15,2489.65,-94.8012,1,0,55.4482
42.8417,8.10973,-8.02037,2478.36,2488.86,-94.8001,1,0,55.4482
42.85,8.10718,-8.0201,2477.57,2488.07,-94.799,1,0,55.4482
42.8583,8.10464,-8.01983,2476.78,2487.28,-94.7979,1,0,55.4482
42.8667,8.10209,-8.01956,2475.99,2486.49,-94.7968,1,0,55.4482
42.875,8.09954,-8.01929,2475.2,2485.7,-94.7956,1,0,55.4482
42.8833,8.097,-8.01902,2474.41,2484.91,-94.7945,1,0,55.4482
42.8917,8.09445,-8.01875,2473.62,2484.12,-94.7934,1,0,55.4482
42.9,8.09191,-8.01848,2472.83,2483.33,-94.7923,1,0,55.4482
42.9083,8.08936,-8.01821,2472.04,2482.54,-94.7912,1,0,55.4482
42.9167,8.08681,-8.01794,2471.25,2481.75,-94.7901,1,0,55.4482
42.925,8.08427,-8.01768,2470.46,2480.96,-94.7889,1,0,55.4482
42.9333,8.08172,-8.01741,2469.67,2480.17,-94.7878,1,0,55.4482
42.9417,8.07918,-8.01714,2468.88,2479.38,-94.7867,1,0,55.4482
42.95,8.07663,-8.01687,2468.09,2478.59,-94.7856,1,0,55.4482
42.9583,8.07408,-8.0166,2467.3,2477.8,-94.7845,1,0,55.4482
42.9667,8.07154,-8.01633,2466.51,2477.01,-94.7834,1,0,55.4482
42.975,8.06899,-8.01606,2465.73,2476.23,-94.7822,1,0,55.4482
42.9833,8.06645,-8.01579,2464.94,2475.44,-94.7811,1,0,55.4482
42.9917,8.0639,-8.01552,2464.15,2474.65,-94.78,1,0,55.4482
43,8.06136,-8.01525,2463.36,2473.86,-94.7789,1,0,55.4482
43.0083,8.05881,-8.01498,2462.57,2473.07,-94.7778,1,0,55.4482
43.0167,8.05626,-8.01471,2461.78,2472.28,-94.7767,1,0,55.4482
43.025,8.05372,-8.01444,2460.99,2471.49,-94.7755,1,0,55.4482
43.0333,8.05117,-8.01418,2460.2,2470.7,-94.7744,1,0,55.4482
43.0417,8.04863,-8.01391,2459.41,2469.91,-94.7733,1,0,55.4482
43.05,8.04608,-8.01364,2458.62,2469.12,-94.7722,1,0,55.4482
43.0583,8.04354,-8.01337,2457.83,2468.33,-94.7711,1,0,55.4482
43.0667,8.04099,-8.0131,2457.04,2467.54,-94.77,1,0,55.4482
43.075,8.03845,-8.01283,2456.25,2466.75,-94.7688,1,0,55.4482
43.0833,8.0359,-8.01256,2455.46,2465.96,-94.7677,1,0,55.4482
43.0917,8.03336,-8.01229,2454.67,2465.17,-94.7666,1,0,55.4482
43.1,8.03081,-8.01202,2453.88,2464.38,-94.7655,1,0,55.4482
43.1083,8.02826,-8.01175,2453.09,2463.59,-94.7644,1,0,55.4482
43.1167,8.02572,-8.01148,2452.3,2462.8,-94.7633,1,0,55.4482
43.125,8.02317,-8.01121,2451.51,2462.01,-94.7622,1,0,55.4482
43.1333,8.02063,-8.01094,2450.72,2461.22,-94.761,1,0,55.4482
43.1417,8.01808,-8.01067,2449.93,2460.43,-94.7599,1,0,55.4482
43.15,8.01554,-8.01041,2449.14,2459.64,-94.7588,1,0,55.4482
43.1583,8.01299,-8.01014,2448.35,2458.85,-94.7577,1,0,55.4482
43.1667,8.01045,-8.00987,2447.56,2458.06,-94.7566,1,0,55.4482
43.175,8.0079,-8.0096,2446.77,2457.27,-94.7555,1,0,55.4482
43.1833,8.00536,-8.00933,2445.98,2456.48,-94.7543,1,0,55.4482
43.1917,8.00281,-8.00906,2445.19,2455.69,-94.7532,1,0,55.4482
43.2,8.00027,-8.00879,2444.4,2454.9,-94.7521,1,0,55.4482
43.2083,7.99772,-8.00852,2443.61,2454.11,-94.751,1,0,55.4482
43.2167,7.99518,-8.00825,2442.82,2453.32,-94.7499,1,0,55.4482
43.225,7.99263,-8.00798,2442.03,2452.53,-94.7488,1,0,55.4482
43.2333,7.99009,-8.00771,2441.24,2451.74,-94.7477,1,0,55.4482
43.2417,7.98754,-8.00744,2440.45,2450.95,-94.7465,1,0,55.4482
43.25,7.985,-8.00717,2439.66,2450.16,-94.7454,1,0,55.4482
43.2583,7.98246,-8.00691,2438.88,2449.38,-94.7443,1,0,55.4482
43.2667,7.97991,-8.00664,2438.09,2448.59,-94.7432,1,0,55.4482
43.275,7.97737,-8.00637,2437.3,2447.8,-94.7421,1,0,55.4482
43.2833,7.97482,-8.0061,2436.51,2447.01,-94.741,1,0,55.4482
43.2917,7.97228,-8.00583,2435.72,2446.22,-94.7398,1,0,55.4482
43.3,7.96973,-8.00556,2434.93,2445.43,-94.7387,1,0,55.4482
43.3083,7.96719,-8.00529,2434.14,2444.64,-94.7376,1,0,55.4482
43.3167,7.96464,-8.00502,2433.35,2443.85,-94.7365,1,0,55.4482
43.325,7.9621,-8.00475,2432.56,2443.06,-94.7354,1,0,55.4482
43.3333,7.95955,-8.00448,2431.77,2442.27,-94.7343,1,0,55.4482
43.3417,7.95701,-8.00421,2430.98,2441.48,-94.7332,1,0,55.4482
43.35,7.95446,-8.00394,2430.19,2440.69,-94.732,1,0,55.4482
43.3583,7.95192,-8.00367,2429.4,2439.9,-94.7309,1,0,55.4482
43.3667,7.94938,-8.00341,2428.61,2439.11,-94.7298,1,0,55.4482
43.375,7.94683,-8.00314,2427.82,2438.32,-94.7287,1,0,55.4482
43.3833,7.94429,-8.00287,2427.03,2437.53,-94.7276,1,0,55.4482
43.3917,7.94174,-8.0026,2426.24,2436.74,-94.7265,1,0,55.4482
43.4,7.9392,-8.00233,2425.45,2435.95,-94.7254,1,0,55.4482
43.4083,7.93665,-8.00206,2424.67,2435.17,-94.7242,1,0,55.4482
43.4167,7.93411,-8.00179,2423.88,2434.38,-94.7231,1,0,55.4482
43.425,7.93157,-8.00152,2423.09,2433.59,-94.722,1,0,55.4482
43.4333,7.92902,-8.00125,2422.3,2432.8,-94.7209,1,0,55.4482
43.4417,7.92648,-8.00098,2421.51,2432.01,-94.7198,1,0,55.4482
43.45,7.92393,-8.00071,2420.72,2431.22,-94.7187,1,0,55.4482
43.4583,7.92139,-8.00044,2419.93,2430.43,-94.7176,1,0,55.4482
43.4667,7.91885,-8.00018,2419.14,2429.64,-94.7164,1,0,55.4482
43.475,7.9163,-7.99991,2418.35,2428.85,-94.7153,1,0,55.4482
43.4833,7.91376,-7.99964,2417.56,2428.06,-94.7142,1,0,55.4482
43.4917,7.91121,-7.99937,2416.77,2427.27,-94.7131,1,0,55.4482
43.5,7.90867,-7.9991,2415.98,2426.48,-94.712,1,0,55.4482
43.5083,7.90613,-7.99883,2415.19,2425.69,-94.7109,1,0,55.4482
43.5167,7.90358,-7.99856,2414.4,2424.9,-94.7098,1,0,55.4482
43.525,7.90104,-7.99829,2413.61,2424.11,-94.7086,1,0,55.4482
43.5333,7.8985,-7.99802,2412.83,2423.33,-94.7075,1,0,55.4482
43.5417,7.89595,-7.99775,2412.04,2422.54,-94.7064,1,0,55.4482
43.55,7.89341,-7.99748,2411.25,2421.75,-94.7053,1,0,55.4482
43.5583,7.89086,-7.99721,2410.46,2420.96,-94.7042,1,0,55.4482
43.5667,7.88832,-7.99695,2409.67,2420.17,-94.7031,1,0,55.4482
43.575,7.88578,-7.99668,2408.88,2419.38,-94.702,1,0,55.4482
43.5833,7.88323,-7.99641,2408.09,2418.59,-94.7008,1,0,55.4482
43.5917,7.88069,-7.99614,2407.3,2417.8,-94.6997,1,0,55.4482
43.6,7.87815,-7.99587,2406.51,2417.01,-94.6986,1,0,55.4482
43.6083,7.8756,-7.9956,2405.72,2416.22,-94.6975,1,0,55.4482
43.6167,7.87306,-7.99533,2404.93,2415.43,-94.6964,1,0,55.4482
43.625,7.87052,-7.99506,2404.14,2414.64,-94.6953,1,0,55.4482
43.6333,7.86797,-7.99479,2403.36,2413.86,-94.6942,1,0,55.4482
43.6417,7.86543,-7.99452,2402.57,2413.07,-94.6931,1,0,55.4482
43.65,7.86289,-7.99425,2401.78,2412.28,-94.6919,1,0,55.4482
43.6583,7.86034,-7.99398,2400.99,2411.49,-94.6908,1,0,55.4482
43.6667,7.8578,-7.99372,2400.2,2410.7,-94.6897,1,0,55.4482
43.675,7.85526,-7.99345,2399.41,2409.91,-94.6886,1,0,55.4482
43.6833,7.85271,-7.99318,2398.62,2409.12,-94.6875,1,0,55.4482
43.6917,7.85017,-7.99291,2397.83,2408.33,-94.6864,1,0,55.4482
43.7,7.84763,-7.99264,2397.04,2407.54,-94.6853,1,0,55.4482
43.7083,7.84508,-7.99237,2396.25,2406.75,-94.6841,1,0,55.4482
43.7167,7.84254,-7.9921,2395.46,2405.96,-94.683,1,0,55.4482
43.725,7.84,-7.99183,2394.68,2405.18,-94.6819,1,0,55.4482
43.7333,7.83745,-7.99156,2393.89,2404.39,-94.6808,1,0,55.4482
43.7417,7.83491,-7.99129,2393.1,2403.6,-94.6797,1,0,55.4482
43.75,7.83237,-7.99102,2392.31,2402.81,-94.6786,1,0,55.4482
43.7583,7.82983,-7.99076,2391.52,2402.02,-94.6775,1,0,55.4482
43.7667,7.82728,-7.99049,2390.73,2401.23,-94.6764,1,0,55.4482
43.775,7.82474,-7.99022,2389.94,2400.44,-94.6752,1,0,55.4482
43.7833,7.8222,-7.98995,2389.15,2399.65,-94.6741,1,0,55.4482
43.7917,7.81965,-7.98968,2388.36,2398.86,-94.673,1,0,55.4482
43.8,7.81711,-7.98941,2387.57,2398.07,-94.6719,1,0,55.4482
43.8083,7.81457,-7.98914,2386.79,2397.29,-94.6708,1,0,55.4482
43.8167,7.81203,-7.98887,2386,2396.5,-94.6697,1,0,55.4482
43.825,7.80948,-7.9886,2385.21,2395.71,-94.6686,1,0,55.4482
43.8333,7.80694,-7.98833,2384.42,2394.92,-94.6674,1,0,55.4482
43.8417,7.8044,-7.98806,2383.63,2394.13,-94.6663,1,0,55.4482
43.85,7.80185,-7.9878,2382.84,2393.34,-94.6652,1,0,55.4482
43.8583,7.79931,-7.98753,2382.05,2392.55,-94.6641,1,0,55.4482
43.8667,7.79677,-7.98726,2381.26,2391.76,-94.663,1,0,55.4482
43.875,7.79423,-7.98699,2380.47,2390.97,-94.6619,1,0,55.4482
43.8833,7.79168,-7.98672,2379.69,2390.19,-94.6608,1,0,55.4482
43.8917,7.78914,-7.98645,2378.9,2389.4,-94.6597,1,0,55.4482
43.9,7.7866,-7.98618,2378.11,2388.61,-94.6585,1,0,55.4482
43.9083,7.78406,-7.98591,2377.32,2387.82,-94.6574,1,0,55.4482
43.9167,7.78151,-7.98564,2376.53,2387.03,-94.6563,1,0,55.4482
43.925,7.77897,-7.98537,2375.74,2386.24,-94.6552,1,0,55.4482
43.9333,7.77643,-7.9851,2374.95,2385.45,-94.6541,1,0,55.4482
43.9417,7.77389,-7.98484,2374.16,2384.66,-94.653,1,0,55.4482
43.95,7.77135,-7.98457,2373.38,2383.88,-94.6519,1,0,55.4482
43.9583,7.7688,-7.9843,2372.59,2383.09,-94.6508,1,0,55.4482
43.9667,7.76626,-7.98403,2371.8,2382.3,-94.6496,1,0,55.4482
43.975,7.76372,-7.98376,2371.01,2381.51,-94.6485,1,0,55.4482
43.9833,7.76118,-7.98349,2370.22,2380.72,-94.6474,1,0,55.4482
43.9917,7.75863,-7.98322,2369.43,2379.93,-94.6463,1,0,55.4482
44,7.75609,-7.98295,2368.64,2379.14,-94.6452,1,0,55.4482
44.0083,7.75355,-7.98268,2367.85,2378.35,-94.6441,1,0,55.4482
44.0167,7.75101,-7.98241,2367.07,2377.57,-94.643,1,0,55.4482
44.025,7.74847,-7.98215,2366.28,2376.78,-94.6419,1,0,55.4482
44.0333,7.74592,-7.98188,2365.49,2375.99,-94.6407,1,0,55.4482
44.0417,7.74338,-7.98161,2364.7,2375.2,-94.6396,1,0,55.4482
44.05,7.74084,-7.98134,2363.91,2374.41,-94.6385,1,0,55.4482
44.0583,7.7383,-7.98107,2363.12,2373.62,-94.6374,1,0,55.4482
44.0667,7.73576,-7.9808,2362.33,2372.83,-94.6363,1,0,55.4482
44.075,7.73322,-7.98053,2361.54,2372.04,-94.6352,1,0,55.4482
44.0833,7.73067,-7.98026,2360.76,2371.26,-94.6341,1,0,55.4482
44.0917,7.72813,-7.97999,2359.97,2370.47,-94.633,1,0,55.4482
44.1,7.72559,-7.97972,2359.18,2369.68,-94.6319,1,0,55.4482
44.1083,7.72305,-7.97945,2358.39,2368.89,-94.6307,1,0,55.4482
44.1167,7.72051,-7.97919,2357.6,2368.1,-94.6296,1,0,55.4482
44.125,7.71796,-7.97892,2356.81,2367.31,-94.6285,1,0,55.4482
44.1333,7.71542,-7.97865,2356.02,2366.52,-94.6274,1,0,55.4482
44.1417,7.71288,-7.97838,2355.24,2365.74,-94.6263,1,0,55.4482
44.15,7.71034,-7.97811,2354.45,2364.95,-94.6252,1,0,55.4482
44.1583,7.7078,-7.97784,2353.66,2364.16,-94.6241,1,0,55.4482
44.1667,7.70526,-7.97757,2352.87,2363.37,-94.623,1,0,55.4482
44.175,7.70272,-7.9773,2352.08,2362.58,-94.6218,1,0,55.4482
44.1833,7.70017,-7.97703,2351.29,2361.79,-94.6207,1,0,55.4482
44.1917,7.69763,-7.97676,2350.51,2361.01,-94.6196,1,0,55.4482
44.2,7.69509,-7.9765,2349.72,2360.22,-94.6185,1,0,55.4482
44.2083,7.69255,-7.97623,2348.93,2359.43,-94.6174,1,0,55.4482
44.2167,7.69001,-7.97596,2348.14,2358.64,-94.6163,1,0,55.4482
44.225,7.68747,-7.97569,2347.35,2357.85,-94.6152,1,0,55.4482
44.2333,7.68493,-7.97542,2346.56,2357.06,-94.6141,1,0,55.4482
44.2417,7.68239,-7.97515,2345.77,2356.27,-94.613,1,0,55.4482
44.25,7.67984,-7.97488,2344.99,2355.49,-94.6118,1,0,55.4482
44.2583,7.6773,-7.97461,2344.2,2354.7,-94.6107,1,0,55.4482
44.2667,7.67476,-7.97434,2343.41,2353.91,-94.6096,1,0,55.4482
44.275,7.67222,-7.97408,2342.62,2353.12,-94.6085,1,0,55.4482
44.2833,7.66968,-7.97381,2341.83,2352.33,-94.6074,1,0,55.4482
44.2917,7.66714,-7.97354,2341.04,2351.54,-94.6063,1,0,55.4482
44.3,7.6646,-7.97327,2340.26,2350.76,-94.6052,1,0,55.4482
44.3083,7.66206,-7.973,2339.47,2349.97,-94.6041,1,0,55.4482
44.3167,7.65952,-7.97273,2338.68,2349.18,-94.603,1,0,55.4482
44.325,7.65697,-7.97246,2337.89,2348.39,-94.6018,1,0,55.4482
44.3333,7.65443,-7.97219,2337.1,2347.6,-94.6007,1,0,55.4482
44.3417,7.65189,-7.97192,2336.31,2346.81,-94.5996,1,0,55.4482
44.35,7.64935,-7.97165,2335.53,2346.03,-94.5985,1,0,55.4482
44.3583,7.64681,-7.97139,2334.74,2345.24,-94.5974,1,0,55.4482
44.3667,7.64427,-7.97112,2333.95,2344.45,-94.5963,1,0,55.4482
44.375,7.64173,-7.97085,2333.16,2343.66,-94.5952,1,0,55.4482
44.3833,7.63919,-7.97058,2332.37,2342.87,-94.5941,1,0,55.4482
44.3917,7.63665,-7.97031,2331.58,2342.08,-94.593,1,0,55.4482
44.4,7.63411,-7.97004,2330.8,2341.3,-94.5919,1,0,55.4482
44.4083,7.63157,-7.96977,2330.01,2340.51,-94.5907,1,0,55.4482
44.4167,7.62903,-7.9695,2329.22,2339.72,-94.5896,1,0,55.4482
44.425,7.62649,-7.96923,2328.43,2338.93,-94.5885,1,0,55.4482
44.4333,7.62395,-7.96897,2327.64,2338.14,-94.5874,1,0,55.4482
44.4417,7.6214,-7.9687,2326.85,2337.35,-94.5863,1,0,55.4482
44.45,7.61886,-7.96843,2326.07,2336.57,-94.5852,1,0,55.4482
44.4583,7.61632,-7.96816,2325.28,2335.78,-94.5841,1,0,55.4482
44.4667,7.61378,-7.96789,2324.49,2334.99,-94.583,1,0,55.4482
44.475,7.61124,-7.96762,2323.7,2334.2,-94.5819,1,0,55.4482
44.4833,7.6087,-7.96735,2322.91,2333.41,-94.5807,1,0,55.4482
44.4917,7.60616,-7.96708,2322.12,2332.62,-94.5796,1,0,55.4482
44.5,7.60362,-7.96681,2321.34,2331.84,-94.5785,1,0,55.4482
44.5083,7.60108,-7.96655,2320.55,2331.05,-94.5774,1,0,55.4482
44.5167,7.59854,-7.96628,2319.76,2330.26,-94.5763,1,0,55.4482
44.525,7.596,-7.96601,2318.97,2329.47,-94.5752,1,0,55.4482
44.5333,7.59346,-7.96574,2318.18,2328.68,-94.5741,1,0,55.4482
44.5417,7.59092,-7.96547,2317.4,2327.9,-94.573,1,0,55.4482
44.55,7.58838,-7.9652,2316.61,2327.11,-94.5719,1,0,55.4482
44.5583,7.58584,-7.96493,2315.82,2326.32,-94.5708,1,0,55.4482
44.5667,7.5833,-7.96466,2315.03,2325.53,-94.5696,1,0,55.4482
44.575,7.58076,-7.9644,2314.24,2324.74,-94.5685,1,0,55.4482
44.5833,7.57822,-7.96413,2313.46,2323.96,-94.5674,1,0,55.4482
44.5917,7.57568,-7.96386,2312.67,2323.17,-94.5663,1,0,55.4482
44.6,7.57314,-7.96359,2311.88,2322.38,-94.5652,1,0,55.4482
44.6083,7.5706,-7.96332,2311.09,2321.59,-94.5641,1,0,55.4482
44.6167,7.56806,-7.96305,2310.3,2320.8,-94.563,1,0,55.4482
44.625,7.56552,-7.96278,2309.52,2320.02,-94.5619,1,0,55.4482
44.6333,7.56298,-7.96251,2308.73,2319.23,-94.5608,1,0,55.4482
44.6417,7.56044,-7.96224,2307.94,2318.44,-94.5597,1,0,55.4482
44.65,7.5579,-7.96198,2307.15,2317.65,-94.5585,1,0,55.4482
44.6583,7.55536,-7.96171,2306.36,2316.86,-94.5574,1,0,55.4482
44.6667,7.55282,-7.96144,2305.58,2316.08,-94.5563,1,0,55.4482
44.675,7.55028,-7.96117,2304.79,2315.29,-94.5552,1,0,55.4482
44.6833,7.54774,-7.9609,2304,2314.5,-94.5541,1,0,55.4482
44.6917,7.5452,-7.96063,2303.21,2313.71,-94.553,1,0,55.4482
44.7,7.54266,-7.96036,2302.42,2312.92,-94.5519,1,0,55.4482
44.7083,7.54012,-7.96009,2301.64,2312.14,-94.5508,1,0,55.4482
44.7167,7.53758,-7.95983,2300.85,2311.35,-94.5497,1,0,55.4482
44.725,7.53504,-7.95956,2300.06,2310.56,-94.5486,1,0,55.4482
44.7333,7.53251,-7.95929,2299.27,2309.77,-94.5475,1,0,55.4482
44.7417,7.52997,-7.95902,2298.48,2308.98,-94.5463,1,0,55.4482
44.75,7.52743,-7.95875,2297.7,2308.2,-94.5452,1,0,55.4482
44.7583,7.52489,-7.95848,2296.91,2307.41,-94.5441,1,0,55.4482
44.7667,7.52235,-7.95821,2296.12,2306.62,-94.543,1,0,55.4482
44.775,7.51981,-7.95794,2295.33,2305.83,-94.5419,1,0,55.4482
44.7833,7.51727,-7.95768,2294.54,2305.04,-94.5408,1,0,55.4482
44.7917,7.51473,-7.95741,2293.76,2304.26,-94.5397,1,0,55.4482
44.8,7.51219,-7.95714,2292.97,2303.47,-94.5386,1,0,55.4482
44.8083,7.50965,-7.95687,2292.18,2302.68,-94.5375,1,0,55.4482
44.8167,7.50711,-7.9566,2291.39,2301.89,-94.5364,1,0,55.4482
44.825,7.50457,-7.95633,2290.61,2301.11,-94.5353,1,0,55.4482
44.8333,7.50203,-7.95606,2289.82,2300.32,-94.5341,1,0,55.4482
44.8417,7.4995,-7.95579,2289.03,2299.53,-94.533,1,0,55.4482
44.85,7.49696,-7.95553,2288.24,2298.74,-94.5319,1,0,55.4482
44.8583,7.49442,-7.95526,2287.45,2297.95,-94.5308,1,0,55.4482
44.8667,7.49188,-7.95499,2286.67,2297.17,-94.5297,1,0,55.4482
44.875,7.48934,-7.95472,2285.88,2296.38,-94.5286,1,0,55.4482
44.8833,7.4868,-7.95445,2285.09,2295.59,-94.5275,1,0,55.4482
44.8917,7.48426,-7.95418,2284.3,2294.8,-94.5264,1,0,55.4482
44.9,7.48172,-7.95391,2283.52,2294.02,-94.5253,1,0,55.4482
44.9083,7.47918,-7.95364,2282.73,2293.23,-94.5242,1,0,55.4482
44.9167,7.47664,-7.95338,2281.94,2292.44,-94.5231,1,0,55.4482
44.925,7.47411,-7.95311,2281.15,2291.65,-94.5219,1,0,55.4482
44.9333,7.47157,-7.95284,2280.37,2290.87,-94.5208,1,0,55.4482
44.9417,7.46903,-7.95257,2279.58,2290.08,-94.5197,1,0,55.4482
44.95,7.46649,-7.9523,2278.79,2289.29,-94.5186,1,0,55.4482
44.9583,7.46395,-7.95203,2278,2288.5,-94.5175,1,0,55.4482
44.9667,7.46141,-7.95176,2277.21,2287.71,-94.5164,1,0,55.4482
44.975,7.45887,-7.95149,2276.43,2286.93,-94.5153,1,0,55.4482
44.9833,7.45634,-7.95123,2275.64,2286.14,-94.5142,1,0,55.4482
44.9917,7.4538,-7.95096,2274.85,2285.35,-94.5131,1,0,55.4482
45,7.45126,-7.95069,2274.06,2284.56,-94.512,1,0,55.4482
45.0083,7.44872,-7.95042,2273.28,2283.78,-94.5109,1,0,55.4482
45.0167,7.44618,-7.95015,2272.49,2282.99,-94.5098,1,0,55.4482
45.025,7.44364,-7.94988,2271.7,2282.2,-94.5086,1,0,55.4482
45.0333,7.4411,-7.94961,2270.91,2281.41,-94.5075,1,0,55.4482
45.0417,7.43857,-7.94935,2270.13,2280.63,-94.5064,1,0,55.4482
45.05,7.43603,-7.94908,2269.34,2279.84,-94.5053,1,0,55.4482
45.0583,7.43349,-7.94881,2268.55,2279.05,-94.5042,1,0,55.4482
45.0667,7.43095,-7.94854,2267.76,2278.26,-94.5031,1,0,55.4482
45.075,7.42841,-7.94827,2266.98,2277.48,-94.502,1,0,55.4482
45.0833,7.42587,-7.948,2266.19,2276.69,-94.5009,1,0,55.4482
45.0917,7.42334,-7.94773,2265.4,2275.9,-94.4998,1,0,55.4482
45.1,7.4208,-7.94747,2264.61,2275.11,-94.4987,1,0,55.4482
45.1083,7.41826,-7.9472,2263.83,2274.33,-94.4976,1,0,55.4482
45.1167,7.41572,-7.94693,2263.04,2273.54,-94.4965,1,0,55.4482
45.125,7.41318,-7.94666,2262.25,2272.75,-94.4953,1,0,55.4482
45.1333,7.41065,-7.94639,2261.46,2271.96,-94.4942,1,0,55.4482
45.1417,7.40811,-7.94612,2260.68,2271.18,-94.4931,1,0,55.4482
45.15,7.40557,-7.94585,2259.89,2270.39,-94.492,1,0,55.4482
45.1583,7.40303,-7.94558,2259.1,2269.6,-94.4909,1,0,55.4482
45.1667,7.40049,-7.94532,2258.31,2268.81,-94.4898,1,0,55.4482
45.175,7.39796,-7.94505,2257.53,2268.03,-94.4887,1,0,55.4482
45.1833,7.39542,-7.94478,2256.74,2267.24,-94.4876,1,0,55.4482
45.1917,7.39288,-7.94451,2255.95,2266.45,-94.4865,1,0,55.4482
45.2,7.39034,-7.94424,2255.16,2265.66,-94.4854,1,0,55.4482
45.2083,7.3878,-7.94397,2254.38,2264.88,-94.4843,1,0,55.4482
45.2167,7.38527,-7.9437,2253.59,2264.09,-94.4832,1,0,55.4482
45.225,7.38273,-7.94344,2252.8,2263.3,-94.4821,1,0,55.4482
45.2333,7.38019,-7.94317,2252.01,2262.51,-94.481,1,0,55.4482
45.2417,7.37765,-7.9429,2251.23,2261.73,-94.4798,1,0,55.4482
45.25,7.37512,-7.94263,2250.44,2260.94,-94.4787,1,0,55.4482
45.2583,7.37258,-7.94236,2249.65,2260.15,-94.4776,1,0,55.4482
45.2667,7.37004,-7.94209,2248.87,2259.37,-94.4765,1,0,55.4482
45.275,7.3675,-7.94183,2248.08,2258.58,-94.4754,1,0,55.4482
45.2833,7.36497,-7.94156,2247.29,2257.79,-94.4743,1,0,55.4482
45.2917,7.36243,-7.94129,2246.5,2257,-94.4732,1,0,55.4482
45.3,7.35989,-7.94102,2245.72,2256.22,-94.4721,1,0,55.4482
45.3083,7.35735,-7.94075,2244.93,2255.43,-94.471,1,0,55.4482
45.3167,7.35482,-7.94048,2244.14,2254.64,-94.4699,1,0,55.4482
45.325,7.35228,-7.94021,2243.35,2253.85,-94.4688,1,0,55.4482
45.3333,7.34974,-7.93995,2242.57,2253.07,-94.4677,1,0,55.4482
45.3417,7.3472,-7.93968,2241.78,2252.28,-94.4666,1,0,55.4482
45.35,7.34467,-7.93941,2240.99,2251.49,-94.4655,1,0,55.4482
45.3583,7.34213,-7.93914,2240.21,2250.71,-94.4643,1,0,55.4482
45.3667,7.33959,-7.93887,2239.42,2249.92,-94.4632,1,0,55.4482
45.375,7.33706,-7.9386,2238.63,2249.13,-94.4621,1,0,55.4482
45.3833,7.33452,-7.93833,2237.84,2248.34,-94.461,1,0,55.4482
45.3917,7.33198,-7.93807,2237.06,2247.56,-94.4599,1,0,55.4482
45.4,7.32944,-7.9378,2236.27,2246.77,-94.4588,1,0,55.4482
45.4083,7.32691,-7.93753,2235.48,2245.98,-94.4577,1,0,55.4482
45.4167,7.32437,-7.93726,2234.7,2245.2,-94.4566,1,0,55.4482
45.425,7.32183,-7.93699,2233.91,2244.41,-94.4555,1,0,55.4482
45.4333,7.3193,-7.93672,2233.12,2243.62,-94.4544,1,0,55.4482
45.4417,7.31676,-7.93646,2232.33,2242.83,-94.4533,1,0,55.4482
45.45,7.31422,-7.93619,2231.55,2242.05,-94.4522,1,0,55.4482
45.4583,7.31169,-7.93592,2230.76,2241.26,-94.4511,1,0,55.4482
45.4667,7.30915,-7.93565,2229.97,2240.47,-94.45,1,0,55.4482
45.475,7.30661,-7.93538,2229.19,2239.69,-94.4488,1,0,55.4482
45.4833,7.30407,-7.93511,2228.4,2238.9,-94.4477,1,0,55.4482
45.4917,7.30154,-7.93484,2227.61,2238.11,-94.4466,1,0,55.4482
45.5,7.299,-7.93458,2226.82,2237.32,-94.4455,1,0,55.4482
45.5083,7.29646,-7.93431,2226.04,2236.54,-94.4444,1,0,55.4482
45.5167,7.29393,-7.93404,2225.25,2235.75,-94.4433,1,0,55.4482
45.525,7.29139,-7.93377,2224.46,2234.96,-94.4422,1,0,55.4482
45.5333,7.28885,-7.9335,2223.68,2234.18,-94.4411,1,0,55.4482
45.5417,7.28632,-7.93323,2222.89,2233.39,-94.44,1,0,55.4482
45.55,7.28378,-7.93297,2222.1,2232.6,-94.4389,1,0,55.4482
45.5583,7.28125,-7.9327,2221.32,2231.82,-94.4378,1,0,55.4482
45.5667,7.27871,-7.93243,2220.53,2231.03,-94.4367,1,0,55.4482
45.575,7.27617,-7.93216,2219.74,2230.24,-94.4356,1,0,55.4482
45.5833,7.27364,-7.93189,2218.95,2229.45,-94.4345,1,0,55.4482
45.5917,7.2711,-7.93162,2218.17,2228.67,-94.4334,1,0,55.4482
45.6,7.26856,-7.93136,2217.38,2227.88,-94.4323,1,0,55.4482
45.6083,7.26603,-7.93109,2216.59,2227.09,-94.4312,1,0,55.4482
45.6167,7.26349,-7.93082,2215.81,2226.31,-94.43,1,0,55.4482
45.625,7.26095,-7.93055,2215.02,2225.52,-94.4289,1,0,55.4482
45.6333,7.25842,-7.93028,2214.23,2224.73,-94.4278,1,0,55.4482
45.6417,7.25588,-7.93001,2213.45,2223.95,-94.4267,1,0,55.4482
45.65,7.25335,-7.92974,2212.66,2223.16,-94.4256,1,0,55.4482
45.6583,7.25081,-7.92948,2211.87,2222.37,-94.4245,1,0,55.4482
45.6667,7.24827,-7.92921,2211.09,2221.59,-94.4234,1,0,55.4482
45.675,7.24574,-7.92894,2210.3,2220.8,-94.4223,1,0,55.4482
45.6833,7.2432,-7.92867,2209.51,2220.01,-94.4212,1,0,55.4482
45.6917,7.24066,-7.9284,2208.72,2219.22,-94.4201,1,0,55.4482
45.7,7.23813,-7.92813,2207.94,2218.44,-94.419,1,0,55.4482
45.7083,7.23559,-7.92787,2207.15,2217.65,-94.4179,1,0,55.4482
45.7167,7.23306,-7.9276,2206.36,2216.86,-94.4168,1,0,55.4482
45.725,7.23052,-7.92733,2205.58,2216.08,-94.4157,1,0,55.4482
45.7333,7.22798,-7.92706,2204.79,2215.29,-94.4146,1,0,55.4482
45.7417,7.22545,-7.92679,2204,2214.5,-94.4135,1,0,55.4482
45.75,7.22291,-7.92653,2203.22,2213.72,-94.4124,1,0,55.4482
45.7583,7.22038,-7.92626,2202.43,2212.93,-94.4112,1,0,55.4482
45.7667,7.21784,-7.92599,2201.64,2212.14,-94.4101,1,0,55.4482
45.775,7.21531,-7.92572,2200.86,2211.36,-94.409,1,0,55.4482
45.7833,7.21277,-7.92545,2200.07,2210.57,-94.4079,1,0,55.4482
45.7917,7.21023,-7.92518,2199.28,2209.78,-94.4068,1,0,55.4482
45.8,7.2077,-7.92492,2198.5,2209,-94.4057,1,0,55.4482
45.8083,7.20516,-7.92465,2197.71,2208.21,-94.4046,1,0,55.4482
45.8167,7.20263,-7.92438,2196.92,2207.42,-94.4035,1,0,55.4482
45.825,7.20009,-7.92411,2196.14,2206.64,-94.4024,1,0,55.4482
45.8333,7.19756,-7.92384,2195.35,2205.85,-94.4013,1,0,55.4482
45.8417,7.19502,-7.92357,2194.56,2205.06,-94.4002,1,0,55.4482
45.85,7.19249,-7.92331,2193.78,2204.28,-94.3991,1,0,55.4482
45.8583,7.18995,-7.92304,2192.99,2203.49,-94.398,1,0,55.4482
45.8667,7.18741,-7.92277,2192.2,2202.7,-94.3969,1,0,55.4482
45.875,7.18488,-7.9225,2191.42,2201.92,-94.3958,1,0,55.4482
45.8833,7.18234,-7.92223,2190.63,2201.13,-94.3947,1,0,55.4482
45.8917,7.17981,-7.92196,2189.84,2200.34,-94.3936,1,0,55.4482
45.9,7.17727,-7.9217,2189.06,2199.56,-94.3925,1,0,55.4482
45.9083,7.17474,-7.92143,2188.27,2198.77,-94.3914,1,0,55.4482
45.9167,7.1722,-7.92116,2187.48,2197.98,-94.3903,1,0,55.4482
45.925,7.16967,-7.92089,2186.7,2197.2,-94.3891,1,0,55.4482
45.9333,7.16713,-7.92062,2185.91,2196.41,-94.388,1,0,55.4482
45.9417,7.1646,-7.92036,2185.12,2195.62,-94.3869,1,0,55.4482
45.95,7.16206,-7.92009,2184.34,2194.84,-94.3858,1,0,55.4482
45.9583,7.15953,-7.91982,2183.55,2194.05,-94.3847,1,0,55.4482
45.9667,7.15699,-7.91955,2182.76,2193.26,-94.3836,1,0,55.4482
45.975,7.15446,-7.91928,2181.98,2192.48,-94.3825,1,0,55.4482
45.9833,7.15192,-7.91901,2181.19,2191.69,-94.3814,1,0,55.4482
45.9917,7.14939,-7.91875,2180.4,2190.9,-94.3803,1,0,55.4482
46,7.14685,-7.91848,2179.62,2190.12,-94.3792,1,0,55.4482
46.0083,7.14432,-7.91821,2178.83,2189.33,-94.3781,1,0,55.4482
46.0167,7.14178,-7.91794,2178.04,2188.54,-94.377,1,0,55.4482
46.025,7.13925,-7.91767,2177.26,2187.76,-94.3759,1,0,55.4482
46.0333,7.13671,-7.91741,2176.47,2186.97,-94.3748,1,0,55.4482
46.0417,7.13418,-7.91714,2175.69,2186.19,-94.3737,1,0,55.4482
46.05,7.13164,-7.91687,2174.9,2185.4,-94.3726,1,0,55.4482
46.0583,7.12911,-7.9166,2174.11,2184.61,-94.3715,1,0,55.4482
46.0667,7.12657,-7.91633,2173.33,2183.83,-94.3704,1,0,55.4482
46.075,7.12404,-7.91606,2172.54,2183.04,-94.3693,1,0,55.4482
46.0833,7.1215,-7.9158,2171.75,2182.25,-94.3682,1,0,55.4482
46.0917,7.11897,-7.91553,2170.97,2181.47,-94.3671,1,0,55.4482
46.1,7.11643,-7.91526,2170.18,2180.68,-94.366,1,0,55.4482
46.1083,7.1139,-7.91499,2169.39,2179.89,-94.3648,1,0,55.4482
46.1167,7.11137,-7.91472,2168.61,2179.11,-94.3637,1,0,55.4482
46.125,7.10883,-7.91446,2167.82,2178.32,-94.3626,1,0,55.4482
46.1333,7.1063,-7.91419,2167.04,2177.54,-94.3615,1,0,55.4482
46.1417,7.10376,-7.91392,2166.25,2176.75,-94.3604,1,0,55.4482
46.15,7.10123,-7.91365,2165.46,2175.96,-94.3593,1,0,55.4482
46.1583,7.09869,-7.91338,2164.68,2175.18,-94.3582,1,0,55.4482
46.1667,7.09616,-7.91312,2163.89,2174.39,-94.3571,1,0,55.4482
46.175,7.09362,-7.91285,2163.1,2173.6,-94.356,1,0,55.4482
46.1833,7.09109,-7.91258,2162.32,2172.82,-94.3549,1,0,55.4482
46.1917,7.08856,-7.91231,2161.53,2172.03,-94.3538,1,0,55.4482
46.2,7.08602,-7.91204,2160.74,2171.24,-94.3527,1,0,55.4482
46.2083,7.08349,-7.91177,2159.96,2170.46,-94.3516,1,0,55.4482
46.2167,7.08095,-7.91151,2159.17,2169.67,-94.3505,1,0,55.4482
46.225,7.07842,-7.91124,2158.39,2168.89,-94.3494,1,0,55.4482
46.2333,7.07588,-7.91097,2157.6,2168.1,-94.3483,1,0,55.4482
46.2417,7.07335,-7.9107,2156.81,2167.31,-94.3472,1,0,55.4482
46.25,7.07082,-7.91043,2156.03,2166.53,-94.3461,1,0,55.4482
46.2583,7.06828,-7.91017,2155.24,2165.74,-94.345,1,0,55.4482
46.2667,7.06575,-7.9099,2154.45,2164.95,-94.3439,1,0,55.4482
46.275,7.06321,-7.90963,2153.67,2164.17,-94.3428,1,0,55.4482
46.2833,7.06068,-7.90936,2152.88,2163.38,-94.3417,1,0,55.4482
46.2917,7.05815,-7.90909,2152.1,2162.6,-94.3406,1,0,55.4482
46.3,7.05561,-7.90883,2151.31,2161.81,-94.3395,1,0,55.4482
46.3083,7.05308,-7.90856,2150.52,2161.02,-94.3384,1,0,55.4482
46.3167,7.05054,-7.90829,2149.74,2160.24,-94.3373,1,0,55.4482
46.325,7.04801,-7.90802,2148.95,2159.45,-94.3362,1,0,55.4482
46.3333,7.04548,-7.90775,2148.17,2158.67,-94.3351,1,0,55.4482
46.3417,7.04294,-7.90749,2147.38,2157.88,-94.3339,1,0,55.4482
46.35,7.04041,-7.90722,2146.59,2157.09,-94.3328,1,0,55.4482
46.3583,7.03788,-7.90695,2145.81,2156.31,-94.3317,1,0,55.4482
46.3667,7.03534,-7.90668,2145.02,2155.52,-94.3306,1,0,55.4482
46.375,7.03281,-7.90641,2144.23,2154.73,-94.3295,1,0,55.4482
46.3833,7.03028,-7.90615,2143.45,2153.95,-94.3284,1,0,55.4482
46.3917,7.02774,-7.90588,2142.66,2153.16,-94.3273,1,0,55.4482
46.4,7.02521,-7.90561,2141.88,2152.38,-94.3262,1,0,55.4482
46.4083,7.02267,-7.90534,2141.09,2151.59,-94.3251,1,0,55.4482
46.4167,7.02014,-7.90507,2140.3,2150.8,-94.324,1,0,55.4482
46.425,7.01761,-7.90481,2139.52,2150.02,-94.3229,1,0,55.4482
46.4333,7.01507,-7.90454,2138.73,2149.23,-94.3218,1,0,55.4482
46.4417,7.01254,-7.90427,2137.95,2148.45,-94.3207,1,0,55.4482
46.45,7.01001,-7.904,2137.16,2147.66,-94.3196,1,0,55.4482
46.4583,7.00747,-7.90373,2136.37,2146.87,-94.3185,1,0,55.4482
46.4667,7.00494,-7.90347,2135.59,2146.09,-94.3174,1,0,55.4482
46.475,7.00241,-7.9032,2134.8,2145.3,-94.3163,1,0,55.4482
46.4833,6.99987,-7.90293,2134.02,2144.52,-94.3152,1,0,55.4482
46.4917,6.99734,-7.90266,2133.23,2143.73,-94.3141,1,0,55.4482
46.5,6.99481,-7.9024,2132.44,2142.94,-94.313,1,0,55.4482
46.5083,6.99227,-7.90213,2131.66,2142.16,-94.3119,1,0,55.4482
46.5167,6.98974,-7.90186,2130.87,2141.37,-94.3108,1,0,55.4482
46.525,6.98721,-7.90159,2130.09,2140.59,-94.3097,1,0,55.4482
46.5333,6.98468,-7.90132,2129.3,2139.8,-94.3086,1,0,55.4482
46.5417,6.98214,-7.90106,2128.51,2139.01,-94.3075,1,0,55.4482
46.55,6.97961,-7.90079,2127.73,2138.23,-94.3064,1,0,55.4482
46.5583,6.97708,-7.90052,2126.94,2137.44,-94.3053,1,0,55.4482
46.5667,6.97454,-7.90025,2126.16,2136.66,-94.3042,1,0,55.4482
46.575,6.97201,-7.89998,2125.37,2135.87,-94.3031,1,0,55.4482
46.5833,6.96948,-7.89972,2124.59,2135.09,-94.302,1,0,55.4482
46.5917,6.96694,-7.89945,2123.8,2134.3,-94.3009,1,0,55.4482
46.6,6.96441,-7.89918,2123.01,2133.51,-94.2998,1,0,55.4482
46.6083,6.96188,-7.89891,2122.23,2132.73,-94.2987,1,0,55.4482
46.6167,6.95935,-7.89865,2121.44,2131.94,-94.2976,1,0,55.4482
46.625,6.95681,-7.89838,2120.66,2131.16,-94.2965,1,0,55.4482
46.6333,6.95428,-7.89811,2119.87,2130.37,-94.2954,1,0,55.4482
46.6417,6.95175,-7.89784,2119.08,2129.58,-94.2943,1,0,55.4482
46.65,6.94922,-7.89757,2118.3,2128.8,-94.2932,1,0,55.4482
46.6583,6.94668,-7.89731,2117.51,2128.01,-94.2921,1,0,55.4482
46.6667,6.94415,-7.89704,2116.73,2127.23,-94.291,1,0,55.4482
46.675,6.94162,-7.89677,2115.94,2126.44,-94.2898,1,0,55.4482
46.6833,6.93909,-7.8965,2115.16,2125.66,-94.2887,1,0,55.4482
46.6917,6.93655,-7.89623,2114.37,2124.87,-94.2876,1,0,55.4482
46.7,6.93402,-7.89597,2113.58,2124.08,-94.2865,1,0,55.4482
46.7083,6.93149,-7.8957,2112.8,2123.3,-94.2854,1,0,55.4482
46.7167,6.92896,-7.89543,2112.01,2122.51,-94.2843,1,0,55.4482
46.725,6.92642,-7.89516,2111.23,2121.73,-94.2832,1,0,55.4482
46.7333,6.92389,-7.8949,2110.44,2120.94,-94.2821,1,0,55.4482
46.7417,6.92136,-7.89463,2109.66,2120.16,-94.281,1,0,55.4482
46.75,6.91883,-7.89436,2108.87,2119.37,-94.2799,1,0,55.4482
46.7583,6.91629,-7.89409,2108.08,2118.58,-94.2788,1,0,55.4482
46.7667,6.91376,-7.89382,2107.3,2117.8,-94.2777,1,0,55.4482
46.775,6.91123,-7.89356,2106.51,2117.01,-94.2766,1,0,55.4482
46.7833,6.9087,-7.89329,2105.73,2116.23,-94.2755,1,0,55.4482
46.7917,6.90617,-7.89302,2104.94,2115.44,-94.2744,1,0,55.4482
46.8,6.90363,-7.89275,2104.16,2114.66,-94.2733,1,0,55.4482
46.8083,6.9011,-7.89249,2103.37,2113.87,-94.2722,1,0,55.4482
46.8167,6.89857,-7.89222,2102.59,2113.09,-94.2711,1,0,55.4482
46.825,6.89604,-7.89195,2101.8,2112.3,-94.27,1,0,55.4482
46.8333,6.8935,-7.89168,2101.01,2111.51,-94.2689,1,0,55.4482
46.8417,6.89097,-7.89142,2100.23,2110.73,-94.2678,1,0,55.4482
46.85,6.88844,-7.89115,2099.44,2109.94,-94.2667,1,0,55.4482
46.8583,6.88591,-7.89088,2098.66,2109.16,-94.2656,1,0,55.4482
46.8667,6.88338,-7.89061,2097.87,2108.37,-94.2645,1,0,55.4482
46.875,6.88085,-7.89034,2097.09,2107.59,-94.2634,1,0,55.4482
46.8833,6.87831,-7.89008,2096.3,2106.8,-94.2623,1,0,55.4482
46.8917,6.87578,-7.88981,2095.52,2106.02,-94.2612,1,0,55.4482
46.9,6.87325,-7.88954,2094.73,2105.23,-94.2601,1,0,55.4482
46.9083,6.87072,-7.88927,2093.94,2104.44,-94.259,1,0,55.4482
46.9167,6.86819,-7.88901,2093.16,2103.66,-94.2579,1,0,55.4482
46.925,6.86565,-7.88874,2092.37,2102.87,-94.2568,1,0,55.4482
46.9333,6.86312,-7.88847,2091.59,2102.09,-94.2557,1,0,55.4482
46.9417,6.86059,-7.8882,2090.8,2101.3,-94.2546,1,0,55.4482
46.95,6.85806,-7.88794,2090.02,2100.52,-94.2535,1,0,55.4482
46.9583,6.85553,-7.88767,2089.23,2099.73,-94.2524,1,0,55.4482
46.9667,6.853,-7.8874,2088.45,2098.95,-94.2513,1,0,55.4482
46.975,6.85047,-7.88713,2087.66,2098.16,-94.2502,1,0,55.4482
46.9833,6.84793,-7.88687,2086.88,2097.38,-94.2491,1,0,55.4482
46.9917,6.8454,-7.8866,2086.09,2096.59,-94.248,1,0,55.4482
47,6.84287,-7.88633,2085.3,2095.8,-94.2469,1,0,55.4482
47.0083,6.84034,-7.88606,2084.52,2095.02,-94.2458,1,0,55.4482
47.0167,6.83781,-7.88579,2083.73,2094.23,-94.2447,1,0,55.4482
47.025,6.83528,-7.88553,2082.95,2093.45,-94.2436,1,0,55.4482
47.0333,6.83275,-7.88526,2082.16,2092.66,-94.2425,1,0,55.4482
47.0417,6.83021,-7.88499,2081.38,2091.88,-94.2414,1,0,55.4482
47.05,6.82768,-7.88472,2080.59,2091.09,-94.2403,1,0,55.4482
47.0583,6.82515,-7.88446,2079.81,2090.31,-94.2392,1,0,55.4482
47.0667,6.82262,-7.88419,2079.02,2089.52,-94.2381,1,0,55.4482
47.075,6.82009,-7.88392,2078.24,2088.74,-94.237,1,0,55.4482
47.0833,6.81756,-7.88365,2077.45,2087.95,-94.2359,1,0,55.4482
47.0917,6.81503,-7.88339,2076.67,2087.17,-94.2348,1,0,55.4482
47.1,6.8125,-7.88312,2075.88,2086.38,-94.2337,1,0,55.4482
47.1083,6.80997,-7.88285,2075.1,2085.6,-94.2326,1,0,55.4482
47.1167,6.80743,-7.88258,2074.31,2084.81,-94.2315,1,0,55.4482
47.125,6.8049,-7.88232,2073.52,2084.02,-94.2304,1,0,55.4482
47.1333,6.80237,-7.88205,2072.74,2083.24,-94.2293,1,0,55.4482
47.1417,6.79984,-7.88178,2071.95,2082.45,-94.2282,1,0,55.4482
47.15,6.79731,-7.88151,2071.17,2081.67,-94.2271,1,0,55.4482
47.1583,6.79478,-7.88125,2070.38,2080.88,-94.226,1,0,55.4482
47.1667,6.79225,-7.88098,2069.6,2080.1,-94.2249,1,0,55.4482
47.175,6.78972,-7.88071,2068.81,2079.31,-94.2238,1,0,55.4482
47.1833,6.78719,-7.88044,2068.03,2078.53,-94.2227,1,0,55.4482
47.1917,6.78466,-7.88018,2067.24,2077.74,-94.2216,1,0,55.4482
47.2,6.78213,-7.87991,2066.46,2076.96,-94.2205,1,0,55.4482
47.2083,6.7796,-7.87964,2065.67,2076.17,-94.2194,1,0,55.4482
47.2167,6.77706,-7.87937,2064.89,2075.39,-94.2183,1,0,55.4482
47.225,6.77453,-7.87911,2064.1,2074.6,-94.2172,1,0,55.4482
47.2333,6.772,-7.87884,2063.32,2073.82,-94.2161,1,0,55.4482
47.2417,6.76947,-7.87857,2062.53,2073.03,-94.215,1,0,55.4482
47.25,6.76694,-7.8783,2061.75,2072.25,-94.2139,1,0,55.4482
47.2583,6.76441,-7.87804,2060.96,2071.46,-94.2128,1,0,55.4482
47.2667,6.76188,-7.87777,2060.18,2070.68,-94.2117,1,0,55.4482
47.275,6.75935,-7.8775,2059.39,2069.89,-94.2106,1,0,55.4482
47.2833,6.75682,-7.87723,2058.61,2069.11,-94.2095,1,0,55.4482
47.2917,6.75429,-7.87697,2057.82,2068.32,-94.2084,1,0,55.4482
47.3,6.75176,-7.8767,2057.04,2067.54,-94.2073,1,0,55.4482
47.3083,6.74923,-7.87643,2056.25,2066.75,-94.2062,1,0,55.4482
47.3167,6.7467,-7.87616,2055.47,2065.97,-94.2051,1,0,55.4482
47.325,6.74417,-7.8759,2054.68,2065.18,-94.204,1,0,55.4482
47.3333,6.74164,-7.87563,2053.9,2064.4,-94.2029,1,0,55.4482
47.3417,6.73911,-7.87536,2053.11,2063.61,-94.2018,1,0,55.4482
47.35,6.73658,-7.87509,2052.33,2062.83,-94.2007,1,0,55.4482
47.3583,6.73405,-7.87483,2051.54,2062.04,-94.1996,1,0,55.4482
47.3667,6.73152,-7.87456,2050.76,2061.26,-94.1985,1,0,55.4482
47.375,6.72899,-7.87429,2049.97,2060.47,-94.1974,1,0,55.4482
47.3833,6.72646,-7.87402,2049.19,2059.69,-94.1963,1,0,55.4482
47.3917,6.72393,-7.87376,2048.4,2058.9,-94.1952,1,0,55.4482
47.4,6.7214,-7.87349,2047.62,2058.12,-94.1941,1,0,55.4482
47.4083,6.71887,-7.87322,2046.83,2057.33,-94.193,1,0,55.4482
47.4167,6.71634,-7.87296,2046.05,2056.55,-94.1919,1,0,55.4482
47.425,6.71381,-7.87269,2045.26,2055.76,-94.1908,1,0,55.4482
47.4333,6.71128,-7.87242,2044.48,2054.98,-94.1897,1,0,55.4482
47.4417,6.70875,-7.87215,2043.69,2054.19,-94.1886,1,0,55.4482
47.45,6.70622,-7.87189,2042.91,2053.41,-94.1875,1,0,55.4482
47.4583,6.70369,-7.87162,2042.12,2052.62,-94.1864,1,0,55.4482
47.4667,6.70116,-7.87135,2041.34,2051.84,-94.1853,1,0,55.4482
47.475,6.69863,-7.87108,2040.55,2051.05,-94.1842,1,0,55.4482
47.4833,6.6961,-7.87082,2039.77,2050.27,-94.1831,1,0,55.4482
47.4917,6.69357,-7.87055,2038.98,2049.48,-94.182,1,0,55.4482
47.5,6.69104,-7.87028,2038.2,2048.7,-94.1809,1,0,55.4482
47.5083,6.68851,-7.87001,2037.41,2047.91,-94.1798,1,0,55.4482
47.5167,6.68598,-7.86975,2036.63,2047.13,-94.1787,1,0,55.4482
47.525,6.68345,-7.86948,2035.84,2046.34,-94.1776,1,0,55.4482
47.5333,6.68092,-7.86921,2035.06,2045.56,-94.1765,1,0,55.4482
47.5417,6.67839,-7.86895,2034.27,2044.77,-94.1754,1,0,55.4482
47.55,6.67586,-7.86868,2033.49,2043.99,-94.1743,1,0,55.4482
47.5583,6.67333,-7.86841,2032.7,2043.2,-94.1732,1,0,55.4482
47.5667,6.6708,-7.86814,2031.92,2042.42,-94.1721,1,0,55.4482
47.575,6.66827,-7.86788,2031.13,2041.63,-94.171,1,0,55.4482
47.5833,6.66575,-7.86761,2030.35,2040.85,-94.1699,1,0,55.4482
47.5917,6.66322,-7.86734,2029.56,2040.06,-94.1688,1,0,55.4482
47.6,6.66069,-7.86707,2028.78,2039.28,-94.1677,1,0,55.4482
47.6083,6.65816,-7.86681,2027.99,2038.49,-94.1666,1,0,55.4482
47.6167,6.65563,-7.86654,2027.21,2037.71,-94.1655,1,0,55.4482
47.625,6.6531,-7.86627,2026.43,2036.93,-94.1644,1,0,55.4482
47.6333,6.65057,-7.86601,2025.64,2036.14,-94.1633,1,0,55.4482
47.6417,6.64804,-7.86574,2024.86,2035.36,-94.1622,1,0,55.4482
47.65,6.64551,-7.86547,2024.07,2034.57,-94.1611,1,0,55.4482
47.6583,6.64298,-7.8652,2023.29,2033.79,-94.16,1,0,55.4482
47.6667,6.64045,-7.86494,2022.5,2033,-94.1589,1,0,55.4482
47.675,6.63792,-7.86467,2021.72,2032.22,-94.1579,1,0,55.4482
47.6833,6.6354,-7.8644,2020.93,2031.43,-94.1568,1,0,55.4482
47.6917,6.63287,-7.86414,2020.15,2030.65,-94.1557,1,0,55.4482
47.7,6.63034,-7.86387,2019.36,2029.86,-94.1546,1,0,55.4482
47.7083,6.62781,-7.8636,2018.58,2029.08,-94.1535,1,0,55.4482
47.7167,6.62528,-7.86333,2017.79,2028.29,-94.1524,1,0,55.4482
47.725,6.62275,-7.86307,2017.01,2027.51,-94.1513,1,0,55.4482
47.7333,6.62022,-7.8628,2016.23,2026.73,-94.1502,1,0,55.4482
47.7417,6.61769,-7.86253,2015.44,2025.94,-94.1491,1,0,55.4482
47.75,6.61516,-7.86227,2014.66,2025.16,-94.148,1,0,55.4482
47.7583,6.61264,-7.862,2013.87,2024.37,-94.1469,1,0,55.4482
47.7667,6.61011,-7.86173,2013.09,2023.59,-94.1458,1,0,55.4482
47.775,6.60758,-7.86146,2012.3,2022.8,-94.1447,1,0,55.4482
47.7833,6.60505,-7.8612,2011.52,2022.02,-94.1436,1,0,55.4482
47.7917,6.60252,-7.86093,2010.73,2021.23,-94.1425,1,0,55.4482
47.8,6.59999,-7.86066,2009.95,2020.45,-94.1414,1,0,55.4482
47.8083,6.59746,-7.8604,2009.16,2019.66,-94.1403,1,0,55.4482
47.8167,6.59494,-7.86013,2008.38,2018.88,-94.1392,1,0,55.4482
47.825,6.59241,-7.85986,2007.6,2018.1,-94.1381,1,0,55.4482
47.8333,6.58988,-7.85959,2006.81,2017.31,-94.137,1,0,55.4482
47.8417,6.58735,-7.85933,2006.03,2016.53,-94.1359,1,0,55.4482
47.85,6.58482,-7.85906,2005.24,2015.74,-94.1348,1,0,55.4482
47.8583,6.58229,-7.85879,2004.46,2014.96,-94.1337,1,0,55.4482
47.8667,6.57976,-7.85853,2003.67,2014.17,-94.1326,1,0,55.4482
47.875,6.57724,-7.85826,2002.89,2013.39,-94.1315,1,0,55.4482
47.8833,6.57471,-7.85799,2002.1,2012.6,-94.1304,1,0,55.4482
47.8917,6.57218,-7.85772,2001.32,2011.82,-94.1293,1,0,55.4482
47.9,6.56965,-7.85746,2000.54,2011.04,-94.1282,1,0,55.4482
47.9083,6.56712,-7.85719,1999.75,2010.25,-94.1271,1,0,55.4482
47.9167,6.5646,-7.85692,1998.97,2009.47,-94.126,1,0,55.4482
47.925,6.56207,-7.85666,1998.18,2008.68,-94.1249,1,0,55.4482
47.9333,6.55954,-7.85639,1997.4,2007.9,-94.1238,1,0,55.4482
47.9417,6.55701,-7.85612,1996.61,2007.11,-94.1227,1,0,55.4482
47.95,6.55448,-7.85585,1995.83,2006.33,-94.1216,1,0,55.4482
47.9583,6.55196,-7.85559,1995.04,2005.54,-94.1205,1,0,55.4482
47.9667,6.54943,-7.85532,1994.26,2004.76,-94.1194,1,0,55.4482
47.975,6.5469,-7.85505,1993.48,2003.98,-94.1183,1,0,55.4482
47.9833,6.54437,-7.85479,1992.69,2003.19,-94.1172,1,0,55.4482
47.9917,6.54184,-7.85452,1991.91,2002.41,-94.1161,1,0,55.4482
48,6.53932,-7.85425,1991.12,2001.62,-94.115,1,0,55.4482
48.0083,6.53679,-7.85399,1990.34,2000.84,-94.114,1,0,55.4482
48.0167,6.53426,-7.85372,1989.55,2000.05,-94.1129,1,0,55.4482
48.025,6.53173,-7.85345,1988.77,1999.27,-94.1118,1,0,55.4482
48.0333,6.5292,-7.85318,1987.99,1998.49,-94.1107,1,0,55.4482
48.0417,6.52668,-7.85292,1987.2,1997.7,-94.1096,1,0,55.4482
48.05,6.52415,-7.85265,1986.42,1996.92,-94.1085,1,0,55.4482
48.0583,6.52162,-7.85238,1985.63,1996.13,-94.1074,1,0,55.4482
48.0667,6.51909,-7.85212,1984.85,1995.35,-94.1063,1,0,55.4482
48.075,6.51657,-7.85185,1984.06,1994.56,-94.1052,1,0,55.4482
48.0833,6.51404,-7.85158,1983.28,1993.78,-94.1041,1,0,55.4482
48.0917,6.51151,-7.85132,1982.5,1993,-94.103,1,0,55.4482
48.1,6.50898,-7.85105,1981.71,1992.21,-94.1019,1,0,55.4482
48.1083,6.50646,-7.85078,1980.93,1991.43,-94.1008,1,0,55.4482
48.1167,6.50393,-7.85052,1980.14,1990.64,-94.0997,1,0,55.4482
48.125,6.5014,-7.85025,1979.36,1989.86,-94.0986,1,0,55.4482
48.1333,6.49887,-7.84998,1978.58,1989.08,-94.0975,1,0,55.4482
48.1417,6.49635,-7.84971,1977.79,1988.29,-94.0964,1,0,55.4482
48.15,6.49382,-7.84945,1977.01,1987.51,-94.0953,1,0,55.4482
48.1583,6.49129,-7.84918,1976.22,1986.72,-94.0942,1,0,55.4482
48.1667,6.48876,-7.84891,1975.44,1985.94,-94.0931,1,0,55.4482
48.175,6.48624,-7.84865,1974.65,1985.15,-94.092,1,0,55.4482
48.1833,6.48371,-7.84838,1973.87,1984.37,-94.0909,1,0,55.4482
48.1917,6.48118,-7.84811,1973.09,1983.59,-94.0898,1,0,55.4482
48.2,6.47866,-7.84785,1972.3,1982.8,-94.0887,1,0,55.4482
48.2083,6.47613,-7.84758,1971.52,1982.02,-94.0876,1,0,55.4482
48.2167,6.4736,-7.84731,1970.73,1981.23,-94.0865,1,0,55.4482
48.225,6.47107,-7.84705,1969.95,1980.45,-94.0854,1,0,55.4482
48.2333,6.46855,-7.84678,1969.17,1979.67,-94.0844,1,0,55.4482
48.2417,6.46602,-7.84651,1968.38,1978.88,-94.0833,1,0,55.4482
48.25,6.46349,-7.84625,1967.6,1978.1,-94.0822,1,0,55.4482
48.2583,6.46097,-7.84598,1966.81,1977.31,-94.0811,1,0,55.4482
48.2667,6.45844,-7.84571,1966.03,1976.53,-94.08,1,0,55.4482
48.275,6.45591,-7.84544,1965.25,1975.75,-94.0789,1,0,55.4482
48.2833,6.45339,-7.84518,1964.46,1974.96,-94.0778,1,0,55.4482
48.2917,6.45086,-7.84491,1963.68,1974.18,-94.0767,1,0,55.4482
48.3,6.44833,-7.84464,1962.89,1973.39,-94.0756,1,0,55.4482
48.3083,6.4458,-7.84438,1962.11,1972.61,-94.0745,1,0,55.4482
48.3167,6.44328,-7.84411,1961.33,1971.83,-94.0734,1,0,55.4482
48.325,6.44075,-7.84384,1960.54,1971.04,-94.0723,1,0,55.4482
48.3333,6.43822,-7.84358,1959.76,1970.26,-94.0712,1,0,55.4482
48.3417,6.4357,-7.84331,1958.97,1969.47,-94.0701,1,0,55.4482
48.35,6.43317,-7.84304,1958.19,1968.69,-94.069,1,0,55.4482
48.3583,6.43064,-7.84278,1957.41,1967.91,-94.0679,1,0,55.4482
48.3667,6.42812,-7.84251,1956.62,1967.12,-94.0668,1,0,55.4482
48.375,6.42559,-7.84224,1955.84,1966.34,-94.0657,1,0,55.4482
48.3833,6.42306,-7.84198,1955.06,1965.56,-94.0646,1,0,55.4482
48.3917,6.42054,-7.84171,1954.27,1964.77,-94.0635,1,0,55.4482
48.4,6.41801,-7.84144,1953.49,1963.99,-94.0624,1,0,55.4482
48.4083,6.41549,-7.84118,1952.7,1963.2,-94.0613,1,0,55.4482
48.4167,6.41296,-7.84091,1951.92,1962.42,-94.0602,1,0,55.4482
48.425,6.41043,-7.84064,1951.14,1961.64,-94.0592,1,0,55.4482
48.4333,6.40791,-7.84038,1950.35,1960.85,-94.0581,1,0,55.4482
48.4417,6.40538,-7.84011,1949.57,1960.07,-94.057,1,0,55.4482
48.45,6.40285,-7.83984,1948.78,1959.28,-94.0559,1,0,55.4482
48.4583,6.40033,-7.83958,1948,1958.5,-94.0548,1,0,55.4482
48.4667,6.3978,-7.83931,1947.22,1957.72,-94.0537,1,0,55.4482
48.475,6.39527,-7.83904,1946.43,1956.93,-94.0526,1,0,55.4482
48.4833,6.39275,-7.83878,1945.65,1956.15,-94.0515,1,0,55.4482
48.4917,6.39022,-7.83851,1944.87,1955.37,-94.0504,1,0,55.4482
48.5,6.3877,-7.83824,1944.08,1954.58,-94.0493,1,0,55.4482
48.5083,6.38517,-7.83798,1943.3,1953.8,-94.0482,1,0,55.4482
48.5167,6.38264,-7.83771,1942.51,1953.01,-94.0471,1,0,55.4482
48.525,6.38012,-7.83744,1941.73,1952.23,-94.046,1,0,55.4482
48.5333,6.37759,-7.83718,1940.95,1951.45,-94.0449,1,0,55.4482
48.5417,6.37507,-7.83691,1940.16,1950.66,-94.0438,1,0,55.4482
48.55,6.37254,-7.83664,1939.38,1949.88,-94.0427,1,0,55.4482
48.5583,6.37001,-7.83638,1938.6,1949.1,-94.0416,1,0,55.4482
48.5667,6.36749,-7.83611,1937.81,1948.31,-94.0405,1,0,55.4482
48.575,6.36496,-7.83584,1937.03,1947.53,-94.0394,1,0,55.4482
48.5833,6.36244,-7.83558,1936.24,1946.74,-94.0383,1,0,55.4482
48.5917,6.35991,-7.83531,1935.46,1945.96,-94.0373,1,0,55.4482
48.6,6.35739,-7.83504,1934.68,1945.18,-94.0362,1,0,55.4482
48.6083,6.35486,-7.83478,1933.89,1944.39,-94.0351,1,0,55.4482
48.6167,6.35233,-7.83451,1933.11,1943.61,-94.034,1,0,55.4482
48.625,6.34981,-7.83424,1932.33,1942.83,-94.0329,1,0,55.4482
48.6333,6.34728,-7.83398,1931.54,1942.04,-94.0318,1,0,55.4482
48.6417,6.34476,-7.83371,1930.76,1941.26,-94.0307,1,0,55.4482
48.65,6.34223,-7.83344,1929.98,1940.48,-94.0296,1,0,55.4482
48.6583,6.33971,-7.83318,1929.19,1939.69,-94.0285,1,0,55.4482
48.6667,6.33718,-7.83291,1928.41,1938.91,-94.0274,1,0,55.4482
48.675,6.33465,-7.83264,1927.62,1938.12,-94.0263,1,0,55.4482
48.6833,6.33213,-7.83238,1926.84,1937.34,-94.0252,1,0,55.4482
48.6917,6.3296,-7.83211,1926.06,1936.56,-94.0241,1,0,55.4482
48.7,6.32708,-7.83184,1925.27,1935.77,-94.023,1,0,55.4482
48.7083,6.32455,-7.83158,1924.49,1934.99,-94.0219,1,0,55.4482
48.7167,6.32203,-7.83131,1923.71,1934.21,-94.0208,1,0,55.4482
48.725,6.3195,-7.83104,1922.92,1933.42,-94.0197,1,0,55.4482
48.7333,6.31698,-7.83078,1922.14,1932.64,-94.0187,1,0,55.4482
48.7417,6.31445,-7.83051,1921.36,1931.86,-94.0176,1,0,55.4482
48.75,6.31193,-7.83024,1920.57,1931.07,-94.0165,1,0,55.4482
48.7583,6.3094,-7.82998,1919.79,1930.29,-94.0154,1,0,55.4482
48.7667,6.30688,-7.82971,1919.01,1929.51,-94.0143,1,0,55.4482
48.775,6.30435,-7.82945,1918.22,1928.72,-94.0132,1,0,55.4482
48.7833,6.30183,-7.82918,1917.44,1927.94,-94.0121,1,0,55.4482
48.7917,6.2993,-7.82891,1916.66,1927.16,-94.011,1,0,55.4482
48.8,6.29678,-7.82865,1915.87,1926.37,-94.0099,1,0,55.4482
48.8083,6.29425,-7.82838,1915.09,1925.59,-94.0088,1,0,55.4482
48.8167,6.29173,-7.82811,1914.31,1924.81,-94.0077,1,0,55.4482
48.825,6.2892,-7.82785,1913.52,1924.02,-94.0066,1,0,55.4482
48.8333,6.28668,-7.82758,1912.74,1923.24,-94.0055,1,0,55.4482
48.8417,6.28415,-7.82731,1911.96,1922.46,-94.0044,1,0,55.4482
48.85,6.28163,-7.82705,1911.17,1921.67,-94.0033,1,0,55.4482
48.8583,6.2791,-7.82678,1910.39,1920.89,-94.0022,1,0,55.4482
48.8667,6.27658,-7.82651,1909.61,1920.11,-94.0011,1,0,55.4482
48.875,6.27405,-7.82625,1908.82,1919.32,-94.0001,1,0,55.4482
48.8833,6.27153,-7.82598,1908.04,1918.54,-93.999,1,0,55.4482
48.8917,6.269,-7.82571,1907.26,1917.76,-93.9979,1,0,55.4482
48.9,6.26648,-7.82545,1906.47,1916.97,-93.9968,1,0,55.4482
48.9083,6.26395,-7.82518,1905.69,1916.19,-93.9957,1,0,55.4482
48.9167,6.26143,-7.82492,1904.91,1915.41,-93.9946,1,0,55.4482
48.925,6.2589,-7.82465,1904.12,1914.62,-93.9935,1,0,55.4482
48.9333,6.25638,-7.82438,1903.34,1913.84,-93.9924,1,0,55.4482
48.9417,6.25385,-7.82412,1902.56,1913.06,-93.9913,1,0,55.4482
48.95,6.25133,-7.82385,1901.77,1912.27,-93.9902,1,0,55.4482
48.9583,6.24881,-7.82358,1900.99,1911.49,-93.9891,1,0,55.4482
48.9667,6.24628,-7.82332,1900.21,1910.71,-93.988,1,0,55.4482
48.975,6.24376,-7.82305,1899.42,1909.92,-93.9869,1,0,55.4482
48.9833,6.24123,-7.82278,1898.64,1909.14,-93.9858,1,0,55.4482
48.9917,6.23871,-7.82252,1897.86,1908.36,-93.9848,1,0,55.4482
49,6.23618,-7.82225,1897.07,1907.57,-93.9837,1,0,55.4482
49.0083,6.23366,-7.82199,1896.29,1906.79,-93.9826,1,0,55.4482
49.0167,6.23113,-7.82172,1895.51,1906.01,-93.9815,1,0,55.4482
49.025,6.22861,-7.82145,1894.72,1905.22,-93.9804,1,0,55.4482
49.0333,6.22609,-7.82119,1893.94,1904.44,-93.9793,1,0,55.4482
49.0417,6.22356,-7.82092,1893.16,1903.66,-93.9782,1,0,55.4482
49.05,6.22104,-7.82065,1892.37,1902.87,-93.9771,1,0,55.4482
49.0583,6.21851,-7.82039,1891.59,1902.09,-93.976,1,0,55.4482
49.0667,6.21599,-7.82012,1890.81,1901.31,-93.9749,1,0,55.4482
49.075,6.21347,-7.81985,1890.02,1900.52,-93.9738,1,0,55.4482
49.0833,6.21094,-7.81959,1889.24,1899.74,-93.9727,1,0,55.4482
49.0917,6.20842,-7.81932,1888.46,1898.96,-93.9716,1,0,55.4482
49.1,6.20589,-7.81906,1887.68,1898.18,-93.9705,1,0,55.4482
49.1083,6.20337,-7.81879,1886.89,1897.39,-93.9694,1,0,55.4482
49.1167,6.20085,-7.81852,1886.11,1896.61,-93.9684,1,0,55.4482
49.125,6.19832,-7.81826,1885.33,1895.83,-93.9673,1,0,55.4482
49.1333,6.1958,-7.81799,1884.54,1895.04,-93.9662,1,0,55.4482
49.1417,6.19327,-7.81772,1883.76,1894.26,-93.9651,1,0,55.4482
49.15,6.19075,-7.81746,1882.98,1893.48,-93.964,1,0,55.4482
49.1583,6.18823,-7.81719,1882.19,1892.69,-93.9629,1,0,55.4482
49.1667,6.1857,-7.81693,1881.41,1891.91,-93.9618,1,0,55.4482
49.175,6.18318,-7.81666,1880.63,1891.13,-93.9607,1,0,55.4482
49.1833,6.18066,-7.81639,1879.84,1890.34,-93.9596,1,0,55.4482
49.1917,6.17813,-7.81613,1879.06,1889.56,-93.9585,1,0,55.4482
49.2,6.17561,-7.81586,1878.28,1888.78,-93.9574,1,0,55.4482
49.2083,6.17308,-7.81559,1877.5,1888,-93.9563,1,0,55.4482
49.2167,6.17056,-7.81533,1876.71,1887.21,-93.9552,1,0,55.4482
49.225,6.16804,-7.81506,1875.93,1886.43,-93.9542,1,0,55.4482
49.2333,6.16551,-7.8148,1875.15,1885.65,-93.9531,1,0,55.4482
49.2417,6.16299,-7.81453,1874.36,1884.86,-93.952,1,0,55.4482
49.25,6.16047,-7.81426,1873.58,1884.08,-93.9509,1,0,55.4482
49.2583,6.15794,-7.814,1872.8,1883.3,-93.9498,1,0,55.4482
49.2667,6.15542,-7.81373,1872.02,1882.52,-93.9487,1,0,55.4482
49.275,6.1529,-7.81347,1871.23,1881.73,-93.9476,1,0,55.4482
49.2833,6.15037,-7.8132,1870.45,1880.95,-93.9465,1,0,55.4482
49.2917,6.14785,-7.81293,1869.67,1880.17,-93.9454,1,0,55.4482
49.3,6.14533,-7.81267,1868.88,1879.38,-93.9443,1,0,55.4482
49.3083,6.1428,-7.8124,1868.1,1878.6,-93.9432,1,0,55.4482
49.3167,6.14028,-7.81213,1867.32,1877.82,-93.9421,1,0,55.4482
49.325,6.13776,-7.81187,1866.54,1877.04,-93.9411,1,0,55.4482
49.3333,6.13523,-7.8116,1865.75,1876.25,-93.94,1,0,55.4482
49.3417,6.13271,-7.81134,1864.97,1875.47,-93.9389,1,0,55.4482
49.35,6.13019,-7.81107,1864.19,1874.69,-93.9378,1,0,55.4482
49.3583,6.12766,-7.8108,1863.4,1873.9,-93.9367,1,0,55.4482
49.3667,6.12514,-7.81054,1862.62,1873.12,-93.9356,1,0,55.4482
49.375,6.12262,-7.81027,1861.84,1872.34,-93.9345,1,0,55.4482
49.3833,6.12009,-7.81001,1861.06,1871.56,-93.9334,1,0,55.4482
49.3917,6.11757,-7.80974,1860.27,1870.77,-93.9323,1,0,55.4482
49.4,6.11505,-7.80947,1859.49,1869.99,-93.9312,1,0,55.4482
49.4083,6.11253,-7.80921,1858.71,1869.21,-93.9301,1,0,55.4482
49.4167,6.11,-7.80894,1857.92,1868.42,-93.929,1,0,55.4482
49.425,6.10748,-7.80868,1857.14,1867.64,-93.928,1,0,55.4482
49.4333,6.10496,-7.80841,1856.36,1866.86,-93.9269,1,0,55.4482
49.4417,6.10243,-7.80814,1855.58,1866.08,-93.9258,1,0,55.4482
49.45,6.09991,-7.80788,1854.79,1865.29,-93.9247,1,0,55.4482
49.4583,6.09739,-7.80761,1854.01,1864.51,-93.9236,1,0,55.4482
49.4667,6.09487,-7.80735,1853.23,1863.73,-93.9225,1,0,55.4482
49.475,6.09234,-7.80708,1852.45,1862.95,-93.9214,1,0,55.4482
49.4833,6.08982,-7.80681,1851.66,1862.16,-93.9203,1,0,55.4482
49.4917,6.0873,-7.80655,1850.88,1861.38,-93.9192,1,0,55.4482
49.5,6.08478,-7.80628,1850.1,1860.6,-93.9181,1,0,55.4482
49.5083,6.08225,-7.80601,1849.31,1859.81,-93.917,1,0,55.4482
49.5167,6.07973,-7.80575,1848.53,1859.03,-93.9159,1,0,55.4482
49.525,6.07721,-7.80548,1847.75,1858.25,-93.9149,1,0,55.4482
49.5333,6.07469,-7.80522,1846.97,1857.47,-93.9138,1,0,55.4482
49.5417,6.07216,-7.80495,1846.18,1856.68,-93.9127,1,0,55.4482
49.55,6.06964,-7.80469,1845.4,1855.9,-93.9116,1,0,55.4482
49.5583,6.06712,-7.80442,1844.62,1855.12,-93.9105,1,0,55.4482
49.5667,6.0646,-7.80415,1843.84,1854.34,-93.9094,1,0,55.4482
49.575,6.06207,-7.80389,1843.05,1853.55,-93.9083,1,0,55.4482
49.5833,6.05955,-7.80362,1842.27,1852.77,-93.9072,1,0,55.4482
49.5917,6.05703,-7.80336,1841.49,1851.99,-93.9061,1,0,55.4482
49.6,6.05451,-7.80309,1840.71,1851.21,-93.905,1,0,55.4482
49.6083,6.05198,-7.80282,1839.92,1850.42,-93.9039,1,0,55.4482
49.6167,6.04946,-7.80256,1839.14,1849.64,-93.9029,1,0,55.4482
49.625,6.04694,-7.80229,1838.36,1848.86,-93.9018,1,0,55.4482
49.6333,6.04442,-7.80203,1837.58,1848.08,-93.9007,1,0,55.4482
49.6417,6.0419,-7.80176,1836.79,1847.29,-93.8996,1,0,55.4482
49.65,6.03937,-7.80149,1836.01,1846.51,-93.8985,1,0,55.4482
49.6583,6.03685,-7.80123,1835.23,1845.73,-93.8974,1,0,55.4482
49.6667,6.03433,-7.80096,1834.45,1844.95,-93.8963,1,0,55.4482
49.675,6.03181,-7.8007,1833.66,1844.16,-93.8952,1,0,55.4482
49.6833,6.02929,-7.80043,1832.88,1843.38,-93.8941,1,0,55.4482
49.6917,6.02676,-7.80016,1832.1,1842.6,-93.893,1,0,55.4482
49.7,6.02424,-7.7999,1831.32,1841.82,-93.892,1,0,55.4482
49.7083,6.02172,-7.79963,1830.53,1841.03,-93.8909,1,0,55.4482
49.7167,6.0192,-7.79937,1829.75,1840.25,-93.8898,1,0,55.4482
49.725,6.01668,-7.7991,1828.97,1839.47,-93.8887,1,0,55.4482
49.7333,6.01415,-7.79883,1828.19,1838.69,-93.8876,1,0,55.4482
49.7417,6.01163,-7.79857,1827.4,1837.9,-93.8865,1,0,55.4482
49.75,6.00911,-7.7983,1826.62,1837.12,-93.8854,1,0,55.4482
49.7583,6.00659,-7.79804,1825.84,1836.34,-93.8843,1,0,55.4482
49.7667,6.00407,-7.79777,1825.06,1835.56,-93.8832,1,0,55.4482
49.775,6.00155,-7.79751,1824.27,1834.77,-93.8821,1,0,55.4482
49.7833,5.99902,-7.79724,1823.49,1833.99,-93.881,1,0,55.4482
49.7917,5.9965,-7.79697,1822.71,1833.21,-93.88,1,0,55.4482
49.8,5.99398,-7.79671,1821.93,1832.43,-93.8789,1,0,55.4482
49.8083,5.99146,-7.79644,1821.15,1831.65,-93.8778,1,0,55.4482
49.8167,5.98894,-7.79618,1820.36,1830.86,-93.8767,1,0,55.4482
49.825,5.98642,-7.79591,1819.58,1830.08,-93.8756,1,0,55.4482
49.8333,5.9839,-7.79565,1818.8,1829.3,-93.8745,1,0,55.4482
49.8417,5.98137,-7.79538,1818.02,1828.52,-93.8734,1,0,55.4482
49.85,5.97885,-7.79511,1817.23,1827.73,-93.8723,1,0,55.4482
49.8583,5.97633,-7.79485,1816.45,1826.95,-93.8712,1,0,55.4482
49.8667,5.97381,-7.79458,1815.67,1826.17,-93.8702,1,0,55.4482
49.875,5.97129,-7.79432,1814.89,1825.39,-93.8691,1,0,55.4482
49.8833,5.96877,-7.79405,1814.1,1824.6,-93.868,1,0,55.4482
49.8917,5.96625,-7.79378,1813.32,1823.82,-93.8669,1,0,55.4482
49.9,5.96373,-7.79352,1812.54,1823.04,-93.8658,1,0,55.4482
49.9083,5.9612,-7.79325,1811.76,1822.26,-93.8647,1,0,55.4482
49.9167,5.95868,-7.79299,1810.98,1821.48,-93.8636,1,0,55.4482
49.925,5.95616,-7.79272,1810.19,1820.69,-93.8625,1,0,55.4482
49.9333,5.95364,-7.79246,1809.41,1819.91,-93.8614,1,0,55.4482
49.9417,5.95112,-7.79219,1808.63,1819.13,-93.8603,1,0,55.4482
49.95,5.9486,-7.79192,1807.85,1818.35,-93.8593,1,0,55.4482
49.9583,5.94608,-7.79166,1807.07,1817.57,-93.8582,1,0,55.4482
49.9667,5.94356,-7.79139,1806.28,1816.78,-93.8571,1,0,55.4482
49.975,5.94104,-7.79113,1805.5,1816,-93.856,1,0,55.4482
49.9833,5.93852,-7.79086,1804.72,1815.22,-93.8549,1,0,55.4482
49.9917,5.93599,-7.7906,1803.94,1814.44,-93.8538,1,0,55.4482
50,5.93347,-7.79033,1803.15,1813.65,-93.8527,1,0,55.4482
50.0083,5.93095,-7.79006,1802.37,1812.87,-93.8516,1,0,55.4482
50.0167,5.92843,-7.7898,1801.59,1812.09,-93.8505,1,0,55.4482
50.025,5.92591,-7.78953,1800.81,1811.31,-93.8495,1,0,55.4482
50.0333,5.92339,-7.78927,1800.03,1810.53,-93.8484,1,0,55.4482
50.0417,5.92087,-7.789,1799.24,1809.74,-93.8473,1,0,55.4482
50.05,5.91835,-7.78874,1798.46,1808.96,-93.8462,1,0,55.4482
50.0583,5.91583,-7.78847,1797.68,1808.18,-93.8451,1,0,55.4482
50.0667,5.91331,-7.78821,1796.9,1807.4,-93.844,1,0,55.4482
50.075,5.91079,-7.78794,1796.12,1806.62,-93.8429,1,0,55.4482
50.0833,5.90827,-7.78767,1795.33,1805.83,-93.8418,1,0,55.4482
50.0917,5.90575,-7.78741,1794.55,1805.05,-93.8407,1,0,55.4482
50.1,5.90323,-7.78714,1793.77,1804.27,-93.8396,1,0,55.4482
50.1083,5.90071,-7.78688,1792.99,1803.49,-93.8386,1,0,55.4482
50.1167,5.89818,-7.78661,1792.21,1802.71,-93.8375,1,0,55.4482
50.125,5.89566,-7.78635,1791.42,1801.92,-93.8364,1,0,55.4482
50.1333,5.89314,-7.78608,1790.64,1801.14,-93.8353,1,0,55.4482
50.1417,5.89062,-7.78581,1789.86,1800.36,-93.8342,1,0,55.4482
50.15,5.8881,-7.78555,1789.08,1799.58,-93.8331,1,0,55.4482
50.1583,5.88558,-7.78528,1788.3,1798.8,-93.832,1,0,55.4482
50.1667,5.88306,-7.78502,1787.51,1798.01,-93.8309,1,0,55.4482
50.175,5.88054,-7.78475,1786.73,1797.23,-93.8299,1,0,55.4482
50.1833,5.87802,-7.78449,1785.95,1796.45,-93.8288,1,0,55.4482
50.1917,5.8755,-7.78422,1785.17,1795.67,-93.8277,1,0,55.4482
50.2,5.87298,-7.78396,1784.39,1794.89,-93.8266,1,0,55.4482
50.2083,5.87046,-7.78369,1783.6,1794.1,-93.8255,1,0,55.4482
50.2167,5.86794,-7.78343,1782.82,1793.32,-93.8244,1,0,55.4482
50.225,5.86542,-7.78316,1782.04,1792.54,-93.8233,1,0,55.4482
50.2333,5.8629,-7.78289,1781.26,1791.76,-93.8222,1,0,55.4482
50.2417,5.86038,-7.78263,1780.48,1790.98,-93.8211,1,0,55.4482
50.25,5.85786,-7.78236,1779.7,1790.2,-93.8201,1,0,55.4482
50.2583,5.85534,-7.7821,1778.91,1789.41,-93.819,1,0,55.4482
50.2667,5.85282,-7.78183,1778.13,1788.63,-93.8179,1,0,55.4482
50.275,5.8503,-7.78157,1777.35,1787.85,-93.8168,1,0,55.4482
50.2833,5.84778,-7.7813,1776.57,1787.07,-93.8157,1,0,55.4482
50.2917,5.84526,-7.78104,1775.79,1786.29,-93.8146,1,0,55.4482
50.3,5.84274,-7.78077,1775,1785.5,-93.8135,1,0,55.4482
50.3083,5.84022,-7.7805,1774.22,1784.72,-93.8124,1,0,55.4482
50.3167,5.8377,-7.78024,1773.44,1783.94,-93.8113,1,0,55.4482
50.325,5.83518,-7.77997,1772.66,1783.16,-93.8103,1,0,55.4482
50.3333,5.83266,-7.77971,1771.88,1782.38,-93.8092,1,0,55.4482
50.3417,5.83014,-7.77944,1771.1,1781.6,-93.8081,1,0,55.4482
50.35,5.82762,-7.77918,1770.31,1780.81,-93.807,1,0,55.4482
50.3583,5.8251,-7.77891,1769.53,1780.03,-93.8059,1,0,55.4482
50.3667,5.82259,-7.77865,1768.75,1779.25,-93.8048,1,0,55.4482
50.375,5.82007,-7.77838,1767.97,1778.47,-93.8037,1,0,55.4482
50.3833,5.81755,-7.77812,1767.19,1777.69,-93.8026,1,0,55.4482
50.3917,5.81503,-7.77785,1766.41,1776.91,-93.8016,1,0,55.4482
50.4,5.81251,-7.77759,1765.62,1776.12,-93.8005,1,0,55.4482
50.4083,5.80999,-7.77732,1764.84,1775.34,-93.7994,1,0,55.4482
50.4167,5.80747,-7.77705,1764.06,1774.56,-93.7983,1,0,55.4482
50.425,5.80495,-7.77679,1763.28,1773.78,-93.7972,1,0,55.4482
50.4333,5.80243,-7.77652,1762.5,1773,-93.7961,1,0,55.4482
50.4417,5.79991,-7.77626,1761.72,1772.22,-93.795,1,0,55.4482
50.45,5.79739,-7.77599,1760.93,1771.43,-93.7939,1,0,55.4482
50.4583,5.79487,-7.77573,1760.15,1770.65,-93.7929,1,0,55.4482
50.4667,5.79235,-7.77546,1759.37,1769.87,-93.7918,1,0,55.4482
50.475,5.78983,-7.7752,1758.59,1769.09,-93.7907,1,0,55.4482
50.4833,5.78731,-7.77493,1757.81,1768.31,-93.7896,1,0,55.4482
50.4917,5.7848,-7.77467,1757.03,1767.53,-93.7885,1,0,55.4482
50.5,5.78228,-7.7744,1756.24,1766.74,-93.7874,1,0,55.4482
50.5083,5.77976,-7.77414,1755.46,1765.96,-93.7863,1,0,55.4482
50.5167,5.77724,-7.77387,1754.68,1765.18,-93.7852,1,0,55.4482
50.525,5.77472,-7.7736,1753.9,1764.4,-93.7842,1,0,55.4482
50.5333,5.7722,-7.77334,1753.12,1763.62,-93.7831,1,0,55.4482
50.5417,5.76968,-7.77307,1752.34,1762.84,-93.782,1,0,55.4482
50.55,5.76716,-7.77281,1751.56,1762.06,-93.7809,1,0,55.4482
50.5583,5.76464,-7.77254,1750.77,1761.27,-93.7798,1,0,55.4482
50.5667,5.76212,-7.77228,1749.99,1760.49,-93.7787,1,0,55.4482
50.575,5.75961,-7.77201,1749.21,1759.71,-93.7776,1,0,55.4482
50.5833,5.75709,-7.77175,1748.43,1758.93,-93.7765,1,0,55.4482
50.5917,5.75457,-7.77148,1747.65,1758.15,-93.7755,1,0,55.4482
50.6,5.75205,-7.77122,1746.87,1757.37,-93.7744,1,0,55.4482
50.6083,5.74953,-7.77095,1746.08,1756.58,-93.7733,1,0,55.4482
50.6167,5.74701,-7.77069,1745.3,1755.8,-93.7722,1,0,55.4482
50.625,5.74449,-7.77042,1744.52,1755.02,-93.7711,1,0,55.4482
50.6333,5.74197,-7.77016,1743.74,1754.24,-93.77,1,0,55.4482
50.6417,5.73946,-7.76989,1742.96,1753.46,-93.7689,1,0,55.4482
50.65,5.73694,-7.76963,1742.18,1752.68,-93.7679,1,0,55.4482
50.6583,5.73442,-7.76936,1741.4,1751.9,-93.7668,1,0,55.4482
50.6667,5.7319,-7.7691,1740.61,1751.11,-93.7657,1,0,55.4482
50.675,5.72938,-7.76883,1739.83,1750.33,-93.7646,1,0,55.4482
50.6833,5.72686,-7.76856,1739.05,1749.55,-93.7635,1,0,55.4482
50.6917,5.72435,-7.7683,1738.27,1748.77,-93.7624,1,0,55.4482
50.7,5.72183,-7.76803,1737.49,1747.99,-93.7613,1,0,55.4482
50.7083,5.71931,-7.76777,1736.71,1747.21,-93.7602,1,0,55.4482
50.7167,5.71679,-7.7675,1735.93,1746.43,-93.7592,1,0,55.4482
50.725,5.71427,-7.76724,1735.15,1745.65,-93.7581,1,0,55.4482
50.7333,5.71175,-7.76697,1734.36,1744.86,-93.757,1,0,55.4482
50.7417,5.70924,-7.76671,1733.58,1744.08,-93.7559,1,0,55.4482
50.75,5.70672,-7.76644,1732.8,1743.3,-93.7548,1,0,55.4482
50.7583,5.7042,-7.76618,1732.02,1742.52,-93.7537,1,0,55.4482
50.7667,5.70168,-7.76591,1731.24,1741.74,-93.7526,1,0,55.4482
50.775,5.69916,-7.76565,1730.46,1740.96,-93.7516,1,0,55.4482
50.7833,5.69664,-7.76538,1729.68,1740.18,-93.7505,1,0,55.4482
50.7917,5.69413,-7.76512,1728.89,1739.39,-93.7494,1,0,55.4482
50.8,5.69161,-7.76485,1728.11,1738.61,-93.7483,1,0,55.4482
50.8083,5.68909,-7.76459,1727.33,1737.83,-93.7472,1,0,55.4482
50.8167,5.68657,-7.76432,1726.55,1737.05,-93.7461,1,0,55.4482
50.825,5.68405,-7.76406,1725.77,1736.27,-93.745,1,0,55.4482
50.8333,5.68154,-7.76379,1724.99,1735.49,-93.7439,1,0,55.4482
50.8417,5.67902,-7.76353,1724.21,1734.71,-93.7429,1,0,55.4482
50.85,5.6765,-7.76326,1723.43,1733.93,-93.7418,1,0,55.4482
50.8583,5.67398,-7.763,1722.65,1733.15,-93.7407,1,0,55.4482
50.8667,5.67147,-7.76273,1721.86,1732.36,-93.7396,1,0,55.4482
50.875,5.66895,-7.76247,1721.08,1731.58,-93.7385,1,0,55.4482
50.8833,5.66643,-7.7622,1720.3,1730.8,-93.7374,1,0,55.4482
50.8917,5.66391,-7.76194,1719.52,1730.02,-93.7363,1,0,55.4482
50.9,5.66139,-7.76167,1718.74,1729.24,-93.7353,1,0,55.4482
50.9083,5.65888,-7.76141,1717.96,1728.46,-93.7342,1,0,55.4482
50.9167,5.65636,-7.76114,1717.18,1727.68,-93.7331,1,0,55.4482
50.925,5.65384,-7.76088,1716.4,1726.9,-93.732,1,0,55.4482
50.9333,5.65132,-7.76061,1715.62,1726.12,-93.7309,1,0,55.4482
50.9417,5.64881,-7.76035,1714.83,1725.33,-93.7298,1,0,55.4482
50.95,5.64629,-7.76008,1714.05,1724.55,-93.7287,1,0,55.4482
50.9583,5.64377,-7.75982,1713.27,1723.77,-93.7277,1,0,55.4482
50.9667,5.64125,-7.75955,1712.49,1722.99,-93.7266,1,0,55.4482
50.975,5.63874,-7.75929,1711.71,1722.21,-93.7255,1,0,55.4482
50.9833,5.63622,-7.75902,1710.93,1721.43,-93.7244,1,0,55.4482
50.9917,5.6337,-7.75876,1710.15,1720.65,-93.7233,1,0,55.4482
51,5.63118,-7.75849,1709.37,1719.87,-93.7222,1,0,55.4482
51.0083,5.62867,-7.75823,1708.59,1719.09,-93.7211,1,0,55.4482
51.0167,5.62615,-7.75796,1707.8,1718.3,-93.7201,1,0,55.4482
51.025,5.62363,-7.7577,1707.02,1717.52,-93.719,1,0,55.4482
51.0333,5.62112,-7.75743,1706.24,1716.74,-93.7179,1,0,55.4482
51.0417,5.6186,-7.75717,1705.46,1715.96,-93.7168,1,0,55.4482
51.05,5.61608,-7.7569,1704.68,1715.18,-93.7157,1,0,55.4482
51.0583,5.61356,-7.75664,1703.9,1714.4,-93.7146,1,0,55.4482
51.0667,5.61105,-7.75637,1703.12,1713.62,-93.7135,1,0,55.4482
51.075,5.60853,-7.75611,1702.34,1712.84,-93.7125,1,0,55.4482
51.0833,5.60601,-7.75584,1701.56,1712.06,-93.7114,1,0,55.4482
51.0917,5.6035,-7.75558,1700.78,1711.28,-93.7103,1,0,55.4482
51.1,5.60098,-7.75531,1699.99,1710.49,-93.7092,1,0,55.4482
51.1083,5.59846,-7.75505,1699.21,1709.71,-93.7081,1,0,55.4482
51.1167,5.59594,-7.75478,1698.43,1708.93,-93.707,1,0,55.4482
51.125,5.59343,-7.75452,1697.65,1708.15,-93.706,1,0,55.4482
51.1333,5.59091,-7.75425,1696.87,1707.37,-93.7049,1,0,55.4482
51.1417,5.58839,-7.75399,1696.09,1706.59,-93.7038,1,0,55.4482
51.15,5.58588,-7.75372,1695.31,1705.81,-93.7027,1,0,55.4482
51.1583,5.58336,-7.75346,1694.53,1705.03,-93.7016,1,0,55.4482
51.1667,5.58084,-7.75319,1693.75,1704.25,-93.7005,1,0,55.4482
51.175,5.57833,-7.75293,1692.97,1703.47,-93.6994,1,0,55.4482
51.1833,5.57581,-7.75266,1692.19,1702.69,-93.6984,1,0,55.4482
51.1917,5.57329,-7.7524,1691.41,1701.91,-93.6973,1,0,55.4482
51.2,5.57078,-7.75213,1690.62,1701.12,-93.6962,1,0,55.4482
51.2083,5.56826,-7.75187,1689.84,1700.34,-93.6951,1,0,55.4482
51.2167,5.56574,-7.7516,1689.06,1699.56,-93.694,1,0,55.4482
51.225,5.56323,-7.75134,1688.28,1698.78,-93.6929,1,0,55.4482
51.2333,5.56071,-7.75107,1687.5,1698,-93.6918,1,0,55.4482
51.2417,5.55819,-7.75081,1686.72,1697.22,-93.6908,1,0,55.4482
51.25,5.55568,-7.75055,1685.94,1696.44,-93.6897,1,0,55.4482
51.2583,5.55316,-7.75028,1685.16,1695.66,-93.6886,1,0,55.4482
51.2667,5.55064,-7.75002,1684.38,1694.88,-93.6875,1,0,55.4482
51.275,5.54813,-7.74975,1683.6,1694.1,-93.6864,1,0,55.4482
51.2833,5.54561,-7.74949,1682.82,1693.32,-93.6853,1,0,55.4482
51.2917,5.5431,-7.74922,1682.04,1692.54,-93.6843,1,0,55.4482
51.3,5.54058,-7.74896,1681.26,1691.76,-93.6832,1,0,55.4482
51.3083,5.53806,-7.74869,1680.47,1690.97,-93.6821,1,0,55.4482
51.3167,5.53555,-7.74843,1679.69,1690.19,-93.681,1,0,55.4482
51.325,5.53303,-7.74816,1678.91,1689.41,-93.6799,1,0,55.4482
51.3333,5.53051,-7.7479,1678.13,1688.63,-93.6788,1,0,55.4482
51.3417,5.528,-7.74763,1677.35,1687.85,-93.6778,1,0,55.4482
51.35,5.52548,-7.74737,1676.57,1687.07,-93.6767,1,0,55.4482
51.3583,5.52297,-7.7471,1675.79,1686.29,-93.6756,1,0,55.4482
51.3667,5.52045,-7.74684,1675.01,1685.51,-93.6745,1,0,55.4482
51.375,5.51793,-7.74657,1674.23,1684.73,-93.6734,1,0,55.4482
51.3833,5.51542,-7.74631,1673.45,1683.95,-93.6723,1,0,55.4482
51.3917,5.5129,-7.74604,1672.67,1683.17,-93.6712,1,0,55.4482
51.4,5.51039,-7.74578,1671.89,1682.39,-93.6702,1,0,55.4482
51.4083,5.50787,-7.74551,1671.11,1681.61,-93.6691,1,0,55.4482
51.4167,5.50535,-7.74525,1670.33,1680.83,-93.668,1,0,55.4482
51.425,5.50284,-7.74499,1669.55,1680.05,-93.6669,1,0,55.4482
51.4333,5.50032,-7.74472,1668.77,1679.27,-93.6658,1,0,55.4482
51.4417,5.49781,-7.74446,1667.99,1678.49,-93.6647,1,0,55.4482
51.45,5.49529,-7.74419,1667.2,1677.7,-93.6637,1,0,55.4482
51.4583,5.49278,-7.74393,1666.42,1676.92,-93.6626,1,0,55.4482
51.4667,5.49026,-7.74366,1665.64,1676.14,-93.6615,1,0,55.4482
51.475,5.48774,-7.7434,1664.86,1675.36,-93.6604,1,0,55.4482
51.4833,5.48523,-7.74313,1664.08,1674.58,-93.6593,1,0,55.4482
51.4917,5.48271,-7.74287,1663.3,1673.8,-93.6582,1,0,55.4482
51.5,5.4802,-7.7426,1662.52,1673.02,-93.6572,1,0,55.4482
51.5083,5.47768,-7.74234,1661.74,1672.24,-93.6561,1,0,55.4482
51.5167,5.47517,-7.74207,1660.96,1671.46,-93.655,1,0,55.4482
51.525,5.47265,-7.74181,1660.18,1670.68,-93.6539,1,0,55.4482
51.5333,5.47013,-7.74155,1659.4,1669.9,-93.6528,1,0,55.4482
51.5417,5.46762,-7.74128,1658.62,1669.12,-93.6517,1,0,55.4482
51.55,5.4651,-7.74102,1657.84,1668.34,-93.6507,1,0,55.4482
51.5583,5.46259,-7.74075,1657.06,1667.56,-93.6496,1,0,55.4482
51.5667,5.46007,-7.74049,1656.28,1666.78,-93.6485,1,0,55.4482
51.575,5.45756,-7.74022,1655.5,1666,-93.6474,1,0,55.4482
51.5833,5.45504,-7.73996,1654.72,1665.22,-93.6463,1,0,55.4482
51.5917,5.45253,-7.73969,1653.94,1664.44,-93.6452,1,0,55.4482
51.6,5.45001,-7.73943,1653.16,1663.66,-93.6442,1,0,55.4482
51.6083,5.4475,-7.73916,1652.38,1662.88,-93.6431,1,0,55.4482
51.6167,5.44498,-7.7389,1651.6,1662.1,-93.642,1,0,55.4482
51.625,5.44247,-7.73863,1650.82,1661.32,-93.6409,1,0,55.4482
51.6333,5.43995,-7.73837,1650.03,1660.53,-93.6398,1,0,55.4482
51.6417,5.43744,-7.73811,1649.25,1659.75,-93.6387,1,0,55.4482
51.65,5.43492,-7.73784,1648.47,1658.97,-93.6377,1,0,55.4482
51.6583,5.43241,-7.73758,1647.69,1658.19,-93.6366,1,0,55.4482
51.6667,5.42989,-7.73731,1646.91,1657.41,-93.6355,1,0,55.4482
51.675,5.42738,-7.73705,1646.13,1656.63,-93.6344,1,0,55.4482
51.6833,5.42486,-7.73678,1645.35,1655.85,-93.6333,1,0,55.4482
51.6917,5.42235,-7.73652,1644.57,1655.07,-93.6322,1,0,55.4482
51.7,5.41983,-7.73625,1643.79,1654.29,-93.6312,1,0,55.4482
51.7083,5.41732,-7.73599,1643.01,1653.51,-93.6301,1,0,55.4482
51.7167,5.4148,-7.73573,1642.23,1652.73,-93.629,1,0,55.4482
51.725,5.41229,-7.73546,1641.45,1651.95,-93.6279,1,0,55.4482
51.7333,5.40977,-7.7352,1640.67,1651.17,-93.6268,1,0,55.4482
51.7417,5.40726,-7.73493,1639.89,1650.39,-93.6257,1,0,55.4482
51.75,5.40474,-7.73467,1639.11,1649.61,-93.6247,1,0,55.4482
51.7583,5.40223,-7.7344,1638.33,1648.83,-93.6236,1,0,55.4482
51.7667,5.39971,-7.73414,1637.55,1648.05,-93.6225,1,0,55.4482
51.775,5.3972,-7.73387,1636.77,1647.27,-93.6214,1,0,55.4482
51.7833,5.39468,-7.73361,1635.99,1646.49,-93.6203,1,0,55.4482
51.7917,5.39217,-7.73335,1635.21,1645.71,-93.6192,1,0,55.4482
51.8,5.38965,-7.73308,1634.43,1644.93,-93.6182,1,0,55.4482
51.8083,5.38714,-7.73282,1633.65,1644.15,-93.6171,1,0,55.4482
51.8167,5.38463,-7.73255,1632.87,1643.37,-93.616,1,0,55.4482
51.825,5.38211,-7.73229,1632.09,1642.59,-93.6149,1,0,55.4482
51.8333,5.3796,-7.73202,1631.31,1641.81,-93.6138,1,0,55.4482
51.8417,5.37708,-7.73176,1630.53,1641.03,-93.6128,1,0,55.4482
51.85,5.37457,-7.73149,1629.75,1640.25,-93.6117,1,0,55.4482
51.8583,5.37205,-7.73123,1628.97,1639.47,-93.6106,1,0,55.4482
51.8667,5.36954,-7.73097,1628.19,1638.69,-93.6095,1,0,55.4482
51.875,5.36703,-7.7307,1627.41,1637.91,-93.6084,1,0,55.4482
51.8833,5.36451,-7.73044,1626.63,1637.13,-93.6073,1,0,55.4482
51.8917,5.362,-7.73017,1625.85,1636.35,-93.6063,1,0,55.4482
51.9,5.35948,-7.72991,1625.07,1635.57,-93.6052,1,0,55.4482
51.9083,5.35697,-7.72964,1624.29,1634.79,-93.6041,1,0,55.4482
51.9167,5.35445,-7.72938,1623.51,1634.01,-93.603,1,0,55.4482
51.925,5.35194,-7.72912,1622.73,1633.23,-93.6019,1,0,55.4482
51.9333,5.34943,-7.72885,1621.95,1632.45,-93.6008,1,0,55.4482
51.9417,5.34691,-7.72859,1621.17,1631.67,-93.5998,1,0,55.4482
51.95,5.3444,-7.72832,1620.39,1630.89,-93.5987,1,0,55.4482
51.9583,5.34188,-7.72806,1619.61,1630.11,-93.5976,1,0,55.4482
51.9667,5.33937,-7.72779,1618.83,1629.33,-93.5965,1,0,55.4482
51.975,5.33686,-7.72753,1618.05,1628.55,-93.5954,1,0,55.4482
51.9833,5.33434,-7.72727,1617.27,1627.77,-93.5944,1,0,55.4482
51.9917,5.33183,-7.727,1616.49,1626.99,-93.5933,1,0,55.4482
52,5.32931,-7.72674,1615.71,1626.21,-93.5922,1,0,55.4482
52.0083,5.3268,-7.72647,1614.93,1625.43,-93.5911,1,0,55.4482
52.0167,5.32429,-7.72621,1614.15,1624.65,-93.59,1,0,55.4482
52.025,5.32177,-7.72594,1613.37,1623.87,-93.5889,1,0,55.4482
52.0333,5.31926,-7.72568,1612.59,1623.09,-93.5879,1,0,55.4482
52.0417,5.31675,-7.72542,1611.81,1622.31,-93.5868,1,0,55.4482
52.05,5.31423,-7.72515,1611.03,1621.53,-93.5857,1,0,55.4482
52.0583,5.31172,-7.72489,1610.25,1620.75,-93.5846,1,0,55.4482
52.0667,5.3092,-7.72462,1609.47,1619.97,-93.5835,1,0,55.4482
52.075,5.30669,-7.72436,1608.69,1619.19,-93.5825,1,0,55.4482
52.0833,5.30418,-7.72409,1607.91,1618.41,-93.5814,1,0,55.4482
52.0917,5.30166,-7.72383,1607.13,1617.63,-93.5803,1,0,55.4482
52.1,5.29915,-7.72357,1606.35,1616.85,-93.5792,1,0,55.4482
52.1083,5.29664,-7.7233,1605.57,1616.07,-93.5781,1,0,55.4482
52.1167,5.29412,-7.72304,1604.79,1615.29,-93.577,1,0,55.4482
52.125,5.29161,-7.72277,1604.01,1614.51,-93.576,1,0,55.4482
52.1333,5.2891,-7.72251,1603.23,1613.73,-93.5749,1,0,55.4482
52.1417,5.28658,-7.72224,1602.45,1612.95,-93.5738,1,0,55.4482
52.15,5.28407,-7.72198,1601.67,1612.17,-93.5727,1,0,55.4482
52.1583,5.28156,-7.72172,1600.89,1611.39,-93.5716,1,0,55.4482
52.1667,5.27904,-7.72145,1600.11,1610.61,-93.5706,1,0,55.4482
52.175,5.27653,-7.72119,1599.33,1609.83,-93.5695,1,0,55.4482
52.1833,5.27402,-7.72092,1598.55,1609.05,-93.5684,1,0,55.4482
52.1917,5.2715,-7.72066,1597.77,1608.27,-93.5673,1,0,55.4482
52.2,5.26899,-7.7204,1596.99,1607.49,-93.5662,1,0,55.4482
52.2083,5.26648,-7.72013,1596.21,1606.71,-93.5652,1,0,55.4482
52.2167,5.26396,-7.71987,1595.43,1605.93,-93.5641,1,0,55.4482
52.225,5.26145,-7.7196,1594.65,1605.15,-93.563,1,0,55.4482
52.2333,5.25894,-7.71934,1593.87,1604.37,-93.5619,1,0,55.4482
52.2417,5.25643,-7.71908,1593.09,1603.59,-93.5608,1,0,55.4482
52.25,5.25391,-7.71881,1592.31,1602.81,-93.5598,1,0,55.4482
52.2583,5.2514,-7.71855,1591.54,1602.04,-93.5587,1,0,55.4482
52.2667,5.24889,-7.71828,1590.76,1601.26,-93.5576,1,0,55.4482
52.275,5.24637,-7.71802,1589.98,1600.48,-93.5565,1,0,55.4482
52.2833,5.24386,-7.71775,1589.2,1599.7,-93.5554,1,0,55.4482
52.2917,5.24135,-7.71749,1588.42,1598.92,-93.5543,1,0,55.4482
52.3,5.23883,-7.71723,1587.64,1598.14,-93.5533,1,0,55.4482
52.3083,5.23632,-7.71696,1586.86,1597.36,-93.5522,1,0,55.4482
52.3167,5.23381,-7.7167,1586.08,1596.58,-93.5511,1,0,55.4482
52.325,5.2313,-7.71643,1585.3,1595.8,-93.55,1,0,55.4482
52.3333,5.22878,-7.71617,1584.52,1595.02,-93.5489,1,0,55.4482
52.3417,5.22627,-7.71591,1583.74,1594.24,-93.5479,1,0,55.4482
52.35,5.22376,-7.71564,1582.96,1593.46,-93.5468,1,0,55.4482
52.3583,5.22125,-7.71538,1582.18,1592.68,-93.5457,1,0,55.4482
52.3667,5.21873,-7.71511,1581.4,1591.9,-93.5446,1,0,55.4482
52.375,5.21622,-7.71485,1580.62,1591.12,-93.5435,1,0,55.4482
52.3833,5.21371,-7.71459,1579.84,1590.34,-93.5425,1,0,55.4482
52.3917,5.2112,-7.71432,1579.06,1589.56,-93.5414,1,0,55.4482
52.4,5.20868,-7.71406,1578.28,1588.78,-93.5403,1,0,55.4482
52.4083,5.20617,-7.71379,1577.5,1588,-93.5392,1,0,55.4482
52.4167,5.20366,-7.71353,1576.72,1587.22,-93.5381,1,0,55.4482
52.425,5.20115,-7.71327,1575.94,1586.44,-93.5371,1,0,55.4482
52.4333,5.19863,-7.713,1575.16,1585.66,-93.536,1,0,55.4482
52.4417,5.19612,-7.71274,1574.38,1584.88,-93.5349,1,0,55.4482
52.45,5.19361,-7.71247,1573.61,1584.11,-93.5338,1,0,55.4482
52.4583,5.1911,-7.71221,1572.83,1583.33,-93.5327,1,0,55.4482
52.4667,5.18858,-7.71195,1572.05,1582.55,-93.5317,1,0,55.4482
52.475,5.18607,-7.71168,1571.27,1581.77,-93.5306,1,0,55.4482
52.4833,5.18356,-7.71142,1570.49,1580.99,-93.5295,1,0,55.4482
52.4917,5.18105,-7.71116,1569.71,1580.21,-93.5284,1,0,55.4482
52.5,5.17854,-7.71089,1568.93,1579.43,-93.5273,1,0,55.4482
52.5083,5.17602,-7.71063,1568.15,1578.65,-93.5263,1,0,55.4482
52.5167,5.17351,-7.71036,1567.37,1577.87,-93.5252,1,0,55.4482
52.525,5.171,-7.7101,1566.59,1577.09,-93.5241,1,0,55.4482
52.5333,5.16849,-7.70984,1565.81,1576.31,-93.523,1,0,55.4482
52.5417,5.16598,-7.70957,1565.03,1575.53,-93.5219,1,0,55.4482
52.55,5.16346,-7.70931,1564.25,1574.75,-93.5209,1,0,55.4482
52.5583,5.16095,-7.70904,1563.47,1573.97,-93.5198,1,0,55.4482
52.5667,5.15844,-7.70878,1562.69,1573.19,-93.5187,1,0,55.4482
52.575,5.15593,-7.70852,1561.91,1572.41,-93.5176,1,0,55.4482
52.5833,5.15342,-7.70825,1561.14,1571.64,-93.5165,1,0,55.4482
52.5917,5.1509,-7.70799,1560.36,1570.86,-93.5155,1,0,55.4482
52.6,5.14839,-7.70772,1559.58,1570.08,-93.5144,1,0,55.4482
52.6083,5.14588,-7.70746,1558.8,1569.3,-93.5133,1,0,55.4482
52.6167,5.14337,-7.7072,1558.02,1568.52,-93.5122,1,0,55.4482
52.625,5.14086,-7.70693,1557.24,1567.74,-93.5111,1,0,55.4482
52.6333,5.13835,-7.70667,1556.46,1566.96,-93.5101,1,0,55.4482
52.6417,5.13583,-7.70641,1555.68,1566.18,-93.509,1,0,55.4482
52.65,5.13332,-7.70614,1554.9,1565.4,-93.5079,1,0,55.4482
52.6583,5.13081,-7.70588,1554.12,1564.62,-93.5068,1,0,55.4482
52.6667,5.1283,-7.70561,1553.34,1563.84,-93.5057,1,0,55.4482
52.675,5.12579,-7.70535,1552.56,1563.06,-93.5047,1,0,55.4482
52.6833,5.12328,-7.70509,1551.78,1562.28,-93.5036,1,0,55.4482
52.6917,5.12077,-7.70482,1551.01,1561.51,-93.5025,1,0,55.4482
52.7,5.11825,-7.70456,1550.23,1560.73,-93.5014,1,0,55.4482
52.7083,5.11574,-7.7043,1549.45,1559.95,-93.5003,1,0,55.4482
52.7167,5.11323,-7.70403,1548.67,1559.17,-93.4993,1,0,55.4482
52.725,5.11072,-7.70377,1547.89,1558.39,-93.4982,1,0,55.4482
52.7333,5.10821,-7.7035,1547.11,1557.61,-93.4971,1,0,55.4482
52.7417,5.1057,-7.70324,1546.33,1556.83,-93.496,1,0,55.4482
52.75,5.10319,-7.70298,1545.55,1556.05,-93.495,1,0,55.4482
52.7583,5.10067,-7.70271,1544.77,1555.27,-93.4939,1,0,55.4482
52.7667,5.09816,-7.70245,1543.99,1554.49,-93.4928,1,0,55.4482
52.775,5.09565,-7.70219,1543.21,1553.71,-93.4917,1,0,55.4482
52.7833,5.09314,-7.70192,1542.43,1552.93,-93.4906,1,0,55.4482
52.7917,5.09063,-7.70166,1541.66,1552.16,-93.4896,1,0,55.4482
52.8,5.08812,-7.70139,1540.88,1551.38,-93.4885,1,0,55.4482
52.8083,5.08561,-7.70113,1540.1,1550.6,-93.4874,1,0,55.4482
52.8167,5.0831,-7.70087,1539.32,1549.82,-93.4863,1,0,55.4482
52.825,5.08059,-7.7006,1538.54,1549.04,-93.4852,1,0,55.4482
52.8333,5.07808,-7.70034,1537.76,1548.26,-93.4842,1,0,55.4482
52.8417,5.07556,-7.70008,1536.98,1547.48,-93.4831,1,0,55.4482
52.85,5.07305,-7.69981,1536.2,1546.7,-93.482,1,0,55.4482
52.8583,5.07054,-7.69955,1535.42,1545.92,-93.4809,1,0,55.4482
52.8667,5.06803,-7.69928,1534.64,1545.14,-93.4798,1,0,55.4482
52.875,5.06552,-7.69902,1533.86,1544.36,-93.4788,1,0,55.4482
52.8833,5.06301,-7.69876,1533.09,1543.59,-93.4777,1,0,55.4482
52.8917,5.0605,-7.69849,1532.31,1542.81,-93.4766,1,0,55.4482
52.9,5.05799,-7.69823,1531.53,1542.03,-93.4755,1,0,55.4482
52.9083,5.05548,-7.69797,1530.75,1541.25,-93.4745,1,0,55.4482
52.9167,5.05297,-7.6977,1529.97,1540.47,-93.4734,1,0,55.4482
52.925,5.05046,-7.69744,1529.19,1539.69,-93.4723,1,0,55.4482
52.9333,5.04795,-7.69718,1528.41,1538.91,-93.4712,1,0,55.4482
52.9417,5.04544,-7.69691,1527.63,1538.13,-93.4701,1,0,55.4482
52.95,5.04292,-7.69665,1526.85,1537.35,-93.4691,1,0,55.4482
52.9583,5.04041,-7.69638,1526.08,1536.58,-93.468,1,0,55.4482
52.9667,5.0379,-7.69612,1525.3,1535.8,-93.4669,1,0,55.4482
52.975,5.03539,-7.69586,1524.52,1535.02,-93.4658,1,0,55.4482
52.9833,5.03288,-7.69559,1523.74,1534.24,-93.4648,1,0,55.4482
52.9917,5.03037,-7.69533,1522.96,1533.46,-93.4637,1,0,55.4482
53,5.02786,-7.69507,1522.18,1532.68,-93.4626,1,0,55.4482
53.0083,5.02535,-7.6948,1521.4,1531.9,-93.4615,1,0,55.4482
53.0167,5.02284,-7.69454,1520.62,1531.12,-93.4604,1,0,55.4482
53.025,5.02033,-7.69428,1519.84,1530.34,-93.4594,1,0,55.4482
53.0333,5.01782,-7.69401,1519.07,1529.57,-93.4583,1,0,55.4482
53.0417,5.01531,-7.69375,1518.29,1528.79,-93.4572,1,0,55.4482
53.05,5.0128,-7.69349,1517.51,1528.01,-93.4561,1,0,55.4482
53.0583,5.01029,-7.69322,1516.73,1527.23,-93.455,1,0,55.4482
53.0667,5.00778,-7.69296,1515.95,1526.45,-93.454,1,0,55.4482
53.075,5.00527,-7.69269,1515.17,1525.67,-93.4529,1,0,55.4482
53.0833,5.00276,-7.69243,1514.39,1524.89,-93.4518,1,0,55.4482
53.0917,5.00025,-7.69217,1513.61,1524.11,-93.4507,1,0,55.4482
53.1,4.99774,-7.6919,1512.84,1523.34,-93.4497,1,0,55.4482
53.1083,4.99523,-7.69164,1512.06,1522.56,-93.4486,1,0,55.4482
53.1167,4.99272,-7.69138,1511.28,1521.78,-93.4475,1,0,55.4482
53.125,4.99021,-7.69111,1510.5,1521,-93.4464,1,0,55.4482
53.1333,4.9877,-7.69085,1509.72,1520.22,-93.4453,1,0,55.4482
53.1417,4.98519,-7.69059,1508.94,1519.44,-93.4443,1,0,55.4482
53.15,4.98268,-7.69032,1508.16,1518.66,-93.4432,1,0,55.4482
53.1583,4.98017,-7.69006,1507.38,1517.88,-93.4421,1,0,55.4482
53.1667,4.97766,-7.6898,1506.61,1517.11,-93.441,1,0,55.4482
53.175,4.97515,-7.68953,1505.83,1516.33,-93.44,1,0,55.4482
53.1833,4.97264,-7.68927,1505.05,1515.55,-93.4389,1,0,55.4482
53.1917,4.97013,-7.68901,1504.27,1514.77,-93.4378,1,0,55.4482
53.2,4.96762,-7.68874,1503.49,1513.99,-93.4367,1,0,55.4482
53.2083,4.96511,-7.68848,1502.71,1513.21,-93.4357,1,0,55.4482
53.2167,4.9626,-7.68822,1501.93,1512.43,-93.4346,1,0,55.4482
53.225,4.96009,-7.68795,1501.16,1511.66,-93.4335,1,0,55.4482
53.2333,4.95758,-7.68769,1500.38,1510.88,-93.4324,1,0,55.4482
53.2417,4.95507,-7.68743,1499.6,1510.1,-93.4313,1,0,55.4482
53.25,4.95256,-7.68716,1498.82,1509.32,-93.4303,1,0,55.4482
53.2583,4.95005,-7.6869,1498.04,1508.54,-93.4292,1,0,55.4482
53.2667,4.94755,-7.68664,1497.26,1507.76,-93.4281,1,0,55.4482
53.275,4.94504,-7.68637,1496.48,1506.98,-93.427,1,0,55.4482
53.2833,4.94253,-7.68611,1495.71,1506.21,-93.426,1,0,55.4482
53.2917,4.94002,-7.68585,1494.93,1505.43,-93.4249,1,0,55.4482
53.3,4.93751,-7.68558,1494.15,1504.65,-93.4238,1,0,55.4482
53.3083,4.935,-7.68532,1493.37,1503.87,-93.4227,1,0,55.4482
53.3167,4.93249,-7.68506,1492.59,1503.09,-93.4216,1,0,55.4482
53.325,4.92998,-7.68479,1491.81,1502.31,-93.4206,1,0,55.4482
53.3333,4.92747,-7.68453,1491.03,1501.53,-93.4195,1,0,55.4482
53.3417,4.92496,-7.68427,1490.26,1500.76,-93.4184,1,0,55.4482
53.35,4.92245,-7.684,1489.48,1499.98,-93.4173,1,0,55.4482
53.3583,4.91994,-7.68374,1488.7,1499.2,-93.4163,1,0,55.4482
53.3667,4.91743,-7.68348,1487.92,1498.42,-93.4152,1,0,55.4482
53.375,4.91493,-7.68321,1487.14,1497.64,-93.4141,1,0,55.4482
53.3833,4.91242,-7.68295,1486.36,1496.86,-93.413,1,0,55.4482
53.3917,4.90991,-7.68269,1485.58,1496.08,-93.412,1,0,55.4482
53.4,4.9074,-7.68242,1484.81,1495.31,-93.4109,1,0,55.4482
53.4083,4.90489,-7.68216,1484.03,1494.53,-93.4098,1,0,55.4482
53.4167,4.90238,-7.6819,1483.25,1493.75,-93.4087,1,0,55.4482
53.425,4.89987,-7.68163,1482.47,1492.97,-93.4077,1,0,55.4482
53.4333,4.89736,-7.68137,1481.69,1492.19,-93.4066,1,0,55.4482
53.4417,4.89485,-7.68111,1480.91,1491.41,-93.4055,1,0,55.4482
53.45,4.89234,-7.68084,1480.14,1490.64,-93.4044,1,0,55.4482
53.4583,4.88984,-7.68058,1479.36,1489.86,-93.4033,1,0,55.4482
53.4667,4.88733,-7.68032,1478.58,1489.08,-93.4023,1,0,55.4482
53.475,4.88482,-7.68005,1477.8,1488.3,-93.4012,1,0,55.4482
53.4833,4.88231,-7.67979,1477.02,1487.52,-93.4001,1,0,55.4482
53.4917,4.8798,-7.67953,1476.24,1486.74,-93.399,1,0,55.4482
53.5,4.87729,-7.67926,1475.47,1485.97,-93.398,1,0,55.4482
53.5083,4.87478,-7.679,1474.69,1485.19,-93.3969,1,0,55.4482
53.5167,4.87228,-7.67874,1473.91,1484.41,-93.3958,1,0,55.4482
53.525,4.86977,-7.67847,1473.13,1483.63,-93.3947,1,0,55.4482
53.5333,4.86726,-7.67821,1472.35,1482.85,-93.3937,1,0,55.4482
53.5417,4.86475,-7.67795,1471.57,1482.07,-93.3926,1,0,55.4482
53.55,4.86224,-7.67768,1470.8,1481.3,-93.3915,1,0,55.4482
53.5583,4.85973,-7.67742,1470.02,1480.52,-93.3904,1,0,55.4482
53.5667,4.85722,-7.67716,1469.24,1479.74,-93.3894,1,0,55.4482
53.575,4.85472,-7.6769,1468.46,1478.96,-93.3883,1,0,55.4482
53.5833,4.85221,-7.67663,1467.68,1478.18,-93.3872,1,0,55.4482
53.5917,4.8497,-7.67637,1466.9,1477.4,-93.3861,1,0,55.4482
53.6,4.84719,-7.67611,1466.13,1476.63,-93.3851,1,0,55.4482
53.6083,4.84468,-7.67584,1465.35,1475.85,-93.384,1,0,55.4482
53.6167,4.84217,-7.67558,1464.57,1475.07,-93.3829,1,0,55.4482
53.625,4.83967,-7.67532,1463.79,1474.29,-93.3818,1,0,55.4482
53.6333,4.83716,-7.67505,1463.01,1473.51,-93.3807,1,0,55.4482
53.6417,4.83465,-7.67479,1462.24,1472.74,-93.3797,1,0,55.4482
53.65,4.83214,-7.67453,1461.46,1471.96,-93.3786,1,0,55.4482
53.6583,4.82963,-7.67426,1460.68,1471.18,-93.3775,1,0,55.4482
53.6667,4.82713,-7.674,1459.9,1470.4,-93.3764,1,0,55.4482
53.675,4.82462,-7.67374,1459.12,1469.62,-93.3754,1,0,55.4482
53.6833,4.82211,-7.67347,1458.34,1468.84,-93.3743,1,0,55.4482
53.6917,4.8196,-7.67321,1457.57,1468.07,-93.3732,1,0,55.4482
53.7,4.81709,-7.67295,1456.79,1467.29,-93.3721,1,0,55.4482
53.7083,4.81459,-7.67269,1456.01,1466.51,-93.3711,1,0,55.4482
53.7167,4.81208,-7.67242,1455.23,1465.73,-93.37,1,0,55.4482
53.725,4.80957,-7.67216,1454.45,1464.95,-93.3689,1,0,55.4482
53.7333,4.80706,-7.6719,1453.68,1464.18,-93.3678,1,0,55.4482
53.7417,4.80455,-7.67163,1452.9,1463.4,-93.3668,1,0,55.4482
53.75,4.80205,-7.67137,1452.12,1462.62,-93.3657,1,0,55.4482
53.7583,4.79954,-7.67111,1451.34,1461.84,-93.3646,1,0,55.4482
53.7667,4.79703,-7.67084,1450.56,1461.06,-93.3635,1,0,55.4482
53.775,4.79452,-7.67058,1449.79,1460.29,-93.3625,1,0,55.4482
53.7833,4.79202,-7.67032,1449.01,1459.51,-93.3614,1,0,55.4482
53.7917,4.78951,-7.67006,1448.23,1458.73,-93.3603,1,0,55.4482
53.8,4.787,-7.66979,1447.45,1457.95,-93.3592,1,0,55.4482
53.8083,4.78449,-7.66953,1446.67,1457.17,-93.3582,1,0,55.4482
53.8167,4.78199,-7.66927,1445.9,1456.4,-93.3571,1,0,55.4482
53.825,4.77948,-7.669,1445.12,1455.62,-93.356,1,0,55.4482
53.8333,4.77697,-7.66874,1444.34,1454.84,-93.3549,1,0,55.4482
53.8417,4.77446,-7.66848,1443.56,1454.06,-93.3539,1,0,55.4482
53.85,4.77196,-7.66821,1442.78,1453.28,-93.3528,1,0,55.4482
53.8583,4.76945,-7.66795,1442.01,1452.51,-93.3517,1,0,55.4482
53.8667,4.76694,-7.66769,1441.23,1451.73,-93.3506,1,0,55.4482
53.875,4.76443,-7.66743,1440.45,1450.95,-93.3496,1,0,55.4482
53.8833,4.76193,-7.66716,1439.67,1450.17,-93.3485,1,0,55.4482
53.8917,4.75942,-7.6669,1438.89,1449.39,-93.3474,1,0,55.4482
53.9,4.75691,-7.66664,1438.12,1448.62,-93.3463,1,0,55.4482
53.9083,4.7544,-7.66637,1437.34,1447.84,-93.3453,1,0,55.4482
53.9167,4.7519,-7.66611,1436.56,1447.06,-93.3442,1,0,55.4482
53.925,4.74939,-7.66585,1435.78,1446.28,-93.3431,1,0,55.4482
53.9333,4.74688,-7.66559,1435.01,1445.51,-93.342,1,0,55.4482
53.9417,4.74438,-7.66532,1434.23,1444.73,-93.341,1,0,55.4482
53.95,4.74187,-7.66506,1433.45,1443.95,-93.3399,1,0,55.4482
53.9583,4.73936,-7.6648,1432.67,1443.17,-93.3388,1,0,55.4482
53.9667,4.73685,-7.66453,1431.89,1442.39,-93.3377,1,0,55.4482
53.975,4.73435,-7.66427,1431.12,1441.62,-93.3367,1,0,55.4482
53.9833,4.73184,-7.66401,1430.34,1440.84,-93.3356,1,0,55.4482
53.9917,4.72933,-7.66375,1429.56,1440.06,-93.3345,1,0,55.4482
54,4.72683,-7.66348,1428.78,1439.28,-93.3334,1,0,55.4482
54.0083,4.72432,-7.66322,1428,1438.5,-93.3324,1,0,55.4482
54.0167,4.72181,-7.66296,1427.23,1437.73,-93.3313,1,0,55.4482
54.025,4.71931,-7.66269,1426.45,1436.95,-93.3302,1,0,55.4482
54.0333,4.7168,-7.66243,1425.67,1436.17,-93.3291,1,0,55.4482
54.0417,4.71429,-7.66217,1424.89,1435.39,-93.3281,1,0,55.4482
54.05,4.71179,-7.66191,1424.12,1434.62,-93.327,1,0,55.4482
54.0583,4.70928,-7.66164,1423.34,1433.84,-93.3259,1,0,55.4482
54.0667,4.70677,-7.66138,1422.56,1433.06,-93.3248,1,0,55.4482
54.075,4.70427,-7.66112,1421.78,1432.28,-93.3238,1,0,55.4482
54.0833,4.70176,-7.66085,1421.01,1431.51,-93.3227,1,0,55.4482
54.0917,4.69925,-7.66059,1420.23,1430.73,-93.3216,1,0,55.4482
54.1,4.69675,-7.66033,1419.45,1429.95,-93.3206,1,0,55.4482
54.1083,4.69424,-7.66007,1418.67,1429.17,-93.3195,1,0,55.4482
54.1167,4.69173,-7.6598,1417.89,1428.39,-93.3184,1,0,55.4482
54.125,4.68923,-7.65954,1417.12,1427.62,-93.3173,1,0,55.4482
54.1333,4.68672,-7.65928,1416.34,1426.84,-93.3163,1,0,55.4482
54.1417,4.68421,-7.65901,1415.56,1426.06,-93.3152,1,0,55.4482
54.15,4.68171,-7.65875,1414.78,1425.28,-93.3141,1,0,55.4482
54.1583,4.6792,-7.65849,1414.01,1424.51,-93.313,1,0,55.4482
54.1667,4.67669,-7.65823,1413.23,1423.73,-93.312,1,0,55.4482
54.175,4.67419,-7.65796,1412.45,1422.95,-93.3109,1,0,55.4482
54.1833,4.67168,-7.6577,1411.67,1422.17,-93.3098,1,0,55.4482
54.1917,4.66918,-7.65744,1410.9,1421.4,-93.3087,1,0,55.4482
54.2,4.66667,-7.65718,1410.12,1420.62,-93.3077,1,0,55.4482
54.2083,4.66416,-7.65691,1409.34,1419.84,-93.3066,1,0,55.4482
54.2167,4.66166,-7.65665,1408.56,1419.06,-93.3055,1,0,55.4482
54.225,4.65915,-7.65639,1407.79,1418.29,-93.3044,1,0,55.4482
54.2333,4.65664,-7.65613,1407.01,1417.51,-93.3034,1,0,55.4482
54.2417,4.65414,-7.65586,1406.23,1416.73,-93.3023,1,0,55.4482
54.25,4.65163,-7.6556,1405.45,1415.95,-93.3012,1,0,55.4482
54.2583,4.64913,-7.65534,1404.68,1415.18,-93.3002,1,0,55.4482
54.2667,4.64662,-7.65507,1403.9,1414.4,-93.2991,1,0,55.4482
54.275,4.64411,-7.65481,1403.12,1413.62,-93.298,1,0,55.4482
54.2833,4.64161,-7.65455,1402.34,1412.84,-93.2969,1,0,55.4482
54.2917,4.6391,-7.65429,1401.57,1412.07,-93.2959,1,0,55.4482
54.3,4.6366,-7.65402,1400.79,1411.29,-93.2948,1,0,55.4482
54.3083,4.63409,-7.65376,1400.01,1410.51,-93.2937,1,0,55.4482
54.3167,4.63159,-7.6535,1399.23,1409.73,-93.2926,1,0,55.4482
54.325,4.62908,-7.65324,1398.46,1408.96,-93.2916,1,0,55.4482
54.3333,4.62657,-7.65297,1397.68,1408.18,-93.2905,1,0,55.4482
54.3417,4.62407,-7.65271,1396.9,1407.4,-93.2894,1,0,55.4482
54.35,4.62156,-7.65245,1396.12,1406.62,-93.2883,1,0,55.4482
54.3583,4.61906,-7.65219,1395.35,1405.85,-93.2873,1,0,55.4482
54.3667,4.61655,-7.65192,1394.57,1405.07,-93.2862,1,0,55.4482
54.375,4.61405,-7.65166,1393.79,1404.29,-93.2851,1,0,55.4482
54.3833,4.61154,-7.6514,1393.01,1403.51,-93.2841,1,0,55.4482
54.3917,4.60903,-7.65114,1392.24,1402.74,-93.283,1,0,55.4482
54.4,4.60653,-7.65087,1391.46,1401.96,-93.2819,1,0,55.4482
54.4083,4.60402,-7.65061,1390.68,1401.18,-93.2808,1,0,55.4482
54.4167,4.60152,-7.65035,1389.9,1400.4,-93.2798,1,0,55.4482
54.425,4.59901,-7.65009,1389.13,1399.63,-93.2787,1,0,55.4482
54.4333,4.59651,-7.64982,1388.35,1398.85,-93.2776,1,0,55.4482
54.4417,4.594,-7.64956,1387.57,1398.07,-93.2765,1,0,55.4482
54.45,4.5915,-7.6493,1386.8,1397.3,-93.2755,1,0,55.4482
54.4583,4.58899,-7.64904,1386.02,1396.52,-93.2744,1,0,55.4482
54.4667,4.58649,-7.64877,1385.24,1395.74,-93.2733,1,0,55.4482
54.475,4.58398,-7.64851,1384.46,1394.96,-93.2723,1,0,55.4482
54.4833,4.58147,-7.64825,1383.69,1394.19,-93.2712,1,0,55.4482
54.4917,4.57897,-7.64798,1382.91,1393.41,-93.2701,1,0,55.4482
54.5,4.57646,-7.64772,1382.13,1392.63,-93.269,1,0,55.4482
54.5083,4.57396,-7.64746,1381.35,1391.85,-93.268,1,0,55.4482
54.5167,4.57145,-7.6472,1380.58,1391.08,-93.2669,1,0,55.4482
54.525,4.56895,-7.64694,1379.8,1390.3,-93.2658,1,0,55.4482
54.5333,4.56644,-7.64667,1379.02,1389.52,-93.2647,1,0,55.4482
54.5417,4.56394,-7.64641,1378.25,1388.75,-93.2637,1,0,55.4482
54.55,4.56143,-7.64615,1377.47,1387.97,-93.2626,1,0,55.4482
54.5583,4.55893,-7.64589,1376.69,1387.19,-93.2615,1,0,55.4482
54.5667,4.55642,-7.64562,1375.91,1386.41,-93.2605,1,0,55.4482
54.575,4.55392,-7.64536,1375.14,1385.64,-93.2594,1,0,55.4482
54.5833,4.55141,-7.6451,1374.36,1384.86,-93.2583,1,0,55.4482
54.5917,4.54891,-7.64484,1373.58,1384.08,-93.2572,1,0,55.4482
54.6,4.5464,-7.64457,1372.81,1383.31,-93.2562,1,0,55.4482
54.6083,4.5439,-7.64431,1372.03,1382.53,-93.2551,1,0,55.4482
54.6167,4.54139,-7.64405,1371.25,1381.75,-93.254,1,0,55.4482
54.625,4.53889,-7.64379,1370.47,1380.97,-93.2529,1,0,55.4482
54.6333,4.53639,-7.64352,1369.7,1380.2,-93.2519,1,0,55.4482
54.6417,4.53388,-7.64326,1368.92,1379.42,-93.2508,1,0,55.4482
54.65,4.53138,-7.643,1368.14,1378.64,-93.2497,1,0,55.4482
54.6583,4.52887,-7.64274,1367.37,1377.87,-93.2487,1,0,55.4482
54.6667,4.52637,-7.64247,1366.59,1377.09,-93.2476,1,0,55.4482
54.675,4.52386,-7.64221,1365.81,1376.31,-93.2465,1,0,55.4482
54.6833,4.52136,-7.64195,1365.03,1375.53,-93.2454,1,0,55.4482
54.6917,4.51885,-7.64169,1364.26,1374.76,-93.2444,1,0,55.4482
54.7,4.51635,-7.64142,1363.48,1373.98,-93.2433,1,0,55.4482
54.7083,4.51384,-7.64116,1362.7,1373.2,-93.2422,1,0,55.4482
54.7167,4.51134,-7.6409,1361.93,1372.43,-93.2412,1,0,55.4482
54.725,4.50884,-7.64064,1361.15,1371.65,-93.2401,1,0,55.4482
54.7333,4.50633,-7.64038,1360.37,1370.87,-93.239,1,0,55.4482
54.7417,4.50383,-7.64011,1359.6,1370.1,-93.2379,1,0,55.4482
54.75,4.50132,-7.63985,1358.82,1369.32,-93.2369,1,0,55.4482
54.7583,4.49882,-7.63959,1358.04,1368.54,-93.2358,1,0,55.4482
54.7667,4.49631,-7.63933,1357.26,1367.76,-93.2347,1,0,55.4482
54.775,4.49381,-7.63906,1356.49,1366.99,-93.2337,1,0,55.4482
54.7833,4.49131,-7.6388,1355.71,1366.21,-93.2326,1,0,55.4482
54.7917,4.4888,-7.63854,1354.93,1365.43,-93.2315,1,0,55.4482
54.8,4.4863,-7.63828,1354.16,1364.66,-93.2304,1,0,55.4482
54.8083,4.48379,-7.63801,1353.38,1363.88,-93.2294,1,0,55.4482
54.8167,4.48129,-7.63775,1352.6,1363.1,-93.2283,1,0,55.4482
54.825,4.47878,-7.63749,1351.83,1362.33,-93.2272,1,0,55.4482
54.8333,4.47628,-7.63723,1351.05,1361.55,-93.2262,1,0,55.4482
54.8417,4.47378,-7.63697,1350.27,1360.77,-93.2251,1,0,55.4482
54.85,4.47127,-7.6367,1349.5,1360,-93.224,1,0,55.4482
54.8583,4.46877,-7.63644,1348.72,1359.22,-93.2229,1,0,55.4482
54.8667,4.46626,-7.63618,1347.94,1358.44,-93.2219,1,0,55.4482
54.875,4.46376,-7.63592,1347.16,1357.66,-93.2208,1,0,55.4482
54.8833,4.46126,-7.63565,1346.39,1356.89,-93.2197,1,0,55.4482
54.8917,4.45875,-7.63539,1345.61,1356.11,-93.2187,1,0,55.4482
54.9,4.45625,-7.63513,1344.83,1355.33,-93.2176,1,0,55.4482
54.9083,4.45375,-7.63487,1344.06,1354.56,-93.2165,1,0,55.4482
54.9167,4.45124,-7.63461,1343.28,1353.78,-93.2154,1,0,55.4482
54.925,4.44874,-7.63434,1342.5,1353,-93.2144,1,0,55.4482
54.9333,4.44623,-7.63408,1341.73,1352.23,-93.2133,1,0,55.4482
54.9417,4.44373,-7.63382,1340.95,1351.45,-93.2122,1,0,55.4482
54.95,4.44123,-7.63356,1340.17,1350.67,-93.2112,1,0,55.4482
54.9583,4.43872,-7.63329,1339.4,1349.9,-93.2101,1,0,55.4482
54.9667,4.43622,-7.63303,1338.62,1349.12,-93.209,1,0,55.4482
54.975,4.43372,-7.63277,1337.84,1348.34,-93.2079,1,0,55.4482
54.9833,4.43121,-7.63251,1337.07,1347.57,-93.2069,1,0,55.4482
54.9917,4.42871,-7.63225,1336.29,1346.79,-93.2058,1,0,55.4482
55,4.42621,-7.63198,1335.51,1346.01,-93.2047,1,0,55.4482
55.0083,4.4237,-7.63172,1334.74,1345.24,-93.2037,1,0,55.4482
55.0167,4.4212,-7.63146,1333.96,1344.46,-93.2026,1,0,55.4482
55.025,4.4187,-7.6312,1333.18,1343.68,-93.2015,1,0,55.4482
55.0333,4.41619,-7.63094,1332.41,1342.91,-93.2005,1,0,55.4482
55.0417,4.41369,-7.63067,1331.63,1342.13,-93.1994,1,0,55.4482
55.05,4.41119,-7.63041,1330.85,1341.35,-93.1983,1,0,55.4482
55.0583,4.40868,-7.63015,1330.08,1340.58,-93.1972,1,0,55.4482
55.0667,4.40618,-7.62989,1329.3,1339.8,-93.1962,1,0,55.4482
55.075,4.40368,-7.62963,1328.52,1339.02,-93.1951,1,0,55.4482
55.0833,4.40117,-7.62936,1327.75,1338.25,-93.194,1,0,55.4482
55.0917,4.39867,-7.6291,1326.97,1337.47,-93.193,1,0,55.4482
55.1,4.39617,-7.62884,1326.19,1336.69,-93.1919,1,0,55.4482
55.1083,4.39366,-7.62858,1325.42,1335.92,-93.1908,1,0,55.4482
55.1167,4.39116,-7.62831,1324.64,1335.14,-93.1897,1,0,55.4482
55.125,4.38866,-7.62805,1323.86,1334.36,-93.1887,1,0,55.4482
55.1333,4.38615,-7.62779,1323.09,1333.59,-93.1876,1,0,55.4482
55.1417,4.38365,-7.62753,1322.31,1332.81,-93.1865,1,0,55.4482
55.15,4.38115,-7.62727,1321.53,1332.03,-93.1855,1,0,55.4482
55.1583,4.37865,-7.627,1320.76,1331.26,-93.1844,1,0,55.4482
55.1667,4.37614,-7.62674,1319.98,1330.48,-93.1833,1,0,55.4482
55.175,4.37364,-7.62648,1319.2,1329.7,-93.1823,1,0,55.4482
55.1833,4.37114,-7.62622,1318.43,1328.93,-93.1812,1,0,55.4482
55.1917,4.36863,-7.62596,1317.65,1328.15,-93.1801,1,0,55.4482
55.2,4.36613,-7.62569,1316.87,1327.37,-93.179,1,0,55.4482
55.2083,4.36363,-7.62543,1316.1,1326.6,-93.178,1,0,55.4482
55.2167,4.36113,-7.62517,1315.32,1325.82,-93.1769,1,0,55.4482
55.225,4.35862,-7.62491,1314.55,1325.05,-93.1758,1,0,55.4482
55.2333,4.35612,-7.62465,1313.77,1324.27,-93.1748,1,0,55.4482
55.2417,4.35362,-7.62438,1312.99,1323.49,-93.1737,1,0,55.4482
55.25,4.35112,-7.62412,1312.22,1322.72,-93.1726,1,0,55.4482
55.2583,4.34861,-7.62386,1311.44,1321.94,-93.1716,1,0,55.4482
55.2667,4.34611,-7.6236,1310.66,1321.16,-93.1705,1,0,55.4482
55.275,4.34361,-7.62334,1309.89,1320.39,-93.1694,1,0,55.4482
55.2833,4.34111,-7.62308,1309.11,1319.61,-93.1683,1,0,55.4482
55.2917,4.3386,-7.62281,1308.33,1318.83,-93.1673,1,0,55.4482
55.3,4.3361,-7.62255,1307.56,1318.06,-93.1662,1,0,55.4482
55.3083,4.3336,-7.62229,1306.78,1317.28,-93.1651,1,0,55.4482
55.3167,4.3311,-7.62203,1306,1316.5,-93.1641,1,0,55.4482
55.325,4.32859,-7.62177,1305.23,1315.73,-93.163,1,0,55.4482
55.3333,4.32609,-7.6215,1304.45,1314.95,-93.1619,1,0,55.4482
55.3417,4.32359,-7.62124,1303.68,1314.18,-93.1609,1,0,55.4482
55.35,4.32109,-7.62098,1302.9,1313.4,-93.1598,1,0,55.4482
55.3583,4.31858,-7.62072,1302.12,1312.62,-93.1587,1,0,55.4482
55.3667,4.31608,-7.62046,1301.35,1311.85,-93.1577,1,0,55.4482
55.375,4.31358,-7.62019,1300.57,1311.07,-93.1566,1,0,55.4482
55.3833,4.31108,-7.61993,1299.79,1310.29,-93.1555,1,0,55.4482
55.3917,4.30858,-7.61967,1299.02,1309.52,-93.1544,1,0,55.4482
55.4,4.30607,-7.61941,1298.24,1308.74,-93.1534,1,0,55.4482
55.4083,4.30357,-7.61915,1297.46,1307.96,-93.1523,1,0,55.4482
55.4167,4.30107,-7.61889,1296.69,1307.19,-93.1512,1,0,55.4482
55.425,4.29857,-7.61862,1295.91,1306.41,-93.1502,1,0,55.4482
55.4333,4.29607,-7.61836,1295.14,1305.64,-93.1491,1,0,55.4482
55.4417,4.29356,-7.6181,1294.36,1304.86,-93.148,1,0,55.4482
55.45,4.29106,-7.61784,1293.58,1304.08,-93.147,1,0,55.4482
55.4583,4.28856,-7.61758,1292.81,1303.31,-93.1459,1,0,55.4482
55.4667,4.28606,-7.61731,1292.03,1302.53,-93.1448,1,0,55.4482
55.475,4.28356,-7.61705,1291.26,1301.76,-93.1438,1,0,55.4482
55.4833,4.28105,-7.61679,1290.48,1300.98,-93.1427,1,0,55.4482
55.4917,4.27855,-7.61653,1289.7,1300.2,-93.1416,1,0,55.4482
55.5,4.27605,-7.61627,1288.93,1299.43,-93.1405,1,0,55.4482
55.5083,4.27355,-7.61601,1288.15,1298.65,-93.1395,1,0,55.4482
55.5167,4.27105,-7.61574,1287.37,1297.87,-93.1384,1,0,55.4482
55.525,4.26855,-7.61548,1286.6,1297.1,-93.1373,1,0,55.4482
55.5333,4.26604,-7.61522,1285.82,1296.32,-93.1363,1,0,55.4482
55.5417,4.26354,-7.61496,1285.05,1295.55,-93.1352,1,0,55.4482
55.55,4.26104,-7.6147,1284.27,1294.77,-93.1341,1,0,55.4482
55.5583,4.25854,-7.61443,1283.49,1293.99,-93.1331,1,0,55.4482
55.5667,4.25604,-7.61417,1282.72,1293.22,-93.132,1,0,55.4482
55.575,4.25354,-7.61391,1281.94,1292.44,-93.1309,1,0,55.4482
55.5833,4.25103,-7.61365,1281.17,1291.67,-93.1299,1,0,55.4482
55.5917,4.24853,-7.61339,1280.39,1290.89,-93.1288,1,0,55.4482
55.6,4.24603,-7.61313,1279.61,1290.11,-93.1277,1,0,55.4482
55.6083,4.24353,-7.61286,1278.84,1289.34,-93.1266,1,0,55.4482
55.6167,4.24103,-7.6126,1278.06,1288.56,-93.1256,1,0,55.4482
55.625,4.23853,-7.61234,1277.28,1287.78,-93.1245,1,0,55.4482
55.6333,4.23603,-7.61208,1276.51,1287.01,-93.1234,1,0,55.4482
55.6417,4.23353,-7.61182,1275.73,1286.23,-93.1224,1,0,55.4482
55.65,4.23102,-7.61156,1274.96,1285.46,-93.1213,1,0,55.4482
55.6583,4.22852,-7.61129,1274.18,1284.68,-93.1202,1,0,55.4482
55.6667,4.22602,-7.61103,1273.4,1283.9,-93.1192,1,0,55.4482
55.675,4.22352,-7.61077,1272.63,1283.13,-93.1181,1,0,55.4482
55.6833,4.22102,-7.61051,1271.85,1282.35,-93.117,1,0,55.4482
55.6917,4.21852,-7.61025,1271.08,1281.58,-93.116,1,0,55.4482
55.7,4.21602,-7.60999,1270.3,1280.8,-93.1149,1,0,55.4482
55.7083,4.21352,-7.60972,1269.52,1280.02,-93.1138,1,0,55.4482
55.7167,4.21102,-7.60946,1268.75,1279.25,-93.1128,1,0,55.4482
55.725,4.20851,-7.6092,1267.97,1278.47,-93.1117,1,0,55.4482
55.7333,4.20601,-7.60894,1267.2,1277.7,-93.1106,1,0,55.4482
55.7417,4.20351,-7.60868,1266.42,1276.92,-93.1096,1,0,55.4482
55.75,4.20101,-7.60842,1265.65,1276.15,-93.1085,1,0,55.4482
55.7583,4.19851,-7.60816,1264.87,1275.37,-93.1074,1,0,55.4482
55.7667,4.19601,-7.60789,1264.09,1274.59,-93.1064,1,0,55.4482
55.775,4.19351,-7.60763,1263.32,1273.82,-93.1053,1,0,55.4482
55.7833,4.19101,-7.60737,1262.54,1273.04,-93.1042,1,0,55.4482
55.7917,4.18851,-7.60711,1261.77,1272.27,-93.1031,1,0,55.4482
55.8,4.18601,-7.60685,1260.99,1271.49,-93.1021,1,0,55.4482
55.8083,4.18351,-7.60659,1260.21,1270.71,-93.101,1,0,55.4482
55.8167,4.18101,-7.60632,1259.44,1269.94,-93.0999,1,0,55.4482
55.825,4.17851,-7.60606,1258.66,1269.16,-93.0989,1,0,55.4482
55.8333,4.176,-7.6058,1257.89,1268.39,-93.0978,1,0,55.4482
55.8417,4.1735,-7.60554,1257.11,1267.61,-93.0967,1,0,55.4482
55.85,4.171,-7.60528,1256.34,1266.84,-93.0957,1,0,55.4482
55.8583,4.1685,-7.60502,1255.56,1266.06,-93.0946,1,0,55.4482
55.8667,4.166,-7.60476,1254.78,1265.28,-93.0935,1,0,55.4482
55.875,4.1635,-7.60449,1254.01,1264.51,-93.0925,1,0,55.4482
55.8833,4.161,-7.60423,1253.23,1263.73,-93.0914,1,0,55.4482
55.8917,4.1585,-7.60397,1252.46,1262.96,-93.0903,1,0,55.4482
55.9,4.156,-7.60371,1251.68,1262.18,-93.0893,1,0,55.4482
55.9083,4.1535,-7.60345,1250.9,1261.4,-93.0882,1,0,55.4482
55.9167,4.151,-7.60319,1250.13,1260.63,-93.0871,1,0,55.4482
55.925,4.1485,-7.60292,1249.35,1259.85,-93.0861,1,0,55.4482
55.9333,4.146,-7.60266,1248.58,1259.08,-93.085,1,0,55.4482
55.9417,4.1435,-7.6024,1247.8,1258.3,-93.0839,1,0,55.4482
55.95,4.141,-7.60214,1247.03,1257.53,-93.0829,1,0,55.4482
55.9583,4.1385,-7.60188,1246.25,1256.75,-93.0818,1,0,55.4482
55.9667,4.136,-7.60162,1245.47,1255.97,-93.0807,1,0,55.4482
55.975,4.1335,-7.60136,1244.7,1255.2,-93.0797,1,0,55.4482
55.9833,4.131,-7.60109,1243.92,1254.42,-93.0786,1,0,55.4482
55.9917,4.1285,-7.60083,1243.15,1253.65,-93.0775,1,0,55.4482
56,4.126,-7.60057,1242.37,1252.87,-93.0765,1,0,55.4482
56.0083,4.1235,-7.60031,1241.6,1252.1,-93.0754,1,0,55.4482
56.0167,4.121,-7.60005,1240.82,1251.32,-93.0743,1,0,55.4482
56.025,4.1185,-7.59979,1240.05,1250.55,-93.0733,1,0,55.4482
56.0333,4.116,-7.59953,1239.27,1249.77,-93.0722,1,0,55.4482
56.0417,4.1135,-7.59926,1238.49,1248.99,-93.0711,1,0,55.4482
56.05,4.111,-7.599,1237.72,1248.22,-93.0701,1,0,55.4482
56.0583,4.1085,-7.59874,1236.94,1247.44,-93.069,1,0,55.4482
56.0667,4.106,-7.59848,1236.17,1246.67,-93.0679,1,0,55.4482
56.075,4.1035,-7.59822,1235.39,1245.89,-93.0669,1,0,55.4482
56.0833,4.101,-7.59796,1234.62,1245.12,-93.0658,1,0,55.4482
56.0917,4.0985,-7.5977,1233.84,1244.34,-93.0647,1,0,55.4482
56.1,4.096,-7.59744,1233.06,1243.56,-93.0637,1,0,55.4482
56.1083,4.0935,-7.59717,1232.29,1242.79,-93.0626,1,0,55.4482
56.1167,4.091,-7.59691,1231.51,1242.01,-93.0615,1,0,55.4482
56.125,4.0885,-7.59665,1230.74,1241.24,-93.0605,1,0,55.4482
56.1333,4.086,-7.59639,1229.96,1240.46,-93.0594,1,0,55.4482
56.1417,4.0835,-7.59613,1229.19,1239.69,-93.0583,1,0,55.4482
56.15,4.081,-7.59587,1228.41,1238.91,-93.0573,1,0,55.4482
56.1583,4.0785,-7.59561,1227.64,1238.14,-93.0562,1,0,55.4482
56.1667,4.076,-7.59534,1226.86,1237.36,-93.0551,1,0,55.4482
56.175,4.0735,-7.59508,1226.09,1236.59,-93.0541,1,0,55.4482
56.1833,4.07101,-7.59482,1225.31,1235.81,-93.053,1,0,55.4482
56.1917,4.06851,-7.59456,1224.53,1235.03,-93.0519,1,0,55.4482
56.2,4.06601,-7.5943,1223.76,1234.26,-93.0509,1,0,55.4482
56.2083,4.06351,-7.59404,1222.98,1233.48,-93.0498,1,0,55.4482
56.2167,4.06101,-7.59378,1222.21,1232.71,-93.0487,1,0,55.4482
56.225,4.05851,-7.59352,1221.43,1231.93,-93.0477,1,0,55.4482
56.2333,4.05601,-7.59325,1220.66,1231.16,-93.0466,1,0,55.4482
56.2417,4.05351,-7.59299,1219.88,1230.38,-93.0455,1,0,55.4482
56.25,4.05101,-7.59273,1219.11,1229.61,-93.0445,1,0,55.4482
56.2583,4.04851,-7.59247,1218.33,1228.83,-93.0434,1,0,55.4482
56.2667,4.04601,-7.59221,1217.56,1228.06,-93.0423,1,0,55.4482
56.275,4.04351,-7.59195,1216.78,1227.28,-93.0413,1,0,55.4482
56.2833,4.04102,-7.59169,1216.01,1226.51,-93.0402,1,0,55.4482
56.2917,4.03852,-7.59143,1215.23,1225.73,-93.0391,1,0,55.4482
56.3,4.03602,-7.59116,1214.45,1224.95,-93.0381,1,0,55.4482
56.3083,4.03352,-7.5909,1213.68,1224.18,-93.037,1,0,55.4482
56.3167,4.03102,-7.59064,1212.9,1223.4,-93.0359,1,0,55.4482
56.325,4.02852,-7.59038,1212.13,1222.63,-93.0349,1,0,55.4482
56.3333,4.02602,-7.59012,1211.35,1221.85,-93.0338,1,0,55.4482
56.3417,4.02352,-7.58986,1210.58,1221.08,-93.0327,1,0,55.4482
56.35,4.02102,-7.5896,1209.8,1220.3,-93.0317,1,0,55.4482
56.3583,4.01852,-7.58934,1209.03,1219.53,-93.0306,1,0,55.4482
56.3667,4.01603,-7.58908,1208.25,1218.75,-93.0295,1,0,55.4482
56.375,4.01353,-7.58881,1207.48,1217.98,-93.0285,1,0,55.4482
56.3833,4.01103,-7.58855,1206.7,1217.2,-93.0274,1,0,55.4482
56.3917,4.00853,-7.58829,1205.93,1216.43,-93.0263,1,0,55.4482
56.4,4.00603,-7.58803,1205.15,1215.65,-93.0253,1,0,55.4482
56.4083,4.00353,-7.58777,1204.38,1214.88,-93.0242,1,0,55.4482
56.4167,4.00103,-7.58751,1203.6,1214.1,-93.0231,1,0,55.4482
56.425,3.99854,-7.58725,1202.83,1213.33,-93.0221,1,0,55.4482
56.4333,3.99604,-7.58699,1202.05,1212.55,-93.021,1,0,55.4482
56.4417,3.99354,-7.58673,1201.28,1211.78,-93.0199,1,0,55.4482
56.45,3.99104,-7.58646,1200.5,1211,-93.0189,1,0,55.4482
56.4583,3.98854,-7.5862,1199.73,1210.23,-93.0178,1,0,55.4482
56.4667,3.98604,-7.58594,1198.95,1209.45,-93.0168,1,0,55.4482
56.475,3.98354,-7.58568,1198.17,1208.67,-93.0157,1,0,55.4482
56.4833,3.98105,-7.58542,1197.4,1207.9,-93.0146,1,0,55.4482
56.4917,3.97855,-7.58516,1196.62,1207.12,-93.0136,1,0,55.4482
56.5,3.97605,-7.5849,1195.85,1206.35,-93.0125,1,0,55.4482
56.5083,3.97355,-7.58464,1195.07,1205.57,-93.0114,1,0,55.4482
56.5167,3.97105,-7.58438,1194.3,1204.8,-93.0104,1,0,55.4482
56.525,3.96856,-7.58411,1193.52,1204.02,-93.0093,1,0,55.4482
56.5333,3.96606,-7.58385,1192.75,1203.25,-93.0082,1,0,55.4482
56.5417,3.96356,-7.58359,1191.97,1202.47,-93.0072,1,0,55.4482
56.55,3.96106,-7.58333,1191.2,1201.7,-93.0061,1,0,55.4482
56.5583,3.95856,-7.58307,1190.42,1200.92,-93.005,1,0,55.4482
56.5667,3.95606,-7.58281,1189.65,1200.15,-93.004,1,0,55.4482
56.575,3.95357,-7.58255,1188.87,1199.37,-93.0029,1,0,55.4482
56.5833,3.95107,-7.58229,1188.1,1198.6,-93.0018,1,0,55.4482
56.5917,3.94857,-7.58203,1187.32,1197.82,-93.0008,1,0,55.4482
56.6,3.94607,-7.58177,1186.55,1197.05,-92.9997,1,0,55.4482
56.6083,3.94357,-7.5815,1185.77,1196.27,-92.9986,1,0,55.4482
56.6167,3.94108,-7.58124,1185,1195.5,-92.9976,1,0,55.4482
56.625,3.93858,-7.58098,1184.22,1194.72,-92.9965,1,0,55.4482
56.6333,3.93608,-7.58072,1183.45,1193.95,-92.9955,1,0,55.4482
56.6417,3.93358,-7.58046,1182.67,1193.17,-92.9944,1,0,55.4482
56.65,3.93109,-7.5802,1181.9,1192.4,-92.9933,1,0,55.4482
56.6583,3.92859,-7.57994,1181.12,1191.62,-92.9923,1,0,55.4482
56.6667,3.92609,-7.57968,1180.35,1190.85,-92.9912,1,0,55.4482
56.675,3.92359,-7.57942,1179.57,1190.07,-92.9901,1,0,55.4482
56.6833,3.92109,-7.57916,1178.8,1189.3,-92.9891,1,0,55.4482
56.6917,3.9186,-7.5789,1178.02,1188.52,-92.988,1,0,55.4482
56.7,3.9161,-7.57863,1177.25,1187.75,-92.9869,1,0,55.4482
56.7083,3.9136,-7.57837,1176.47,1186.97,-92.9859,1,0,55.4482
56.7167,3.9111,-7.57811,1175.7,1186.2,-92.9848,1,0,55.4482
56.725,3.90861,-7.57785,1174.92,1185.42,-92.9837,1,0,55.4482
56.7333,3.90611,-7.57759,1174.15,1184.65,-92.9827,1,0,55.4482
56.7417,3.90361,-7.57733,1173.38,1183.88,-92.9816,1,0,55.4482
56.75,3.90111,-7.57707,1172.6,1183.1,-92.9805,1,0,55.4482
56.7583,3.89862,-7.57681,1171.83,1182.33,-92.9795,1,0,55.4482
56.7667,3.89612,-7.57655,1171.05,1181.55,-92.9784,1,0,55.4482
56.775,3.89362,-7.57629,1170.28,1180.78,-92.9774,1,0,55.4482
56.7833,3.89112,-7.57603,1169.5,1180,-92.9763,1,0,55.4482
56.7917,3.88863,-7.57576,1168.73,1179.23,-92.9752,1,0,55.4482
56.8,3.88613,-7.5755,1167.95,1178.45,-92.9742,1,0,55.4482
56.8083,3.88363,-7.57524,1167.18,1177.68,-92.9731,1,0,55.4482
56.8167,3.88114,-7.57498,1166.4,1176.9,-92.972,1,0,55.4482
56.825,3.87864,-7.57472,1165.63,1176.13,-92.971,1,0,55.4482
56.8333,3.87614,-7.57446,1164.85,1175.35,-92.9699,1,0,55.4482
56.8417,3.87364,-7.5742,1164.08,1174.58,-92.9688,1,0,55.4482
56.85,3.87115,-7.57394,1163.3,1173.8,-92.9678,1,0,55.4482
56.8583,3.86865,-7.57368,1162.53,1173.03,-92.9667,1,0,55.4482
56.8667,3.86615,-7.57342,1161.75,1172.25,-92.9656,1,0,55.4482
56.875,3.86366,-7.57316,1160.98,1171.48,-92.9646,1,0,55.4482
56.8833,3.86116,-7.5729,1160.2,1170.7,-92.9635,1,0,55.4482
56.8917,3.85866,-7.57263,1159.43,1169.93,-92.9625,1,0,55.4482
56.9,3.85616,-7.57237,1158.65,1169.15,-92.9614,1,0,55.4482
56.9083,3.85367,-7.57211,1157.88,1168.38,-92.9603,1,0,55.4482
56.9167,3.85117,-7.57185,1157.11,1167.61,-92.9593,1,0,55.4482
56.925,3.84867,-7.57159,1156.33,1166.83,-92.9582,1,0,55.4482
56.9333,3.84618,-7.57133,1155.56,1166.06,-92.9571,1,0,55.4482
56.9417,3.84368,-7.57107,1154.78,1165.28,-92.9561,1,0,55.4482
56.95,3.84118,-7.57081,1154.01,1164.51,-92.955,1,0,55.4482
56.9583,3.83869,-7.57055,1153.23,1163.73,-92.9539,1,0,55.4482
56.9667,3.83619,-7.57029,1152.46,1162.96,-92.9529,1,0,55.4482
56.975,3.83369,-7.57003,1151.68,1162.18,-92.9518,1,0,55.4482
56.9833,3.8312,-7.56977,1150.91,1161.41,-92.9508,1,0,55.4482
56.9917,3.8287,-7.56951,1150.13,1160.63,-92.9497,1,0,55.4482
57,3.8262,-7.56925,1149.36,1159.86,-92.9486,1,0,55.4482
57.0083,3.82371,-7.56898,1148.58,1159.08,-92.9476,1,0,55.4482
57.0167,3.82121,-7.56872,1147.81,1158.31,-92.9465,1,0,55.4482
57.025,3.81871,-7.56846,1147.04,1157.54,-92.9454,1,0,55.4482
57.0333,3.81622,-7.5682,1146.26,1156.76,-92.9444,1,0,55.4482
57.0417,3.81372,-7.56794,1145.49,1155.99,-92.9433,1,0,55.4482
57.05,3.81122,-7.56768,1144.71,1155.21,-92.9422,1,0,55.4482
57.0583,3.80873,-7.56742,1143.94,1154.44,-92.9412,1,0,55.4482
57.0667,3.80623,-7.56716,1143.16,1153.66,-92.9401,1,0,55.4482
57.075,3.80374,-7.5669,1142.39,1152.89,-92.9391,1,0,55.4482
57.0833,3.80124,-7.56664,1141.61,1152.11,-92.938,1,0,55.4482
57.0917,3.79874,-7.56638,1140.84,1151.34,-92.9369,1,0,55.4482
57.1,3.79625,-7.56612,1140.06,1150.56,-92.9359,1,0,55.4482
57.1083,3.79375,-7.56586,1139.29,1149.79,-92.9348,1,0,55.4482
57.1167,3.79125,-7.5656,1138.52,1149.02,-92.9337,1,0,55.4482
57.125,3.78876,-7.56534,1137.74,1148.24,-92.9327,1,0,55.4482
57.1333,3.78626,-7.56507,1136.97,1147.47,-92.9316,1,0,55.4482
57.1417,3.78377,-7.56481,1136.19,1146.69,-92.9306,1,0,55.4482
57.15,3.78127,-7.56455,1135.42,1145.92,-92.9295,1,0,55.4482
57.1583,3.77877,-7.56429,1134.64,1145.14,-92.9284,1,0,55.4482
57.1667,3.77628,-7.56403,1133.87,1144.37,-92.9274,1,0,55.4482
57.175,3.77378,-7.56377,1133.09,1143.59,-92.9263,1,0,55.4482
57.1833,3.77129,-7.56351,1132.32,1142.82,-92.9252,1,0,55.4482
57.1917,3.76879,-7.56325,1131.55,1142.05,-92.9242,1,0,55.4482
57.2,3.76629,-7.56299,1130.77,1141.27,-92.9231,1,0,55.4482
57.2083,3.7638,-7.56273,1130,1140.5,-92.9221,1,0,55.4482
57.2167,3.7613,-7.56247,1129.22,1139.72,-92.921,1,0,55.4482
57.225,3.75881,-7.56221,1128.45,1138.95,-92.9199,1,0,55.4482
57.2333,3.75631,-7.56195,1127.67,1138.17,-92.9189,1,0,55.4482
57.2417,3.75382,-7.56169,1126.9,1137.4,-92.9178,1,0,55.4482
57.25,3.75132,-7.56143,1126.13,1136.63,-92.9167,1,0,55.4482
57.2583,3.74882,-7.56117,1125.35,1135.85,-92.9157,1,0,55.4482
57.2667,3.74633,-7.56091,1124.58,1135.08,-92.9146,1,0,55.4482
57.275,3.74383,-7.56065,1123.8,1134.3,-92.9136,1,0,55.4482
57.2833,3.74134,-7.56039,1123.03,1133.53,-92.9125,1,0,55.4482
57.2917,3.73884,-7.56012,1122.25,1132.75,-92.9114,1,0,55.4482
57.3,3.73635,-7.55986,1121.48,1131.98,-92.9104,1,0,55.4482
57.3083,3.73385,-7.5596,1120.71,1131.21,-92.9093,1,0,55.4482
57.3167,3.73135,-7.55934,1119.93,1130.43,-92.9082,1,0,55.4482
57.325,3.72886,-7.55908,1119.16,1129.66,-92.9072,1,0,55.4482
57.3333,3.72636,-7.55882,1118.38,1128.88,-92.9061,1,0,55.4482
57.3417,3.72387,-7.55856,1117.61,1128.11,-92.9051,1,0,55.4482
57.35,3.72137,-7.5583,1116.83,1127.33,-92.904,1,0,55.4482
57.3583,3.71888,-7.55804,1116.06,1126.56,-92.9029,1,0,55.4482
57.3667,3.71638,-7.55778,1115.29,1125.79,-92.9019,1,0,55.4482
57.375,3.71389,-7.55752,1114.51,1125.01,-92.9008,1,0,55.4482
57.3833,3.71139,-7.55726,1113.74,1124.24,-92.8997,1,0,55.4482
57.3917,3.7089,-7.557,1112.96,1123.46,-92.8987,1,0,55.4482
57.4,3.7064,-7.55674,1112.19,1122.69,-92.8976,1,0,55.4482
57.4083,3.70391,-7.55648,1111.42,1121.92,-92.8966,1,0,55.4482
57.4167,3.70141,-7.55622,1110.64,1121.14,-92.8955,1,0,55.4482
57.425,3.69892,-7.55596,1109.87,1120.37,-92.8944,1,0,55.4482
57.4333,3.69642,-7.5557,1109.09,1119.59,-92.8934,1,0,55.4482
57.4417,3.69393,-7.55544,1108.32,1118.82,-92.8923,1,0,55.4482
57.45,3.69143,-7.55518,1107.54,1118.04,-92.8912,1,0,55.4482
57.4583,3.68894,-7.55492,1106.77,1117.27,-92.8902,1,0,55.4482
57.4667,3.68644,-7.55466,1106,1116.5,-92.8891,1,0,55.4482
57.475,3.68395,-7.5544,1105.22,1115.72,-92.8881,1,0,55.4482
57.4833,3.68145,-7.55414,1104.45,1114.95,-92.887,1,0,55.4482
57.4917,3.67896,-7.55387,1103.67,1114.17,-92.8859,1,0,55.4482
57.5,3.67646,-7.55361,1102.9,1113.4,-92.8849,1,0,55.4482
57.5083,3.67397,-7.55335,1102.13,1112.63,-92.8838,1,0,55.4482
57.5167,3.67147,-7.55309,1101.35,1111.85,-92.8828,1,0,55.4482
57.525,3.66898,-7.55283,1100.58,1111.08,-92.8817,1,0,55.4482
57.5333,3.66648,-7.55257,1099.8,1110.3,-92.8806,1,0,55.4482
57.5417,3.66399,-7.55231,1099.03,1109.53,-92.8796,1,0,55.4482
57.55,3.66149,-7.55205,1098.26,1108.76,-92.8785,1,0,55.4482
57.5583,3.659,-7.55179,1097.48,1107.98,-92.8774,1,0,55.4482
57.5667,3.6565,-7.55153,1096.71,1107.21,-92.8764,1,0,55.4482
57.575,3.65401,-7.55127,1095.93,1106.43,-92.8753,1,0,55.4482
57.5833,3.65151,-7.55101,1095.16,1105.66,-92.8743,1,0,55.4482
57.5917,3.64902,-7.55075,1094.39,1104.89,-92.8732,1,0,55.4482
57.6,3.64652,-7.55049,1093.61,1104.11,-92.8721,1,0,55.4482
57.6083,3.64403,-7.55023,1092.84,1103.34,-92.8711,1,0,55.4482
57.6167,3.64154,-7.54997,1092.06,1102.56,-92.87,1,0,55.4482
57.625,3.63904,-7.54971,1091.29,1101.79,-92.869,1,0,55.4482
57.6333,3.63655,-7.54945,1090.52,1101.02,-92.8679,1,0,55.4482
57.6417,3.63405,-7.54919,1089.74,1100.24,-92.8668,1,0,55.4482
57.65,3.63156,-7.54893,1088.97,1099.47,-92.8658,1,0,55.4482
57.6583,3.62906,-7.54867,1088.2,1098.7,-92.8647,1,0,55.4482
57.6667,3.62657,-7.54841,1087.42,1097.92,-92.8636,1,0,55.4482
57.675,3.62407,-7.54815,1086.65,1097.15,-92.8626,1,0,55.4482
57.6833,3.62158,-7.54789,1085.87,1096.37,-92.8615,1,0,55.4482
57.6917,3.61909,-7.54763,1085.1,1095.6,-92.8605,1,0,55.4482
57.7,3.61659,-7.54737,1084.33,1094.83,-92.8594,1,0,55.4482
57.7083,3.6141,-7.54711,1083.55,1094.05,-92.8583,1,0,55.4482
57.7167,3.6116,-7.54685,1082.78,1093.28,-92.8573,1,0,55.4482
57.725,3.60911,-7.54659,1082,1092.5,-92.8562,1,0,55.4482
57.7333,3.60662,-7.54633,1081.23,1091.73,-92.8552,1,0,55.4482
57.7417,3.60412,-7.54607,1080.46,1090.96,-92.8541,1,0,55.4482
57.75,3.60163,-7.54581,1079.68,1090.18,-92.853,1,0,55.4482
57.7583,3.59913,-7.54555,1078.91,1089.41,-92.852,1,0,55.4482
57.7667,3.59664,-7.54529,1078.14,1088.64,-92.8509,1,0,55.4482
57.775,3.59415,-7.54503,1077.36,1087.86,-92.8499,1,0,55.4482
57.7833,3.59165,-7.54477,1076.59,1087.09,-92.8488,1,0,55.4482
57.7917,3.58916,-7.54451,1075.81,1086.31,-92.8477,1,0,55.4482
57.8,3.58666,-7.54425,1075.04,1085.54,-92.8467,1,0,55.4482
57.8083,3.58417,-7.54399,1074.27,1084.77,-92.8456,1,0,55.4482
57.8167,3.58168,-7.54373,1073.49,1083.99,-92.8446,1,0,55.4482
57.825,3.57918,-7.54347,1072.72,1083.22,-92.8435,1,0,55.4482
57.8333,3.57669,-7.54321,1071.95,1082.45,-92.8424,1,0,55.4482
57.8417,3.57419,-7.54295,1071.17,1081.67,-92.8414,1,0,55.4482
57.85,3.5717,-7.54269,1070.4,1080.9,-92.8403,1,0,55.4482
57.8583,3.56921,-7.54243,1069.62,1080.12,-92.8393,1,0,55.4482
57.8667,3.56671,-7.54217,1068.85,1079.35,-92.8382,1,0,55.4482
57.875,3.56422,-7.54191,1068.08,1078.58,-92.8371,1,0,55.4482
57.8833,3.56173,-7.54165,1067.3,1077.8,-92.8361,1,0,55.4482
57.8917,3.55923,-7.54139,1066.53,1077.03,-92.835,1,0,55.4482
57.9,3.55674,-7.54112,1065.76,1076.26,-92.834,1,0,55.4482
57.9083,3.55425,-7.54086,1064.98,1075.48,-92.8329,1,0,55.4482
57.9167,3.55175,-7.5406,1064.21,1074.71,-92.8318,1,0,55.4482
57.925,3.54926,-7.54034,1063.44,1073.94,-92.8308,1,0,55.4482
57.9333,3.54677,-7.54008,1062.66,1073.16,-92.8297,1,0,55.4482
57.9417,3.54427,-7.53982,1061.89,1072.39,-92.8287,1,0,55.4482
57.95,3.54178,-7.53956,1061.11,1071.61,-92.8276,1,0,55.4482
57.9583,3.53929,-7.5393,1060.34,1070.84,-92.8265,1,0,55.4482
57.9667,3.53679,-7.53904,1059.57,1070.07,-92.8255,1,0,55.4482
57.975,3.5343,-7.53878,1058.79,1069.29,-92.8244,1,0,55.4482
57.9833,3.53181,-7.53852,1058.02,1068.52,-92.8234,1,0,55.4482
57.9917,3.52931,-7.53826,1057.25,1067.75,-92.8223,1,0,55.4482
58,3.52682,-7.538,1056.47,1066.97,-92.8212,1,0,55.4482
58.0083,3.52433,-7.53774,1055.7,1066.2,-92.8202,1,0,55.4482
58.0167,3.52183,-7.53748,1054.93,1065.43,-92.8191,1,0,55.4482
58.025,3.51934,-7.53722,1054.15,1064.65,-92.8181,1,0,55.4482
58.0333,3.51685,-7.53696,1053.38,1063.88,-92.817,1,0,55.4482
58.0417,3.51435,-7.5367,1052.61,1063.11,-92.8159,1,0,55.4482
58.05,3.51186,-7.53645,1051.83,1062.33,-92.8149,1,0,55.4482
58.0583,3.50937,-7.53619,1051.06,1061.56,-92.8138,1,0,55.4482
58.0667,3.50688,-7.53593,1050.29,1060.79,-92.8128,1,0,55.4482
58.075,3.50438,-7.53567,1049.51,1060.01,-92.8117,1,0,55.4482
58.0833,3.50189,-7.53541,1048.74,1059.24,-92.8106,1,0,55.4482
58.0917,3.4994,-7.53515,1047.97,1058.47,-92.8096,1,0,55.4482
58.1,3.4969,-7.53489,1047.19,1057.69,-92.8085,1,0,55.4482
58.1083,3.49441,-7.53463,1046.42,1056.92,-92.8075,1,0,55.4482
58.1167,3.49192,-7.53437,1045.65,1056.15,-92.8064,1,0,55.4482
58.125,3.48943,-7.53411,1044.87,1055.37,-92.8053,1,0,55.4482
58.1333,3.48693,-7.53385,1044.1,1054.6,-92.8043,1,0,55.4482
58.1417,3.48444,-7.53359,1043.33,1053.83,-92.8032,1,0,55.4482
58.15,3.48195,-7.53333,1042.55,1053.05,-92.8022,1,0,55.4482
58.1583,3.47945,-7.53307,1041.78,1052.28,-92.8011,1,0,55.4482
58.1667,3.47696,-7.53281,1041.01,1051.51,-92.8,1,0,55.4482
58.175,3.47447,-7.53255,1040.23,1050.73,-92.799,1,0,55.4482
58.1833,3.47198,-7.53229,1039.46,1049.96,-92.7979,1,0,55.4482
58.1917,3.46948,-7.53203,1038.69,1049.19,-92.7969,1,0,55.4482
58.2,3.46699,-7.53177,1037.91,1048.41,-92.7958,1,0,55.4482
58.2083,3.4645,-7.53151,1037.14,1047.64,-92.7947,1,0,55.4482
58.2167,3.46201,-7.53125,1036.37,1046.87,-92.7937,1,0,55.4482
58.225,3.45951,-7.53099,1035.59,1046.09,-92.7926,1,0,55.4482
58.2333,3.45702,-7.53073,1034.82,1045.32,-92.7916,1,0,55.4482
58.2417,3.45453,-7.53047,1034.05,1044.55,-92.7905,1,0,55.4482
58.25,3.45204,-7.53021,1033.27,1043.77,-92.7894,1,0,55.4482
58.2583,3.44955,-7.52995,1032.5,1043,-92.7884,1,0,55.4482
58.2667,3.44705,-7.52969,1031.73,1042.23,-92.7873,1,0,55.4482
58.275,3.44456,-7.52943,1030.95,1041.45,-92.7863,1,0,55.4482
58.2833,3.44207,-7.52917,1030.18,1040.68,-92.7852,1,0,55.4482
58.2917,3.43958,-7.52891,1029.41,1039.91,-92.7842,1,0,55.4482
58.3,3.43708,-7.52865,1028.63,1039.13,-92.7831,1,0,55.4482
58.3083,3.43459,-7.52839,1027.86,1038.36,-92.782,1,0,55.4482
58.3167,3.4321,-7.52813,1027.09,1037.59,-92.781,1,0,55.4482
58.325,3.42961,-7.52787,1026.31,1036.81,-92.7799,1,0,55.4482
58.3333,3.42712,-7.52761,1025.54,1036.04,-92.7789,1,0,55.4482
58.3417,3.42462,-7.52735,1024.77,1035.27,-92.7778,1,0,55.4482
58.35,3.42213,-7.52709,1023.99,1034.49,-92.7767,1,0,55.4482
58.3583,3.41964,-7.52683,1023.22,1033.72,-92.7757,1,0,55.4482
58.3667,3.41715,-7.52657,1022.45,1032.95,-92.7746,1,0,55.4482
58.375,3.41466,-7.52631,1021.67,1032.17,-92.7736,1,0,55.4482
58.3833,3.41216,-7.52605,1020.9,1031.4,-92.7725,1,0,55.4482
58.3917,3.40967,-7.52579,1020.13,1030.63,-92.7715,1,0,55.4482
58.4,3.40718,-7.52553,1019.36,1029.86,-92.7704,1,0,55.4482
58.4083,3.40469,-7.52527,1018.58,1029.08,-92.7693,1,0,55.4482
58.4167,3.4022,-7.52501,1017.81,1028.31,-92.7683,1,0,55.4482
58.425,3.39971,-7.52475,1017.04,1027.54,-92.7672,1,0,55.4482
58.4333,3.39721,-7.52449,1016.26,1026.76,-92.7662,1,0,55.4482
58.4417,3.39472,-7.52423,1015.49,1025.99,-92.7651,1,0,55.4482
58.45,3.39223,-7.52397,1014.72,1025.22,-92.764,1,0,55.4482
58.4583,3.38974,-7.52371,1013.94,1024.44,-92.763,1,0,55.4482
58.4667,3.38725,-7.52346,1013.17,1023.67,-92.7619,1,0,55.4482
58.475,3.38476,-7.5232,1012.4,1022.9,-92.7609,1,0,55.4482
58.4833,3.38226,-7.52294,1011.62,1022.12,-92.7598,1,0,55.4482
58.4917,3.37977,-7.52268,1010.85,1021.35,-92.7588,1,0,55.4482
58.5,3.37728,-7.52242,1010.08,1020.58,-92.7577,1,0,55.4482
58.5083,3.37479,-7.52216,1009.31,1019.81,-92.7566,1,0,55.4482
58.5167,3.3723,-7.5219,1008.53,1019.03,-92.7556,1,0,55.4482
58.525,3.36981,-7.52164,1007.76,1018.26,-92.7545,1,0,55.4482
58.5333,3.36732,-7.52138,1006.99,1017.49,-92.7535,1,0,55.4482
58.5417,3.36482,-7.52112,1006.21,1016.71,-92.7524,1,0,55.4482
58.55,3.36233,-7.52086,1005.44,1015.94,-92.7513,1,0,55.4482
58.5583,3.35984,-7.5206,1004.67,1015.17,-92.7503,1,0,55.4482
58.5667,3.35735,-7.52034,1003.9,1014.4,-92.7492,1,0,55.4482
58.575,3.35486,-7.52008,1003.12,1013.62,-92.7482,1,0,55.4482
58.5833,3.35237,-7.51982,1002.35,1012.85,-92.7471,1,0,55.4482
58.5917,3.34988,-7.51956,1001.58,1012.08,-92.7461,1,0,55.4482
58.6,3.34739,-7.5193,1000.8,1011.3,-92.745,1,0,55.4482
58.6083,3.34489,-7.51904,1000.03,1010.53,-92.7439,1,0,55.4482
58.6167,3.3424,-7.51878,999.258,1009.76,-92.7429,1,0,55.4482
58.625,3.33991,-7.51852,998.485,1008.98,-92.7418,1,0,55.4482
58.6333,3.33742,-7.51826,997.712,1008.21,-92.7408,1,0,55.4482
58.6417,3.33493,-7.518,996.939,1007.44,-92.7397,1,0,55.4482
58.65,3.33244,-7.51774,996.166,1006.67,-92.7387,1,0,55.4482
58.6583,3.32995,-7.51748,995.394,1005.89,-92.7376,1,0,55.4482
58.6667,3.32746,-7.51723,994.621,1005.12,-92.7365,1,0,55.4482
58.675,3.32497,-7.51697,993.848,1004.35,-92.7355,1,0,55.4482
58.6833,3.32248,-7.51671,993.075,1003.58,-92.7344,1,0,55.4482
58.6917,3.31999,-7.51645,992.302,1002.8,-92.7334,1,0,55.4482
58.7,3.31749,-7.51619,991.53,1002.03,-92.7323,1,0,55.4482
58.7083,3.315,-7.51593,990.757,1001.26,-92.7313,1,0,55.4482
58.7167,3.31251,-7.51567,989.984,1000.48,-92.7302,1,0,55.4482
58.725,3.31002,-7.51541,989.211,999.711,-92.7291,1,0,55.4482
58.7333,3.30753,-7.51515,988.439,998.939,-92.7281,1,0,55.4482
58.7417,3.30504,-7.51489,987.666,998.166,-92.727,1,0,55.4482
58.75,3.30255,-7.51463,986.893,997.393,-92.726,1,0,55.4482
58.7583,3.30006,-7.51437,986.12,996.62,-92.7249,1,0,55.4482
58.7667,3.29757,-7.51411,985.348,995.848,-92.7239,1,0,55.4482
58.775,3.29508,-7.51385,984.575,995.075,-92.7228,1,0,55.4482
58.7833,3.29259,-7.51359,983.802,994.302,-92.7217,1,0,55.4482
58.7917,3.2901,-7.51333,983.03,993.53,-92.7207,1,0,55.4482
58.8,3.28761,-7.51307,982.257,992.757,-92.7196,1,0,55.4482
58.8083,3.28512,-7.51281,981.484,991.984,-92.7186,1,0,55.4482
58.8167,3.28263,-7.51256,980.712,991.212,-92.7175,1,0,55.4482
58.825,3.28014,-7.5123,979.939,990.439,-92.7165,1,0,55.4482
58.8333,3.27765,-7.51204,979.166,989.666,-92.7154,1,0,55.4482
58.8417,3.27516,-7.51178,978.394,988.894,-92.7143,1,0,55.4482
58.85,3.27267,-7.51152,977.621,988.121,-92.7133,1,0,55.4482
58.8583,3.27018,-7.51126,976.848,987.348,-92.7122,1,0,55.4482
58.8667,3.26768,-7.511,976.076,986.576,-92.7112,1,0,55.4482
58.875,3.26519,-7.51074,975.303,985.803,-92.7101,1,0,55.4482
58.8833,3.2627,-7.51048,974.531,985.031,-92.7091,1,0,55.4482
58.8917,3.26021,-7.51022,973.758,984.258,-92.708,1,0,55.4482
58.9,3.25772,-7.50996,972.986,983.486,-92.7069,1,0,55.4482
58.9083,3.25523,-7.5097,972.213,982.713,-92.7059,1,0,55.4482
58.9167,3.25274,-7.50944,971.44,981.94,-92.7048,1,0,55.4482
58.925,3.25025,-7.50918,970.668,981.168,-92.7038,1,0,55.4482
58.9333,3.24776,-7.50892,969.895,980.395,-92.7027,1,0,55.4482
58.9417,3.24527,-7.50866,969.123,979.623,-92.7017,1,0,55.4482
58.95,3.24278,-7.50841,968.35,978.85,-92.7006,1,0,55.4482
58.9583,3.24029,-7.50815,967.578,978.078,-92.6995,1,0,55.4482
58.9667,3.2378,-7.50789,966.805,977.305,-92.6985,1,0,55.4482
58.975,3.23531,-7.50763,966.033,976.533,-92.6974,1,0,55.4482
58.9833,3.23282,-7.50737,965.26,975.76,-92.6964,1,0,55.4482
58.9917,3.23033,-7.50711,964.488,974.988,-92.6953,1,0,55.4482
59,3.22785,-7.50685,963.715,974.215,-92.6943,1,0,55.4482
59.0083,3.22536,-7.50659,962.943,973.443,-92.6932,1,0,55.4482
59.0167,3.22287,-7.50633,962.171,972.671,-92.6922,1,0,55.4482
59.025,3.22038,-7.50607,961.398,971.898,-92.6911,1,0,55.4482
59.0333,3.21789,-7.50581,960.626,971.126,-92.69,1,0,55.4482
59.0417,3.2154,-7.50555,959.853,970.353,-92.689,1,0,55.4482
59.05,3.21291,-7.50529,959.081,969.581,-92.6879,1,0,55.4482
59.0583,3.21042,-7.50504,958.308,968.808,-92.6869,1,0,55.4482
59.0667,3.20793,-7.50478,957.536,968.036,-92.6858,1,0,55.4482
59.075,3.20544,-7.50452,956.764,967.264,-92.6848,1,0,55.4482
59.0833,3.20295,-7.50426,955.991,966.491,-92.6837,1,0,55.4482
59.0917,3.20046,-7.504,955.219,965.719,-92.6826,1,0,55.4482
59.1,3.19797,-7.50374,954.447,964.947,-92.6816,1,0,55.4482
59.1083,3.19548,-7.50348,953.674,964.174,-92.6805,1,0,55.4482
59.1167,3.19299,-7.50322,952.902,963.402,-92.6795,1,0,55.4482
59.125,3.1905,-7.50296,952.13,962.63,-92.6784,1,0,55.4482
59.1333,3.18801,-7.5027,951.357,961.857,-92.6774,1,0,55.4482
59.1417,3.18552,-7.50244,950.585,961.085,-92.6763,1,0,55.4482
59.15,3.18303,-7.50218,949.813,960.313,-92.6753,1,0,55.4482
59.1583,3.18054,-7.50192,949.04,959.54,-92.6742,1,0,55.4482
59.1667,3.17806,-7.50167,948.268,958.768,-92.6731,1,0,55.4482
59.175,3.17557,-7.50141,947.496,957.996,-92.6721,1,0,55.4482
59.1833,3.17308,-7.50115,946.724,957.224,-92.671,1,0,55.4482
59.1917,3.17059,-7.50089,945.951,956.451,-92.67,1,0,55.4482
59.2,3.1681,-7.50063,945.179,955.679,-92.6689,1,0,55.4482
59.2083,3.16561,-7.50037,944.407,954.907,-92.6679,1,0,55.4482
59.2167,3.16312,-7.50011,943.635,954.135,-92.6668,1,0,55.4482
59.225,3.16063,-7.49985,942.862,953.362,-92.6658,1,0,55.4482
59.2333,3.15814,-7.49959,942.09,952.59,-92.6647,1,0,55.4482
59.2417,3.15565,-7.49933,941.318,951.818,-92.6636,1,0,55.4482
59.25,3.15317,-7.49907,940.546,951.046,-92.6626,1,0,55.4482
59.2583,3.15068,-7.49882,939.774,950.274,-92.6615,1,0,55.4482
59.2667,3.14819,-7.49856,939.001,949.501,-92.6605,1,0,55.4482
59.275,3.1457,-7.4983,938.229,948.729,-92.6594,1,0,55.4482
59.2833,3.14321,-7.49804,937.457,947.957,-92.6584,1,0,55.4482
59.2917,3.14072,-7.49778,936.685,947.185,-92.6573,1,0,55.4482
59.3,3.13823,-7.49752,935.913,946.413,-92.6563,1,0,55.4482
59.3083,3.13574,-7.49726,935.141,945.641,-92.6552,1,0,55.4482
59.3167,3.13326,-7.497,934.368,944.868,-92.6541,1,0,55.4482
59.325,3.13077,-7.49674,933.596,944.096,-92.6531,1,0,55.4482
59.3333,3.12828,-7.49648,932.824,943.324,-92.652,1,0,55.4482
59.3417,3.12579,-7.49622,932.052,942.552,-92.651,1,0,55.4482
59.35,3.1233,-7.49597,931.28,941.78,-92.6499,1,0,55.4482
59.3583,3.12081,-7.49571,930.508,941.008,-92.6489,1,0,55.4482
59.3667,3.11832,-7.49545,929.736,940.236,-92.6478,1,0,55.4482
59.375,3.11583,-7.49519,928.964,939.464,-92.6468,1,0,55.4482
59.3833,3.11335,-7.49493,928.192,938.692,-92.6457,1,0,55.4482
59.3917,3.11086,-7.49467,927.42,937.92,-92.6447,1,0,55.4482
59.4,3.10837,-7.49441,926.648,937.148,-92.6436,1,0,55.4482
59.4083,3.10588,-7.49415,925.876,936.376,-92.6425,1,0,55.4482
59.4167,3.10339,-7.49389,925.104,935.604,-92.6415,1,0,55.4482
59.425,3.1009,-7.49363,924.332,934.832,-92.6404,1,0,55.4482
59.4333,3.09842,-7.49338,923.56,934.06,-92.6394,1,0,55.4482
59.4417,3.09593,-7.49312,922.788,933.288,-92.6383,1,0,55.4482
59.45,3.09344,-7.49286,922.016,932.516,-92.6373,1,0,55.4482
59.4583,3.09095,-7.4926,921.244,931.744,-92.6362,1,0,55.4482
59.4667,3.08846,-7.49234,920.472,930.972,-92.6352,1,0,55.4482
59.475,3.08598,-7.49208,919.7,930.2,-92.6341,1,0,55.4482
59.4833,3.08349,-7.49182,918.928,929.428,-92.633,1,0,55.4482
59.4917,3.081,-7.49156,918.156,928.656,-92.632,1,0,55.4482
59.5,3.07851,-7.4913,917.384,927.884,-92.6309,1,0,55.4482
59.5083,3.07602,-7.49105,916.612,927.112,-92.6299,1,0,55.4482
59.5167,3.07353,-7.49079,915.84,926.34,-92.6288,1,0,55.4482
59.525,3.07105,-7.49053,915.068,925.568,-92.6278,1,0,55.4482
59.5333,3.06856,-7.49027,914.296,924.796,-92.6267,1,0,55.4482
59.5417,3.06607,-7.49001,913.524,924.024,-92.6257,1,0,55.4482
59.55,3.06358,-7.48975,912.753,923.253,-92.6246,1,0,55.4482
59.5583,3.0611,-7.48949,911.981,922.481,-92.6236,1,0,55.4482
59.5667,3.05861,-7.48923,911.209,921.709,-92.6225,1,0,55.4482
59.575,3.05612,-7.48897,910.437,920.937,-92.6215,1,0,55.4482
59.5833,3.05363,-7.48872,909.665,920.165,-92.6204,1,0,55.4482
59.5917,3.05114,-7.48846,908.893,919.393,-92.6193,1,0,55.4482
59.6,3.04866,-7.4882,908.121,918.621,-92.6183,1,0,55.4482
59.6083,3.04617,-7.48794,907.35,917.85,-92.6172,1,0,55.4482
59.6167,3.04368,-7.48768,906.578,917.078,-92.6162,1,0,55.4482
59.625,3.04119,-7.48742,905.806,916.306,-92.6151,1,0,55.4482
59.6333,3.03871,-7.48716,905.034,915.534,-92.6141,1,0,55.4482
59.6417,3.03622,-7.4869,904.262,914.762,-92.613,1,0,55.4482
59.65,3.03373,-7.48664,903.491,913.991,-92.612,1,0,55.4482
59.6583,3.03124,-7.48639,902.719,913.219,-92.6109,1,0,55.4482
59.6667,3.02876,-7.48613,901.947,912.447,-92.6099,1,0,55.4482
59.675,3.02627,-7.48587,901.175,911.675,-92.6088,1,0,55.4482
59.6833,3.02378,-7.48561,900.404,910.904,-92.6077,1,0,55.4482
59.6917,3.02129,-7.48535,899.632,910.132,-92.6067,1,0,55.4482
59.7,3.01881,-7.48509,898.86,909.36,-92.6056,1,0,55.4482
59.7083,3.01632,-7.48483,898.088,908.588,-92.6046,1,0,55.4482
59.7167,3.01383,-7.48457,897.317,907.817,-92.6035,1,0,55.4482
59.725,3.01134,-7.48432,896.545,907.045,-92.6025,1,0,55.4482
59.7333,3.00886,-7.48406,895.773,906.273,-92.6014,1,0,55.4482
59.7417,3.00637,-7.4838,895.002,905.502,-92.6004,1,0,55.4482
59.75,3.00388,-7.48354,894.23,904.73,-92.5993,1,0,55.4482
59.7583,3.00139,-7.48328,893.458,903.958,-92.5983,1,0,55.4482
59.7667,2.99891,-7.48302,892.687,903.187,-92.5972,1,0,55.4482
59.775,2.99642,-7.48276,891.915,902.415,-92.5962,1,0,55.4482
59.7833,2.99393,-7.4825,891.143,901.643,-92.5951,1,0,55.4482
59.7917,2.99145,-7.48225,890.372,900.872,-92.5941,1,0,55.4482
59.8,2.98896,-7.48199,889.6,900.1,-92.593,1,0,55.4482
59.8083,2.98647,-7.48173,888.829,899.329,-92.5919,1,0,55.4482
59.8167,2.98399,-7.48147,888.057,898.557,-92.5909,1,0,55.4482
59.825,2.9815,-7.48121,887.285,897.785,-92.5898,1,0,55.4482
59.8333,2.97901,-7.48095,886.514,897.014,-92.5888,1,0,55.4482
59.8417,2.97652,-7.48069,885.742,896.242,-92.5877,1,0,55.4482
59.85,2.97404,-7.48044,884.971,895.471,-92.5867,1,0,55.4482
59.8583,2.97155,-7.48018,884.199,894.699,-92.5856,1,0,55.4482
59.8667,2.96906,-7.47992,883.428,893.928,-92.5846,1,0,55.4482
59.875,2.96658,-7.47966,882.656,893.156,-92.5835,1,0,55.4482
59.8833,2.96409,-7.4794,881.884,892.384,-92.5825,1,0,55.4482
59.8917,2.9616,-7.47914,881.113,891.613,-92.5814,1,0,55.4482
59.9,2.95912,-7.47888,880.341,890.841,-92.5804,1,0,55.4482
59.9083,2.95663,-7.47862,879.57,890.07,-92.5793,1,0,55.4482
59.9167,2.95414,-7.47837,878.798,889.298,-92.5783,1,0,55.4482
59.925,2.95166,-7.47811,878.027,888.527,-92.5772,1,0,55.4482
59.9333,2.94917,-7.47785,877.256,887.756,-92.5761,1,0,55.4482
59.9417,2.94668,-7.47759,876.484,886.984,-92.5751,1,0,55.4482
59.95,2.9442,-7.47733,875.713,886.213,-92.574,1,0,55.4482
59.9583,2.94171,-7.47707,874.941,885.441,-92.573,1,0,55.4482
59.9667,2.93922,-7.47681,874.17,884.67,-92.5719,1,0,55.4482
59.975,2.93674,-7.47656,873.398,883.898,-92.5709,1,0,55.4482
59.9833,2.93425,-7.4763,872.627,883.127,-92.5698,1,0,55.4482
59.9917,2.93176,-7.47604,871.855,882.355,-92.5688,1,0,55.4482
60,2.92928,-7.47578,871.084,881.584,-92.5677,1,0,55.4482
60.0083,2.92679,-7.47552,870.313,880.813,-92.5667,1,0,55.4482
60.0167,2.92431,-7.47526,869.541,880.041,-92.5656,1,0,55.4482
60.025,2.92182,-7.475,868.77,879.27,-92.5646,1,0,55.4482
60.0333,2.91933,-7.47475,867.998,878.498,-92.5635,1,0,55.4482
60.0417,2.91685,-7.47449,867.227,877.727,-92.5625,1,0,55.4482
60.05,2.91436,-7.47423,866.456,876.956,-92.5614,1,0,55.4482
60.0583,2.91187,-7.47397,865.684,876.184,-92.5604,1,0,55.4482
60.0667,2.90939,-7.47371,864.913,875.413,-92.5593,1,0,55.4482
60.075,2.9069,-7.47345,864.142,874.642,-92.5583,1,0,55.4482
60.0833,2.90442,-7.4732,863.37,873.87,-92.5572,1,0,55.4482
60.0917,2.90193,-7.47294,862.599,873.099,-92.5561,1,0,55.4482
60.1,2.89944,-7.47268,861.828,872.328,-92.5551,1,0,55.4482
60.1083,2.89696,-7.47242,861.057,871.557,-92.554,1,0,55.4482
60.1167,2.89447,-7.47216,860.285,870.785,-92.553,1,0,55.4482
60.125,2.89199,-7.4719,859.514,870.014,-92.5519,1,0,55.4482
60.1333,2.8895,-7.47164,858.743,869.243,-92.5509,1,0,55.4482
60.1417,2.88701,-7.47139,857.971,868.471,-92.5498,1,0,55.4482
60.15,2.88453,-7.47113,857.2,867.7,-92.5488,1,0,55.4482
60.1583,2.88204,-7.47087,856.429,866.929,-92.5477,1,0,55.4482
60.1667,2.87956,-7.47061,855.658,866.158,-92.5467,1,0,55.4482
60.175,2.87707,-7.47035,854.887,865.387,-92.5456,1,0,55.4482
60.1833,2.87459,-7.47009,854.115,864.615,-92.5446,1,0,55.4482
60.1917,2.8721,-7.46984,853.344,863.844,-92.5435,1,0,55.4482
60.2,2.86961,-7.46958,852.573,863.073,-92.5425,1,0,55.4482
60.2083,2.86713,-7.46932,851.802,862.302,-92.5414,1,0,55.4482
60.2167,2.86464,-7.46906,851.031,861.531,-92.5404,1,0,55.4482
60.225,2.86216,-7.4688,850.259,860.759,-92.5393,1,0,55.4482
60.2333,2.85967,-7.46854,849.488,859.988,-92.5383,1,0,55.4482
60.2417,2.85719,-7.46828,848.717,859.217,-92.5372,1,0,55.4482
60.25,2.8547,-7.46803,847.946,858.446,-92.5362,1,0,55.4482
60.2583,2.85222,-7.46777,847.175,857.675,-92.5351,1,0,55.4482
60.2667,2.84973,-7.46751,846.404,856.904,-92.5341,1,0,55.4482
60.275,2.84724,-7.46725,845.633,856.133,-92.533,1,0,55.4482
60.2833,2.84476,-7.46699,844.861,855.361,-92.5319,1,0,55.4482
60.2917,2.84227,-7.46673,844.09,854.59,-92.5309,1,0,55.4482
60.3,2.83979,-7.46648,843.319,853.819,-92.5298,1,0,55.4482
60.3083,2.8373,-7.46622,842.548,853.048,-92.5288,1,0,55.4482
60.3167,2.83482,-7.46596,841.777,852.277,-92.5277,1,0,55.4482
60.325,2.83233,-7.4657,841.006,851.506,-92.5267,1,0,55.4482
60.3333,2.82985,-7.46544,840.235,850.735,-92.5256,1,0,55.4482
60.3417,2.82736,-7.46518,839.464,849.964,-92.5246,1,0,55.4482
60.35,2.82488,-7.46493,838.693,849.193,-92.5235,1,0,55.4482
60.3583,2.82239,-7.46467,837.922,848.422,-92.5225,1,0,55.4482
60.3667,2.81991,-7.46441,837.151,847.651,-92.5214,1,0,55.4482
60.375,2.81742,-7.46415,836.38,846.88,-92.5204,1,0,55.4482
60.3833,2.81494,-7.46389,835.609,846.109,-92.5193,1,0,55.4482
60.3917,2.81245,-7.46363,834.838,845.338,-92.5183,1,0,55.4482
60.4,2.80997,-7.46338,834.067,844.567,-92.5172,1,0,55.4482
60.4083,2.80748,-7.46312,833.296,843.796,-92.5162,1,0,55.4482
60.4167,2.805,-7.46286,832.525,843.025,-92.5151,1,0,55.4482
60.425,2.80251,-7.4626,831.754,842.254,-92.5141,1,0,55.4482
60.4333,2.80003,-7.46234,830.983,841.483,-92.513,1,0,55.4482
60.4417,2.79754,-7.46209,830.212,840.712,-92.512,1,0,55.4482
60.45,2.79506,-7.46183,829.441,839.941,-92.5109,1,0,55.4482
60.4583,2.79257,-7.46157,828.67,839.17,-92.5099,1,0,55.4482
60.4667,2.79009,-7.46131,827.899,838.399,-92.5088,1,0,55.4482
60.475,2.7876,-7.46105,827.128,837.628,-92.5078,1,0,55.4482
60.4833,2.78512,-7.46079,826.357,836.857,-92.5067,1,0,55.4482
60.4917,2.78263,-7.46054,825.587,836.087,-92.5057,1,0,55.4482
60.5,2.78015,-7.46028,824.816,835.316,-92.5046,1,0,55.4482
60.5083,2.77766,-7.46002,824.045,834.545,-92.5036,1,0,55.4482
60.5167,2.77518,-7.45976,823.274,833.774,-92.5025,1,0,55.4482
60.525,2.77269,-7.4595,822.503,833.003,-92.5015,1,0,55.4482
60.5333,2.77021,-7.45924,821.732,832.232,-92.5004,1,0,55.4482
60.5417,2.76772,-7.45899,820.961,831.461,-92.4994,1,0,55.4482
60.55,2.76524,-7.45873,820.191,830.691,-92.4983,1,0,55.4482
60.5583,2.76276,-7.45847,819.42,829.92,-92.4973,1,0,55.4482
60.5667,2.76027,-7.45821,818.649,829.149,-92.4962,1,0,55.4482
60.575,2.75779,-7.45795,817.878,828.378,-92.4952,1,0,55.4482
60.5833,2.7553,-7.4577,817.107,827.607,-92.4941,1,0,55.4482
60.5917,2.75282,-7.45744,816.337,826.837,-92.4931,1,0,55.4482
60.6,2.75033,-7.45718,815.566,826.066,-92.492,1,0,55.4482
60.6083,2.74785,-7.45692,814.795,825.295,-92.491,1,0,55.4482
60.6167,2.74537,-7.45666,814.024,824.524,-92.4899,1,0,55.4482
60.625,2.74288,-7.45641,813.254,823.754,-92.4889,1,0,55.4482
60.6333,2.7404,-7.45615,812.483,822.983,-92.4878,1,0,55.4482
60.6417,2.73791,-7.45589,811.712,822.212,-92.4868,1,0,55.4482
60.65,2.73543,-7.45563,810.941,821.441,-92.4857,1,0,55.4482
60.6583,2.73294,-7.45537,810.171,820.671,-92.4847,1,0,55.4482
60.6667,2.73046,-7.45511,809.4,819.9,-92.4836,1,0,55.4482
60.675,2.72798,-7.45486,808.629,819.129,-92.4826,1,0,55.4482
60.6833,2.72549,-7.4546,807.859,818.359,-92.4815,1,0,55.4482
60.6917,2.72301,-7.45434,807.088,817.588,-92.4805,1,0,55.4482
60.7,2.72052,-7.45408,806.317,816.817,-92.4794,1,0,55.4482
60.7083,2.71804,-7.45382,805.547,816.047,-92.4784,1,0,55.4482
60.7167,2.71556,-7.45357,804.776,815.276,-92.4773,1,0,55.4482
60.725,2.71307,-7.45331,804.005,814.505,-92.4763,1,0,55.4482
60.7333,2.71059,-7.45305,803.235,813.735,-92.4752,1,0,55.4482
60.7417,2.7081,-7.45279,802.464,812.964,-92.4741,1,0,55.4482
60.75,2.70562,-7.45253,801.693,812.193,-92.4731,1,0,55.4482
60.7583,2.70314,-7.45228,800.923,811.423,-92.472,1,0,55.4482
60.7667,2.70065,-7.45202,800.152,810.652,-92.471,1,0,55.4482
60.775,2.69817,-7.45176,799.382,809.882,-92.4699,1,0,55.4482
60.7833,2.69569,-7.4515,798.611,809.111,-92.4689,1,0,55.4482
60.7917,2.6932,-7.45124,797.84,808.34,-92.4678,1,0,55.4482
60.8,2.69072,-7.45099,797.07,807.57,-92.4668,1,0,55.4482
60.8083,2.68823,-7.45073,796.299,806.799,-92.4657,1,0,55.4482
60.8167,2.68575,-7.45047,795.529,806.029,-92.4647,1,0,55.4482
60.825,2.68327,-7.45021,794.758,805.258,-92.4637,1,0,55.4482
60.8333,2.68078,-7.44995,793.988,804.488,-92.4626,1,0,55.4482
60.8417,2.6783,-7.4497,793.217,803.717,-92.4616,1,0,55.4482
60.85,2.67582,-7.44944,792.447,802.947,-92.4605,1,0,55.4482
60.8583,2.67333,-7.44918,791.676,802.176,-92.4595,1,0,55.4482
60.8667,2.67085,-7.44892,790.906,801.406,-92.4584,1,0,55.4482
60.875,2.66837,-7.44866,790.135,800.635,-92.4574,1,0,55.4482
60.8833,2.66588,-7.44841,789.365,799.865,-92.4563,1,0,55.4482
60.8917,2.6634,-7.44815,788.594,799.094,-92.4553,1,0,55.4482
60.9,2.66092,-7.44789,787.824,798.324,-92.4542,1,0,55.4482
60.9083,2.65843,-7.44763,787.053,797.553,-92.4532,1,0,55.4482
60.9167,2.65595,-7.44737,786.283,796.783,-92.4521,1,0,55.4482
60.925,2.65347,-7.44712,785.512,796.012,-92.4511,1,0,55.4482
60.9333,2.65098,-7.44686,784.742,795.242,-92.45,1,0,55.4482
60.9417,2.6485,-7.4466,783.972,794.472,-92.449,1,0,55.4482
60.95,2.64602,-7.44634,783.201,793.701,-92.4479,1,0,55.4482
60.9583,2.64353,-7.44609,782.431,792.931,-92.4469,1,0,55.4482
60.9667,2.64105,-7.44583,781.66,792.16,-92.4458,1,0,55.4482
60.975,2.63857,-7.44557,780.89,791.39,-92.4448,1,0,55.4482
60.9833,2.63608,-7.44531,780.12,790.62,-92.4437,1,0,55.4482
60.9917,2.6336,-7.44505,779.349,789.849,-92.4427,1,0,55.4482
61,2.63112,-7.4448,778.579,789.079,-92.4416,1,0,55.4482
61.0083,2.62864,-7.44454,777.809,788.309,-92.4406,1,0,55.4482
61.0167,2.62615,-7.44428,777.038,787.538,-92.4395,1,0,55.4482
61.025,2.62367,-7.44402,776.268,786.768,-92.4385,1,0,55.4482
61.0333,2.62119,-7.44376,775.498,785.998,-92.4374,1,0,55.4482
61.0417,2.6187,-7.44351,774.727,785.227,-92.4364,1,0,55.4482
61.05,2.61622,-7.44325,773.957,784.457,-92.4353,1,0,55.4482
61.0583,2.61374,-7.44299,773.187,783.687,-92.4343,1,0,55.4482
61.0667,2.61126,-7.44273,772.416,782.916,-92.4332,1,0,55.4482
61.075,2.60877,-7.44248,771.646,782.146,-92.4322,1,0,55.4482
61.0833,2.60629,-7.44222,770.876,781.376,-92.4311,1,0,55.4482
61.0917,2.60381,-7.44196,770.106,780.606,-92.4301,1,0,55.4482
61.1,2.60132,-7.4417,769.335,779.835,-92.429,1,0,55.4482
61.1083,2.59884,-7.44144,768.565,779.065,-92.428,1,0,55.4482
61.1167,2.59636,-7.44119,767.795,778.295,-92.4269,1,0,55.4482
61.125,2.59388,-7.44093,767.025,777.525,-92.4259,1,0,55.4482
61.1333,2.59139,-7.44067,766.254,776.754,-92.4248,1,0,55.4482
61.1417,2.58891,-7.44041,765.484,775.984,-92.4238,1,0,55.4482
61.15,2.58643,-7.44016,764.714,775.214,-92.4227,1,0,55.4482
61.1583,2.58395,-7.4399,763.944,774.444,-92.4217,1,0,55.4482
61.1667,2.58146,-7.43964,763.174,773.674,-92.4206,1,0,55.4482
61.175,2.57898,-7.43938,762.403,772.903,-92.4196,1,0,55.4482
61.1833,2.5765,-7.43912,761.633,772.133,-92.4185,1,0,55.4482
61.1917,2.57402,-7.43887,760.863,771.363,-92.4175,1,0,55.4482
61.2,2.57154,-7.43861,760.093,770.593,-92.4164,1,0,55.4482
61.2083,2.56905,-7.43835,759.323,769.823,-92.4154,1,0,55.4482
61.2167,2.56657,-7.43809,758.553,769.053,-92.4143,1,0,55.4482
61.225,2.56409,-7.43784,757.783,768.283,-92.4133,1,0,55.4482
61.2333,2.56161,-7.43758,757.013,767.513,-92.4122,1,0,55.4482
61.2417,2.55912,-7.43732,756.242,766.742,-92.4112,1,0,55.4482
61.25,2.55664,-7.43706,755.472,765.972,-92.4101,1,0,55.4482
61.2583,2.55416,-7.43681,754.702,765.202,-92.4091,1,0,55.4482
61.2667,2.55168,-7.43655,753.932,764.432,-92.4081,1,0,55.4482
61.275,2.5492,-7.43629,753.162,763.662,-92.407,1,0,55.4482
61.2833,2.54671,-7.43603,752.392,762.892,-92.406,1,0,55.4482
61.2917,2.54423,-7.43577,751.622,762.122,-92.4049,1,0,55.4482
61.3,2.54175,-7.43552,750.852,761.352,-92.4039,1,0,55.4482
61.3083,2.53927,-7.43526,750.082,760.582,-92.4028,1,0,55.4482
61.3167,2.53679,-7.435,749.312,759.812,-92.4018,1,0,55.4482
61.325,2.5343,-7.43474,748.542,759.042,-92.4007,1,0,55.4482
61.3333,2.53182,-7.43449,747.772,758.272,-92.3997,1,0,55.4482
61.3417,2.52934,-7.43423,747.002,757.502,-92.3986,1,0,55.4482
61.35,2.52686,-7.43397,746.232,756.732,-92.3976,1,0,55.4482
61.3583,2.52438,-7.43371,745.462,755.962,-92.3965,1,0,55.4482
61.3667,2.52189,-7.43346,744.692,755.192,-92.3955,1,0,55.4482
61.375,2.51941,-7.4332,743.922,754.422,-92.3944,1,0,55.4482
61.3833,2.51693,-7.43294,743.152,753.652,-92.3934,1,0,55.4482
61.3917,2.51445,-7.43268,742.382,752.882,-92.3923,1,0,55.4482
61.4,2.51197,-7.43243,741.612,752.112,-92.3913,1,0,55.4482
61.4083,2.50949,-7.43217,740.842,751.342,-92.3902,1,0,55.4482
61.4167,2.507,-7.43191,740.072,750.572,-92.3892,1,0,55.4482
61.425,2.50452,-7.43165,739.302,749.802,-92.3881,1,0,55.4482
61.4333,2.50204,-7.4314,738.532,749.032,-92.3871,1,0,55.4482
61.4417,2.49956,-7.43114,737.763,748.263,-92.386,1,0,55.4482
61.45,2.49708,-7.43088,736.993,747.493,-92.385,1,0,55.4482
61.4583,2.4946,-7.43062,736.223,746.723,-92.384,1,0,55.4482
61.4667,2.49212,-7.43037,735.453,745.953,-92.3829,1,0,55.4482
61.475,2.48963,-7.43011,734.683,745.183,-92.3819,1,0,55.4482
61.4833,2.48715,-7.42985,733.913,744.413,-92.3808,1,0,55.4482
61.4917,2.48467,-7.42959,733.143,743.643,-92.3798,1,0,55.4482
61.5,2.48219,-7.42934,732.374,742.874,-92.3787,1,0,55.4482
61.5083,2.47971,-7.42908,731.604,742.104,-92.3777,1,0,55.4482
61.5167,2.47723,-7.42882,730.834,741.334,-92.3766,1,0,55.4482
61.525,2.47475,-7.42856,730.064,740.564,-92.3756,1,0,55.4482
61.5333,2.47227,-7.42831,729.294,739.794,-92.3745,1,0,55.4482
61.5417,2.46978,-7.42805,728.525,739.025,-92.3735,1,0,55.4482
61.55,2.4673,-7.42779,727.755,738.255,-92.3724,1,0,55.4482
61.5583,2.46482,-7.42753,726.985,737.485,-92.3714,1,0,55.4482
61.5667,2.46234,-7.42728,726.215,736.715,-92.3703,1,0,55.4482
61.575,2.45986,-7.42702,725.445,735.945,-92.3693,1,0,55.4482
61.5833,2.45738,-7.42676,724.676,735.176,-92.3682,1,0,55.4482
61.5917,2.4549,-7.4265,723.906,734.406,-92.3672,1,0,55.4482
61.6,2.45242,-7.42625,723.136,733.636,-92.3661,1,0,55.4482
61.6083,2.44994,-7.42599,722.367,732.867,-92.3651,1,0,55.4482
61.6167,2.44746,-7.42573,721.597,732.097,-92.3641,1,0,55.4482
61.625,2.44497,-7.42547,720.827,731.327,-92.363,1,0,55.4482
61.6333,2.44249,-7.42522,720.057,730.557,-92.362,1,0,55.4482
61.6417,2.44001,-7.42496,719.288,729.788,-92.3609,1,0,55.4482
61.65,2.43753,-7.4247,718.518,729.018,-92.3599,1,0,55.4482
61.6583,2.43505,-7.42444,717.748,728.248,-92.3588,1,0,55.4482
61.6667,2.43257,-7.42419,716.979,727.479,-92.3578,1,0,55.4482
61.675,2.43009,-7.42393,716.209,726.709,-92.3567,1,0,55.4482
61.6833,2.42761,-7.42367,715.44,725.94,-92.3557,1,0,55.4482
61.6917,2.42513,-7.42341,714.67,725.17,-92.3546,1,0,55.4482
61.7,2.42265,-7.42316,713.9,724.4,-92.3536,1,0,55.4482
61.7083,2.42017,-7.4229,713.131,723.631,-92.3525,1,0,55.4482
61.7167,2.41769,-7.42264,712.361,722.861,-92.3515,1,0,55.4482
61.725,2.41521,-7.42238,711.591,722.091,-92.3504,1,0,55.4482
61.7333,2.41273,-7.42213,710.822,721.322,-92.3494,1,0,55.4482
61.7417,2.41025,-7.42187,710.052,720.552,-92.3484,1,0,55.4482
61.75,2.40776,-7.42161,709.283,719.783,-92.3473,1,0,55.4482
61.7583,2.40528,-7.42136,708.513,719.013,-92.3463,1,0,55.4482
61.7667,2.4028,-7.4211,707.744,718.244,-92.3452,1,0,55.4482
61.775,2.40032,-7.42084,706.974,717.474,-92.3442,1,0,55.4482
61.7833,2.39784,-7.42058,706.205,716.705,-92.3431,1,0,55.4482
61.7917,2.39536,-7.42033,705.435,715.935,-92.3421,1,0,55.4482
61.8,2.39288,-7.42007,704.665,715.165,-92.341,1,0,55.4482
61.8083,2.3904,-7.41981,703.896,714.396,-92.34,1,0,55.4482
61.8167,2.38792,-7.41955,703.126,713.626,-92.3389,1,0,55.4482
61.825,2.38544,-7.4193,702.357,712.857,-92.3379,1,0,55.4482
61.8333,2.38296,-7.41904,701.587,712.087,-92.3368,1,0,55.4482
61.8417,2.38048,-7.41878,700.818,711.318,-92.3358,1,0,55.4482
61.85,2.378,-7.41853,700.049,710.549,-92.3347,1,0,55.4482
61.8583,2.37552,-7.41827,699.279,709.779,-92.3337,1,0,55.4482
61.8667,2.37304,-7.41801,698.51,709.01,-92.3327,1,0,55.4482
61.875,2.37056,-7.41775,697.74,708.24,-92.3316,1,0,55.4482
61.8833,2.36808,-7.4175,696.971,707.471,-92.3306,1,0,55.4482
61.8917,2.3656,-7.41724,696.201,706.701,-92.3295,1,0,55.4482
61.9,2.36312,-7.41698,695.432,705.932,-92.3285,1,0,55.4482
61.9083,2.36064,-7.41672,694.663,705.163,-92.3274,1,0,55.4482
61.9167,2.35816,-7.41647,693.893,704.393,-92.3264,1,0,55.4482
61.925,2.35568,-7.41621,693.124,703.624,-92.3253,1,0,55.4482
61.9333,2.3532,-7.41595,692.354,702.854,-92.3243,1,0,55.4482
61.9417,2.35072,-7.4157,691.585,702.085,-92.3232,1,0,55.4482
61.95,2.34824,-7.41544,690.816,701.316,-92.3222,1,0,55.4482
61.9583,2.34576,-7.41518,690.046,700.546,-92.3212,1,0,55.4482
61.9667,2.34328,-7.41492,689.277,699.777,-92.3201,1,0,55.4482
61.975,2.3408,-7.41467,688.508,699.008,-92.3191,1,0,55.4482
61.9833,2.33832,-7.41441,687.738,698.238,-92.318,1,0,55.4482
61.9917,2.33584,-7.41415,686.969,697.469,-92.317,1,0,55.4482
62,2.33336,-7.4139,686.2,696.7,-92.3159,1,0,55.4482
62.0083,2.33088,-7.41364,685.43,695.93,-92.3149,1,0,55.4482
62.0167,2.3284,-7.41338,684.661,695.161,-92.3138,1,0,55.4482
62.025,2.32593,-7.41312,683.892,694.392,-92.3128,1,0,55.4482
62.0333,2.32345,-7.41287,683.123,693.623,-92.3117,1,0,55.4482
62.0417,2.32097,-7.41261,682.353,692.853,-92.3107,1,0,55.4482
62.05,2.31849,-7.41235,681.584,692.084,-92.3096,1,0,55.4482
62.0583,2.31601,-7.4121,680.815,691.315,-92.3086,1,0,55.4482
62.0667,2.31353,-7.41184,680.046,690.546,-92.3076,1,0,55.4482
62.075,2.31105,-7.41158,679.276,689.776,-92.3065,1,0,55.4482
62.0833,2.30857,-7.41132,678.507,689.007,-92.3055,1,0,55.4482
62.0917,2.30609,-7.41107,677.738,688.238,-92.3044,1,0,55.4482
62.1,2.30361,-7.41081,676.969,687.469,-92.3034,1,0,55.4482
62.1083,2.30113,-7.41055,676.199,686.699,-92.3023,1,0,55.4482
62.1167,2.29865,-7.4103,675.43,685.93,-92.3013,1,0,55.4482
62.125,2.29617,-7.41004,674.661,685.161,-92.3002,1,0,55.4482
62.1333,2.29369,-7.40978,673.892,684.392,-92.2992,1,0,55.4482
62.1417,2.29121,-7.40953,673.123,683.623,-92.2982,1,0,55.4482
62.15,2.28874,-7.40927,672.354,682.854,-92.2971,1,0,55.4482
62.1583,2.28626,-7.40901,671.584,682.084,-92.2961,1,0,55.4482
62.1667,2.28378,-7.40875,670.815,681.315,-92.295,1,0,55.4482
62.175,2.2813,-7.4085,670.046,680.546,-92.294,1,0,55.4482
62.1833,2.27882,-7.40824,669.277,679.777,-92.2929,1,0,55.4482
62.1917,2.27634,-7.40798,668.508,679.008,-92.2919,1,0,55.4482
62.2,2.27386,-7.40773,667.739,678.239,-92.2908,1,0,55.4482
62.2083,2.27138,-7.40747,666.97,677.47,-92.2898,1,0,55.4482
62.2167,2.2689,-7.40721,666.201,676.701,-92.2887,1,0,55.4482
62.225,2.26642,-7.40696,665.432,675.932,-92.2877,1,0,55.4482
62.2333,2.26395,-7.4067,664.663,675.163,-92.2867,1,0,55.4482
62.2417,2.26147,-7.40644,663.894,674.394,-92.2856,1,0,55.4482
62.25,2.25899,-7.40618,663.125,673.625,-92.2846,1,0,55.4482
62.2583,2.25651,-7.40593,662.355,672.855,-92.2835,1,0,55.4482
62.2667,2.25403,-7.40567,661.586,672.086,-92.2825,1,0,55.4482
62.275,2.25155,-7.40541,660.817,671.317,-92.2814,1,0,55.4482
62.2833,2.24907,-7.40516,660.048,670.548,-92.2804,1,0,55.4482
62.2917,2.24659,-7.4049,659.279,669.779,-92.2793,1,0,55.4482
62.3,2.24412,-7.40464,658.51,669.01,-92.2783,1,0,55.4482
62.3083,2.24164,-7.40439,657.741,668.241,-92.2773,1,0,55.4482
62.3167,2.23916,-7.40413,656.972,667.472,-92.2762,1,0,55.4482
62.325,2.23668,-7.40387,656.203,666.703,-92.2752,1,0,55.4482
62.3333,2.2342,-7.40361,655.435,665.935,-92.2741,1,0,55.4482
62.3417,2.23172,-7.40336,654.666,665.166,-92.2731,1,0,55.4482
62.35,2.22925,-7.4031,653.897,664.397,-92.272,1,0,55.4482
62.3583,2.22677,-7.40284,653.128,663.628,-92.271,1,0,55.4482
62.3667,2.22429,-7.40259,652.359,662.859,-92.2699,1,0,55.4482
62.375,2.22181,-7.40233,651.59,662.09,-92.2689,1,0,55.4482
62.3833,2.21933,-7.40207,650.821,661.321,-92.2679,1,0,55.4482
62.3917,2.21685,-7.40182,650.052,660.552,-92.2668,1,0,55.4482
62.4,2.21438,-7.40156,649.283,659.783,-92.2658,1,0,55.4482
62.4083,2.2119,-7.4013,648.514,659.014,-92.2647,1,0,55.4482
62.4167,2.20942,-7.40105,647.745,658.245,-92.2637,1,0,55.4482
62.425,2.20694,-7.40079,646.977,657.477,-92.2626,1,0,55.4482
62.4333,2.20446,-7.40053,646.208,656.708,-92.2616,1,0,55.4482
62.4417,2.20198,-7.40028,645.439,655.939,-92.2605,1,0,55.4482
62.45,2.19951,-7.40002,644.67,655.17,-92.2595,1,0,55.4482
62.4583,2.19703,-7.39976,643.901,654.401,-92.2585,1,0,55.4482
62.4667,2.19455,-7.3995,643.132,653.632,-92.2574,1,0,55.4482
62.475,2.19207,-7.39925,642.364,652.864,-92.2564,1,0,55.4482
62.4833,2.18959,-7.39899,641.595,652.095,-92.2553,1,0,55.4482
62.4917,2.18712,-7.39873,640.826,651.326,-92.2543,1,0,55.4482
62.5,2.18464,-7.39848,640.057,650.557,-92.2532,1,0,55.4482
62.5083,2.18216,-7.39822,639.288,649.788,-92.2522,1,0,55.4482
62.5167,2.17968,-7.39796,638.52,649.02,-92.2511,1,0,55.4482
62.525,2.1772,-7.39771,637.751,648.251,-92.2501,1,0,55.4482
62.5333,2.17473,-7.39745,636.982,647.482,-92.2491,1,0,55.4482
62.5417,2.17225,-7.39719,636.213,646.713,-92.248,1,0,55.4482
62.55,2.16977,-7.39694,635.445,645.945,-92.247,1,0,55.4482
62.5583,2.16729,-7.39668,634.676,645.176,-92.2459,1,0,55.4482
62.5667,2.16482,-7.39642,633.907,644.407,-92.2449,1,0,55.4482
62.575,2.16234,-7.39617,633.138,643.638,-92.2438,1,0,55.4482
62.5833,2.15986,-7.39591,632.37,642.87,-92.2428,1,0,55.4482
62.5917,2.15738,-7.39565,631.601,642.101,-92.2418,1,0,55.4482
62.6,2.15491,-7.3954,630.832,641.332,-92.2407,1,0,55.4482
62.6083,2.15243,-7.39514,630.064,640.564,-92.2397,1,0,55.4482
62.6167,2.14995,-7.39488,629.295,639.795,-92.2386,1,0,55.4482
62.625,2.14747,-7.39463,628.526,639.026,-92.2376,1,0,55.4482
62.6333,2.14499,-7.39437,627.758,638.258,-92.2365,1,0,55.4482
62.6417,2.14252,-7.39411,626.989,637.489,-92.2355,1,0,55.4482
62.65,2.14004,-7.39386,626.221,636.721,-92.2345,1,0,55.4482
62.6583,2.13756,-7.3936,625.452,635.952,-92.2334,1,0,55.4482
62.6667,2.13509,-7.39334,624.683,635.183,-92.2324,1,0,55.4482
62.675,2.13261,-7.39309,623.915,634.415,-92.2313,1,0,55.4482
62.6833,2.13013,-7.39283,623.146,633.646,-92.2303,1,0,55.4482
62.6917,2.12765,-7.39257,622.377,632.877,-92.2292,1,0,55.4482
62.7,2.12518,-7.39232,621.609,632.109,-92.2282,1,0,55.4482
62.7083,2.1227,-7.39206,620.84,631.34,-92.2271,1,0,55.4482
62.7167,2.12022,-7.3918,620.072,630.572,-92.2261,1,0,55.4482
62.725,2.11774,-7.39155,619.303,629.803,-92.2251,1,0,55.4482
62.7333,2.11527,-7.39129,618.535,629.035,-92.224,1,0,55.4482
62.7417,2.11279,-7.39103,617.766,628.266,-92.223,1,0,55.4482
62.75,2.11031,-7.39078,616.998,627.498,-92.2219,1,0,55.4482
62.7583,2.10784,-7.39052,616.229,626.729,-92.2209,1,0,55.4482
62.7667,2.10536,-7.39026,615.461,625.961,-92.2198,1,0,55.4482
62.775,2.10288,-7.39001,614.692,625.192,-92.2188,1,0,55.4482
62.7833,2.1004,-7.38975,613.924,624.424,-92.2178,1,0,55.4482
62.7917,2.09793,-7.38949,613.155,623.655,-92.2167,1,0,55.4482
62.8,2.09545,-7.38924,612.387,622.887,-92.2157,1,0,55.4482
62.8083,2.09297,-7.38898,611.618,622.118,-92.2146,1,0,55.4482
62.8167,2.0905,-7.38872,610.85,621.35,-92.2136,1,0,55.4482
62.825,2.08802,-7.38847,610.081,620.581,-92.2125,1,0,55.4482
62.8333,2.08554,-7.38821,609.313,619.813,-92.2115,1,0,55.4482
62.8417,2.08307,-7.38795,608.544,619.044,-92.2105,1,0,55.4482
62.85,2.08059,-7.3877,607.776,618.276,-92.2094,1,0,55.4482
62.8583,2.07811,-7.38744,607.008,617.508,-92.2084,1,0,55.4482
62.8667,2.07564,-7.38718,606.239,616.739,-92.2073,1,0,55.4482
62.875,2.07316,-7.38693,605.471,615.971,-92.2063,1,0,55.4482
62.8833,2.07068,-7.38667,604.702,615.202,-92.2052,1,0,55.4482
62.8917,2.06821,-7.38641,603.934,614.434,-92.2042,1,0,55.4482
62.9,2.06573,-7.38616,603.166,613.666,-92.2032,1,0,55.4482
62.9083,2.06325,-7.3859,602.397,612.897,-92.2021,1,0,55.4482
62.9167,2.06078,-7.38565,601.629,612.129,-92.2011,1,0,55.4482
62.925,2.0583,-7.38539,600.861,611.361,-92.2,1,0,55.4482
62.9333,2.05582,-7.38513,600.092,610.592,-92.199,1,0,55.4482
62.9417,2.05335,-7.38488,599.324,609.824,-92.198,1,0,55.4482
62.95,2.05087,-7.38462,598.556,609.056,-92.1969,1,0,55.4482
62.9583,2.04839,-7.38436,597.787,608.287,-92.1959,1,0,55.4482
62.9667,2.04592,-7.38411,597.019,607.519,-92.1948,1,0,55.4482
62.975,2.04344,-7.38385,596.251,606.751,-92.1938,1,0,55.4482
62.9833,2.04097,-7.38359,595.482,605.982,-92.1927,1,0,55.4482
62.9917,2.03849,-7.38334,594.714,605.214,-92.1917,1,0,55.4482
63,2.03601,-7.38308,593.946,604.446,-92.1907,1,0,55.4482
63.0083,2.03354,-7.38282,593.178,603.678,-92.1896,1,0,55.4482
63.0167,2.03106,-7.38257,592.409,602.909,-92.1886,1,0,55.4482
63.025,2.02858,-7.38231,591.641,602.141,-92.1875,1,0,55.4482
63.0333,2.02611,-7.38205,590.873,601.373,-92.1865,1,0,55.4482
63.0417,2.02363,-7.3818,590.105,600.605,-92.1854,1,0,55.4482
63.05,2.02116,-7.38154,589.337,599.837,-92.1844,1,0,55.4482
63.0583,2.01868,-7.38129,588.568,599.068,-92.1834,1,0,55.4482
63.0667,2.0162,-7.38103,587.8,598.3,-92.1823,1,0,55.4482
63.075,2.01373,-7.38077,587.032,597.532,-92.1813,1,0,55.4482
63.0833,2.01125,-7.38052,586.264,596.764,-92.1802,1,0,55.4482
63.0917,2.00878,-7.38026,585.496,595.996,-92.1792,1,0,55.4482
63.1,2.0063,-7.38,584.727,595.227,-92.1782,1,0,55.4482
63.1083,2.00382,-7.37975,583.959,594.459,-92.1771,1,0,55.4482
63.1167,2.00135,-7.37949,583.191,593.691,-92.1761,1,0,55.4482
63.125,1.99887,-7.37923,582.423,592.923,-92.175,1,0,55.4482
63.1333,1.9964,-7.37898,581.655,592.155,-92.174,1,0,55.4482
63.1417,1.99392,-7.37872,580.887,591.387,-92.1729,1,0,55.4482
63.15,1.99145,-7.37847,580.119,590.619,-92.1719,1,0,55.4482
63.1583,1.98897,-7.37821,579.351,589.851,-92.1709,1,0,55.4482
63.1667,1.98649,-7.37795,578.582,589.082,-92.1698,1,0,55.4482
63.175,1.98402,-7.3777,577.814,588.314,-92.1688,1,0,55.4482
63.1833,1.98154,-7.37744,577.046,587.546,-92.1677,1,0,55.4482
63.1917,1.97907,-7.37718,576.278,586.778,-92.1667,1,0,55.4482
63.2,1.97659,-7.37693,575.51,586.01,-92.1657,1,0,55.4482
63.2083,1.97412,-7.37667,574.742,585.242,-92.1646,1,0,55.4482
63.2167,1.97164,-7.37641,573.974,584.474,-92.1636,1,0,55.4482
63.225,1.96916,-7.37616,573.206,583.706,-92.1625,1,0,55.4482
63.2333,1.96669,-7.3759,572.438,582.938,-92.1615,1,0,55.4482
63.2417,1.96421,-7.37565,571.67,582.17,-92.1604,1,0,55.4482
63.25,1.96174,-7.37539,570.902,581.402,-92.1594,1,0,55.4482
63.2583,1.95926,-7.37513,570.134,580.634,-92.1584,1,0,55.4482
63.2667,1.95679,-7.37488,569.366,579.866,-92.1573,1,0,55.4482
63.275,1.95431,-7.37462,568.598,579.098,-92.1563,1,0,55.4482
63.2833,1.95184,-7.37436,567.83,578.33,-92.1552,1,0,55.4482
63.2917,1.94936,-7.37411,567.062,577.562,-92.1542,1,0,55.4482
63.3,1.94689,-7.37385,566.294,576.794,-92.1532,1,0,55.4482
63.3083,1.94441,-7.3736,565.526,576.026,-92.1521,1,0,55.4482
63.3167,1.94194,-7.37334,564.758,575.258,-92.1511,1,0,55.4482
63.325,1.93946,-7.37308,563.99,574.49,-92.15,1,0,55.4482
63.3333,1.93699,-7.37283,563.223,573.723,-92.149,1,0,55.4482
63.3417,1.93451,-7.37257,562.455,572.955,-92.148,1,0,55.4482
63.35,1.93204,-7.37231,561.687,572.187,-92.1469,1,0,55.4482
63.3583,1.92956,-7.37206,560.919,571.419,-92.1459,1,0,55.4482
63.3667,1.92709,-7.3718,560.151,570.651,-92.1448,1,0,55.4482
63.375,1.92461,-7.37155,559.383,569.883,-92.1438,1,0,55.4482
63.3833,1.92214,-7.37129,558.615,569.115,-92.1427,1,0,55.4482
63.3917,1.91966,-7.37103,557.847,568.347,-92.1417,1,0,55.4482
63.4,1.91719,-7.37078,557.079,567.579,-92.1407,1,0,55.4482
63.4083,1.91471,-7.37052,556.312,566.812,-92.1396,1,0,55.4482
63.4167,1.91224,-7.37027,555.544,566.044,-92.1386,1,0,55.4482
63.425,1.90976,-7.37001,554.776,565.276,-92.1375,1,0,55.4482
63.4333,1.90729,-7.36975,554.008,564.508,-92.1365,1,0,55.4482
63.4417,1.90481,-7.3695,553.24,563.74,-92.1355,1,0,55.4482
63.45,1.90234,-7.36924,552.473,562.973,-92.1344,1,0,55.4482
63.4583,1.89986,-7.36898,551.705,562.205,-92.1334,1,0,55.4482
63.4667,1.89739,-7.36873,550.937,561.437,-92.1323,1,0,55.4482
63.475,1.89491,-7.36847,550.169,560.669,-92.1313,1,0,55.4482
63.4833,1.89244,-7.36822,549.401,559.901,-92.1303,1,0,55.4482
63.4917,1.88996,-7.36796,548.634,559.134,-92.1292,1,0,55.4482
63.5,1.88749,-7.3677,547.866,558.366,-92.1282,1,0,55.4482
63.5083,1.88501,-7.36745,547.098,557.598,-92.1271,1,0,55.4482
63.5167,1.88254,-7.36719,546.331,556.831,-92.1261,1,0,55.4482
63.525,1.88007,-7.36694,545.563,556.063,-92.1251,1,0,55.4482
63.5333,1.87759,-7.36668,544.795,555.295,-92.124,1,0,55.4482
63.5417,1.87512,-7.36642,544.027,554.527,-92.123,1,0,55.4482
63.55,1.87264,-7.36617,543.26,553.76,-92.1219,1,0,55.4482
63.5583,1.87017,-7.36591,542.492,552.992,-92.1209,1,0,55.4482
63.5667,1.86769,-7.36566,541.724,552.224,-92.1199,1,0,55.4482
63.575,1.86522,-7.3654,540.957,551.457,-92.1188,1,0,55.4482
63.5833,1.86274,-7.36514,540.189,550.689,-92.1178,1,0,55.4482
63.5917,1.86027,-7.36489,539.421,549.921,-92.1167,1,1,55.4482
63.6,1.8578,-7.36463,538.654,549.154,-92.1157,1,1,55.4482
63.6083,1.85532,-7.36438,537.886,548.386,-70.8148,1,1,55.4482
63.6167,1.85394,-7.36423,537.459,547.959,-65.4904,1,1,55.4482
63.625,1.85208,-7.36404,536.88,547.38,-59.0634,1,1,55.4482
63.6333,1.85059,-7.36389,536.418,546.918,-54.065,1,1,55.4482
63.6417,1.84919,-7.36374,535.983,546.483,-49.8304,1,1,55.4482
63.65,1.8479,-7.36361,535.583,546.083,-46.2391,1,1,55.4482
63.6583,1.8467,-7.36349,535.211,545.711,-43.1551,1,1,55.4482
63.6667,1.84557,-7.36337,534.862,545.362,-40.4821,1,1,55.4482
63.675,1.84452,-7.36327,534.534,545.034,-38.1459,1,1,55.4482
63.6833,1.84352,-7.36316,534.225,544.725,-36.0889,1,1,55.4482
63.6917,1.84258,-7.36307,533.932,544.432,-34.2659,1,1,55.4482
63.7,1.84168,-7.36298,533.653,544.153,-32.6407,1,1,55.4482
63.7083,1.84082,-7.36289,533.387,543.887,-31.1844,1,1,55.4482
63.7167,1.84,-7.36281,533.133,543.633,-29.8731,1,1,55.4482
63.725,1.83921,-7.36273,532.889,543.389,-28.6873,1,1,55.4482
63.7333,1.83846,-7.36266,532.654,543.154,-27.6109,1,1,55.4482
63.7417,1.83773,-7.36259,532.428,542.928,-26.6303,1,1,55.4482
63.75,1.83703,-7.36252,532.21,542.71,-25.7341,1,1,55.4482
63.7583,1.83635,-7.36246,531.999,542.499,-24.9125,1,1,55.4482
63.7667,1.83569,-7.36239,531.795,542.295,-24.1574,1,1,55.4482
63.775,1.83505,-7.36233,531.596,542.096,-23.4616,1,1,55.4482
63.7833,1.83443,-7.36228,531.403,541.903,-22.819,1,1,55.4482
63.7917,1.83382,-7.36222,531.216,541.716,-22.2242,1,1,55.4482
63.8,1.83323,-7.36216,531.033,541.533,-21.6725,1,1,55.4482
63.8083,1.83266,-7.36211,530.854,541.354,-21.16,1,1,55.4482
63.8167,1.8321,-7.36206,530.68,541.18,-20.6829,1,1,55.4482
63.825,1.83155,-7.36201,530.51,541.01,-20.2383,1,1,55.4482
63.8333,1.83101,-7.36196,530.343,540.843,-19.8231,1,1,55.4482
63.8417,1.83048,-7.36192,530.179,540.679,-19.435,1,1,55.4482
63.85,1.82996,-7.36187,530.019,540.519,-19.0716,1,1,55.4482
63.8583,1.82946,-7.36183,529.861,540.361,-18.7311,1,1,55.4482
63.8667,1.82896,-7.36179,529.706,540.206,-18.4115,1,1,55.4482
63.875,1.82847,-7.36175,529.554,540.054,-18.1114,1,1,55.4482
63.8833,1.82798,-7.36171,529.405,539.905,-17.8292,1,1,55.4482
63.8917,1.82751,-7.36167,529.257,539.757,-17.5635,1,1,55.4482
63.9,1.82704,-7.36163,529.112,539.612,-17.3133,1,1,55.4482
63.9083,1.82658,-7.36159,528.968,539.468,-17.0774,1,1,55.4482
63.9167,1.82612,-7.36155,528.827,539.327,-16.8548,1,1,55.4482
63.925,1.82567,-7.36152,528.688,539.188,-16.6446,1,1,55.4482
63.9333,1.82523,-7.36149,528.55,539.05,-16.4459,1,1,55.4482
63.9417,1.82479,-7.36145,528.413,538.913,-16.2581,1,1,55.4482
63.95,1.82436,-7.36142,528.279,538.779,-16.0804,1,1,55.4482
63.9583,1.82393,-7.36139,528.145,538.645,-15.9121,1,1,55.4482
63.9667,1.8235,-7.36136,528.013,538.513,-15.7528,1,1,55.4482
63.975,1.82308,-7.36132,527.883,538.383,-15.6017,1,1,55.4482
63.9833,1.82266,-7.36129,527.753,538.253,-15.4584,1,1,55.4482
63.9917,1.82225,-7.36127,527.625,538.125,-15.3225,1,1,55.4482
64,1.82184,-7.36124,527.498,537.998,-15.1935,1,1,55.4482
64.0083,1.82143,-7.36121,527.372,537.872,-15.071,1,1,55.4482
64.0167,1.82103,-7.36118,527.247,537.747,-14.9547,1,1,55.4482
64.025,1.82063,-7.36115,527.123,537.623,-14.8441,1,1,55.4482
64.0333,1.82023,-7.36113,526.999,537.499,-14.7389,1,1,55.4482
64.0417,1.81984,-7.3611,526.877,537.377,-14.6389,1,1,55.4482
64.05,1.81945,-7.36108,526.755,537.255,-14.5438,1,1,55.4482
64.0583,1.81906,-7.36105,526.635,537.135,-14.4533,1,1,55.4482
64.0667,1.81867,-7.36103,526.514,537.014,-14.3671,1,1,55.4482
64.075,1.81828,-7.361,526.395,536.895,-14.285,1,1,55.4482
64.0833,1.8179,-7.36098,526.276,536.776,-14.2068,1,1,55.4482
64.0917,1.81752,-7.36096,526.158,536.658,-14.1323,1,1,55.4482
64.1,1.81714,-7.36094,526.041,536.541,-14.0614,1,1,55.4482
64.1083,1.81677,-7.36091,525.924,536.424,-13.9937,1,1,55.4482
64.1167,1.81639,-7.36089,525.808,536.308,-13.9292,1,1,55.4482
64.125,1.81602,-7.36087,525.692,536.192,-13.8676,1,1,55.4482
64.1333,1.81565,-7.36085,525.576,536.076,-13.809,1,1,55.4482
64.1417,1.81528,-7.36083,525.462,535.962,-13.753,1,1,55.4482
64.15,1.81491,-7.36081,525.347,535.847,-13.6995,1,1,55.4482
64.1583,1.81454,-7.36079,525.233,535.733,-13.6485,1,1,55.4482
64.1667,1.81417,-7.36077,525.12,535.62,-13.5999,1,1,55.4482
64.175,1.81381,-7.36075,525.007,535.507,-13.5534,1,1,55.4482
64.1833,1.81345,-7.36073,524.894,535.394,-13.509,1,1,55.4482
64.1917,1.81308,-7.36071,524.781,535.281,-13.4666,1,1,55.4482
64.2,1.81272,-7.3607,524.669,535.169,-13.4262,1,1,55.4482
64.2083,1.81236,-7.36068,524.558,535.058,-13.3875,1,1,55.4482
64.2167,1.812,-7.36066,524.446,534.946,-13.3505,1,1,55.4482
64.225,1.81164,-7.36064,524.335,534.835,-13.3152,1,1,55.4482
64.2333,1.81129,-7.36063,524.224,534.724,-13.2815,1,1,55.4482
64.2417,1.81093,-7.36061,524.114,534.614,-13.2492,1,1,55.4482
64.25,1.81058,-7.36059,524.003,534.503,-13.2184,1,1,55.4482
64.2583,1.81022,-7.36058,523.893,534.393,-13.1889,1,1,55.4482
64.2667,1.80987,-7.36056,523.784,534.284,-13.1608,1,1,55.4482
64.275,1.80951,-7.36054,523.674,534.174,-13.1338,1,1,55.4482
64.2833,1.80916,-7.36053,523.565,534.065,-13.1081,1,1,55.4482
64.2917,1.80881,-7.36051,523.456,533.956,-13.0834,1,1,55.4482
64.3,1.80846,-7.3605,523.347,533.847,-13.0599,1,1,55.4482
64.3083,1.80811,-7.36048,523.238,533.738,-13.0373,1,1,55.4482
64.3167,1.80776,-7.36047,523.129,533.629,-13.0158,1,1,55.4482
64.325,1.80741,-7.36046,523.021,533.521,-12.9952,1,1,55.4482
64.3333,1.80706,-7.36044,522.913,533.413,-12.9754,1,1,55.4482
64.3417,1.80671,-7.36043,522.805,533.305,-12.9565,1,1,55.4482
64.35,1.80636,-7.36041,522.697,533.197,-12.9385,1,1,55.4482
64.3583,1.80602,-7.3604,522.589,533.089,-12.9212,1,1,55.4482
64.3667,1.80567,-7.36039,522.481,532.981,-12.9047,1,1,55.4482
64.375,1.80532,-7.36037,522.374,532.874,-12.8888,1,1,55.4482
64.3833,1.80498,-7.36036,522.267,532.767,-12.8737,1,1,55.4482
64.3917,1.80463,-7.36035,522.159,532.659,-12.8592,1,1,55.4482
64.4,1.80429,-7.36034,522.052,532.552,-12.8453,1,1,55.4482
64.4083,1.80394,-7.36032,521.945,532.445,-12.832,1,1,55.4482
64.4167,1.8036,-7.36031,521.838,532.338,-12.8193,1,1,55.4482
64.425,1.80325,-7.3603,521.732,532.232,-12.8071,1,1,55.4482
64.4333,1.80291,-7.36029,521.625,532.125,-12.7955,1,1,55.4482
64.4417,1.80257,-7.36028,521.518,532.018,-12.7843,1,1,55.4482
64.45,1.80222,-7.36026,521.412,531.912,-12.7736,1,1,55.4482
64.4583,1.80188,-7.36025,521.306,531.806,-12.7634,1,1,55.4482
64.4667,1.80154,-7.36024,521.199,531.699,-12.7536,1,1,55.4482
64.475,1.8012,-7.36023,521.093,531.593,-12.7442,1,1,55.4482
64.4833,1.80085,-7.36022,520.987,531.487,-12.7352,1,1,55.4482
64.4917,1.80051,-7.36021,520.881,531.381,-12.7266,1,1,55.4482
64.5,1.80017,-7.3602,520.775,531.275,-12.7184,1,1,55.4482
64.5083,1.79983,-7.36019,520.669,531.169,-12.7105,1,1,55.4482
64.5167,1.79949,-7.36018,520.563,531.063,-12.7029,1,1,55.4482
64.525,1.79915,-7.36017,520.457,530.957,-12.6957,1,1,55.4482
64.5333,1.7988,-7.36016,520.351,530.851,-12.6888,1,1,55.4482
64.5417,1.79846,-7.36015,520.246,530.746,-12.6821,1,1,55.4482
64.55,1.79812,-7.36014,520.14,530.64,-12.6758,1,1,55.4482
64.5583,1.79778,-7.36013,520.034,530.534,-12.6697,1,1,55.4482
64.5667,1.79744,-7.36012,519.929,530.429,-12.6639,1,1,55.4482
64.575,1.7971,-7.36011,519.823,530.323,-12.6583,1,1,55.4482
64.5833,1.79676,-7.3601,519.718,530.218,-12.6529,1,1,55.4482
64.5917,1.79642,-7.36009,519.612,530.112,-12.6478,1,1,55.4482
64.6,1.79608,-7.36008,519.507,530.007,-12.6429,1,1,55.4482
64.6083,1.79574,-7.36007,519.402,529.902,-12.6382,1,1,55.4482
64.6167,1.7954,-7.36006,519.296,529.796,-12.6337,1,1,55.4482
64.625,1.79506,-7.36005,519.191,529.691,-12.6294,1,1,55.4482
64.6333,1.79473,-7.36004,519.086,529.586,-12.6252,1,1,55.4482
64.6417,1.79439,-7.36003,518.981,529.481,-12.6213,1,1,55.4482
64.65,1.79405,-7.36002,518.875,529.375,-12.6175,1,1,55.4482
64.6583,1.79371,-7.36001,518.77,529.27,-12.6138,1,1,55.4482
64.6667,1.79337,-7.36001,518.665,529.165,-12.6103,1,1,55.4482
64.675,1.79303,-7.36,518.56,529.06,-12.607,1,1,55.4482
64.6833,1.79269,-7.35999,518.455,528.955,-12.6038,1,1,55.4482
64.6917,1.79235,-7.35998,518.35,528.85,-12.6007,1,1,55.4482
64.7,1.79202,-7.35997,518.245,528.745,-12.5978,1,1,55.4482
64.7083,1.79168,-7.35996,518.14,528.64,-12.595,1,1,55.4482
64.7167,1.79134,-7.35996,518.035,528.535,-12.5923,1,1,55.4482
64.725,1.791,-7.35995,517.93,528.43,-12.5897,1,1,55.4482
64.7333,1.79066,-7.35994,517.825,528.325,-12.5872,1,1,55.4482
64.7417,1.79033,-7.35993,517.72,528.22,-12.5849,1,1,55.4482
64.75,1.78999,-7.35992,517.616,528.116,-12.5826,1,1,55.4482
64.7583,1.78965,-7.35992,517.511,528.011,-12.5804,1,1,55.4482
64.7667,1.78931,-7.35991,517.406,527.906,-12.5783,1,1,55.4482
64.775,1.78897,-7.3599,517.301,527.801,-12.5763,1,1,55.4482
64.7833,1.78864,-7.35989,517.196,527.696,-12.5744,1,1,55.4482
64.7917,1.7883,-7.35989,517.092,527.592,-12.5725,1,1,55.4482
64.8,1.78796,-7.35988,516.987,527.487,-12.5708,1,1,55.4482
64.8083,1.78762,-7.35987,516.882,527.382,-12.5691,1,1,55.4482
64.8167,1.78729,-7.35986,516.777,527.277,-12.5675,1,1,55.4482
64.825,1.78695,-7.35986,516.673,527.173,-12.5659,1,1,55.4482
64.8333,1.78661,-7.35985,516.568,527.068,-12.5644,1,1,55.4482
64.8417,1.78627,-7.35984,516.463,526.963,-12.563,1,1,55.4482
64.85,1.78594,-7.35983,516.358,526.858,-12.5616,1,1,55.4482
64.8583,1.7856,-7.35983,516.254,526.754,-12.5603,1,1,55.4482
64.8667,1.78526,-7.35982,516.149,526.649,-12.5591,1,1,55.4482
64.875,1.78492,-7.35981,516.044,526.544,-12.5579,1,1,55.4482
64.8833,1.78459,-7.35981,515.94,526.44,-12.5567,1,1,55.4482
64.8917,1.78425,-7.3598,515.835,526.335,-12.5556,1,1,55.4482
64.9,1.78391,-7.35979,515.731,526.231,-12.5545,1,1,55.4482
64.9083,1.78357,-7.35979,515.626,526.126,-12.5535,1,1,55.4482
64.9167,1.78324,-7.35978,515.521,526.021,-12.5525,1,1,55.4482
64.925,1.7829,-7.35977,515.417,525.917,-12.5516,1,1,55.4482
64.9333,1.78256,-7.35977,515.312,525.812,-12.5507,1,1,55.4482
64.9417,1.78223,-7.35976,515.208,525.708,-12.5498,1,1,55.4482
64.95,1.78189,-7.35975,515.103,525.603,-12.549,1,1,55.4482
64.9583,1.78155,-7.35975,514.998,525.498,-12.5482,1,1,55.4482
64.9667,1.78121,-7.35974,514.894,525.394,-12.5475,1,1,55.4482
64.975,1.78088,-7.35973,514.789,525.289,-12.5467,1,1,55.4482
64.9833,1.78054,-7.35973,514.685,525.185,-12.546,1,1,55.4482
64.9917,1.7802,-7.35972,514.58,525.08,-12.5454,1,1,55.4482
65,1.77987,-7.35971,514.476,524.976,-12.5447,1,1,55.4482
65.0083,1.77953,-7.35971,514.371,524.871,-12.5441,1,1,55.4482
65.0167,1.77919,-7.3597,514.267,524.767,-12.5435,1,1,55.4482
65.025,1.77886,-7.35969,514.162,524.662,-12.5429,1,1,55.4482
65.0333,1.77852,-7.35969,514.058,524.558,-12.5424,1,1,55.4482
65.0417,1.77818,-7.35968,513.953,524.453,-12.5419,1,1,55.4482
65.05,1.77785,-7.35968,513.848,524.348,-12.5414,1,1,55.4482
65.0583,1.77751,-7.35967,513.744,524.244,-12.5409,1,1,55.4482
65.0667,1.77717,-7.35966,513.639,524.139,-12.5404,1,1,55.4482
65.075,1.77684,-7.35966,513.535,524.035,-12.54,1,1,55.4482
65.0833,1.7765,-7.35965,513.43,523.93,-12.5396,1,1,55.4482
65.0917,1.77616,-7.35965,513.326,523.826,-12.5392,1,1,55.4482
65.1,1.77582,-7.35964,513.221,523.721,-12.5388,1,1,55.4482
65.1083,1.77549,-7.35963,513.117,523.617,-12.5384,1,1,55.4482
65.1167,1.77515,-7.35963,513.013,523.513,-12.538,1,1,55.4482
65.125,1.77481,-7.35962,512.908,523.408,-12.5377,1,1,55.4482
65.1333,1.77448,-7.35962,512.804,523.304,-12.5373,1,1,55.4482
65.1417,1.77414,-7.35961,512.699,523.199,-12.537,1,1,55.4482
65.15,1.7738,-7.3596,512.595,523.095,-12.5367,1,1,55.4482
65.1583,1.77347,-7.3596,512.49,522.99,-12.5364,1,1,55.4482
65.1667,1.77313,-7.35959,512.386,522.886,-12.5361,1,1,55.4482
65.175,1.77279,-7.35959,512.281,522.781,-12.5359,1,1,55.4482
65.1833,1.77246,-7.35958,512.177,522.677,-12.5356,1,1,55.4482
65.1917,1.77212,-7.35957,512.072,522.572,-12.5353,1,1,55.4482
65.2,1.77178,-7.35957,511.968,522.468,-12.5351,1,1,55.4482
65.2083,1.77145,-7.35956,511.863,522.363,-12.5349,1,1,55.4482
65.2167,1.77111,-7.35956,511.759,522.259,-12.5346,1,1,55.4482
65.225,1.77077,-7.35955,511.654,522.154,-12.5344,1,1,55.4482
65.2333,1.77044,-7.35955,511.55,522.05,-12.5342,1,1,55.4482
65.2417,1.7701,-7.35954,511.446,521.946,-12.534,1,1,55.4482
65.25,1.76976,-7.35954,511.341,521.841,-12.5338,1,1,55.4482
65.2583,1.76943,-7.35953,511.237,521.737,-12.5336,1,1,55.4482
65.2667,1.76909,-7.35952,511.132,521.632,-12.5335,1,1,55.4482
65.275,1.76875,-7.35952,511.028,521.528,-12.5333,1,1,55.4482
65.2833,1.76842,-7.35951,510.923,521.423,-12.5331,1,1,55.4482
65.2917,1.76808,-7.35951,510.819,521.319,-12.533,1,1,55.4482
65.3,1.76774,-7.3595,510.714,521.214,-12.5328,1,1,55.4482
65.3083,1.76741,-7.3595,510.61,521.11,-12.5327,1,1,55.4482
65.3167,1.76707,-7.35949,510.506,521.006,-12.5325,1,1,55.4482
65.325,1.76673,-7.35949,510.401,520.901,-12.5324,1,1,55.4482
65.3333,1.7664,-7.35948,510.297,520.797,-12.5323,1,1,55.4482
65.3417,1.76606,-7.35947,510.192,520.692,-12.5321,1,1,55.4482
65.35,1.76572,-7.35947,510.088,520.588,-12.532,1,1,55.4482
65.3583,1.76539,-7.35946,509.983,520.483,-12.5319,1,1,55.4482
65.3667,1.76505,-7.35946,509.879,520.379,-12.5318,1,1,55.4482
65.375,1.76471,-7.35945,509.774,520.274,-12.5317,1,1,55.4482
65.3833,1.76438,-7.35945,509.67,520.17,-12.5316,1,1,55.4482
65.3917,1.76404,-7.35944,509.566,520.066,-12.5315,1,1,55.4482
65.4,1.76371,-7.35944,509.461,519.961,-12.5314,1,1,55.4482
65.4083,1.76337,-7.35943,509.357,519.857,-12.5313,1,1,55.4482
65.4167,1.76303,-7.35943,509.252,519.752,-12.5312,1,1,55.4482
65.425,1.7627,-7.35942,509.148,519.648,-12.5311,1,1,55.4482
65.4333,1.76236,-7.35942,509.043,519.543,-12.531,1,1,55.4482
65.4417,1.76202,-7.35941,508.939,519.439,-12.5309,1,1,55.4482
65.45,1.76169,-7.35941,508.835,519.335,-12.5308,1,1,55.4482
65.4583,1.76135,-7.3594,508.73,519.23,-12.5307,1,1,55.4482
65.4667,1.76101,-7.3594,508.626,519.126,-12.5307,1,1,55.4482
65.475,1.76068,-7.35939,508.521,519.021,-12.5306,1,1,55.4482
65.4833,1.76034,-7.35939,508.417,518.917,-12.5305,1,1,55.4482
65.4917,1.76,-7.35938,508.313,518.813,-12.5305,1,1,55.4482
65.5,1.75967,-7.35937,508.208,518.708,-12.5304,1,1,55.4482
65.5083,1.75933,-7.35937,508.104,518.604,-12.5303,1,1,55.4482
65.5167,1.75899,-7.35936,507.999,518.499,-12.5303,1,1,55.4482
65.525,1.75866,-7.35936,507.895,518.395,-12.5302,1,1,55.4482
65.5333,1.75832,-7.35935,507.79,518.29,-12.5301,1,1,55.4482
65.5417,1.75798,-7.35935,507.686,518.186,-12.5301,1,1,55.4482
65.55,1.75765,-7.35934,507.582,518.082,-12.53,1,1,55.4482
65.5583,1.75731,-7.35934,507.477,517.977,-12.53,1,1,55.4482
65.5667,1.75697,-7.35933,507.373,517.873,-12.5299,1,1,55.4482
65.575,1.75664,-7.35933,507.268,517.768,-12.5299,1,1,55.4482
65.5833,1.7563,-7.35932,507.164,517.664,-12.5298,1,1,55.4482
65.5917,1.75596,-7.35932,507.06,517.56,-12.5298,1,1,55.4482
65.6,1.75563,-7.35931,506.955,517.455,-12.5297,1,1,55.4482
65.6083,1.75529,-7.35931,506.851,517.351,-12.5297,1,1,55.4482
65.6167,1.75495,-7.3593,506.746,517.246,-12.5296,1,1,55.4482
65.625,1.75462,-7.3593,506.642,517.142,-12.5296,1,1,55.4482
65.6333,1.75428,-7.35929,506.537,517.037,-12.5295,1,1,55.4482
65.6417,1.75395,-7.35929,506.433,516.933,-12.5295,1,1,55.4482
65.65,1.75361,-7.35928,506.329,516.829,-12.5295,1,1,55.4482
65.6583,1.75327,-7.35928,506.224,516.724,-12.5294,1,1,55.4482
65.6667,1.75294,-7.35927,506.12,516.62,-12.5294,1,1,55.4482
65.675,1.7526,-7.35927,506.015,516.515,-12.5293,1,1,55.4482
65.6833,1.75226,-7.35926,505.911,516.411,-12.5293,1,1,55.4482
65.6917,1.75193,-7.35926,505.807,516.307,-12.5293,1,1,55.4482
65.7,1.75159,-7.35925,505.702,516.202,-12.5292,1,1,55.4482
65.7083,1.75125,-7.35925,505.598,516.098,-12.5292,1,1,55.4482
65.7167,1.75092,-7.35924,505.493,515.993,-12.5292,1,1,55.4482
65.725,1.75058,-7.35924,505.389,515.889,-12.5291,1,1,55.4482
65.7333,1.75024,-7.35923,505.285,515.785,-12.5291,1,1,55.4482
65.7417,1.74991,-7.35923,505.18,515.68,-12.529,1,1,55.4482
65.75,1.74957,-7.35922,505.076,515.576,-12.529,1,1,55.4482
65.7583,1.74923,-7.35922,504.971,515.471,-12.529,1,1,55.4482
65.7667,1.7489,-7.35921,504.867,515.367,-12.529,1,1,55.4482
65.775,1.74856,-7.35921,504.762,515.262,-12.5289,1,1,55.4482
65.7833,1.74822,-7.3592,504.658,515.158,-12.5289,1,1,55.4482
65.7917,1.74789,-7.3592,504.554,515.054,-12.5289,1,1,55.4482
65.8,1.74755,-7.35919,504.449,514.949,-12.5288,1,1,55.4482
65.8083,1.74721,-7.35919,504.345,514.845,-12.5288,1,1,55.4482
65.8167,1.74688,-7.35918,504.24,514.74,-12.5288,1,1,55.4482
65.825,1.74654,-7.35918,504.136,514.636,-12.5287,1,1,55.4482
65.8333,1.74621,-7.35917,504.032,514.532,-12.5287,1,1,55.4482
65.8417,1.74587,-7.35917,503.927,514.427,-12.5287,1,1,55.4482
65.85,1.74553,-7.35916,503.823,514.323,-12.5287,1,1,55.4482
65.8583,1.7452,-7.35916,503.718,514.218,-12.5286,1,1,55.4482
65.8667,1.74486,-7.35915,503.614,514.114,-12.5286,1,1,55.4482
65.875,1.74452,-7.35915,503.51,514.01,-12.5286,1,1,55.4482
65.8833,1.74419,-7.35914,503.405,513.905,-12.5286,1,1,55.4482
65.8917,1.74385,-7.35914,503.301,513.801,-12.5285,1,1,55.4482
65.9,1.74351,-7.35913,503.196,513.696,-12.5285,1,1,55.4482
65.9083,1.74318,-7.35913,503.092,513.592,-12.5285,1,1,55.4482
65.9167,1.74284,-7.35912,502.988,513.488,-12.5285,1,1,55.4482
65.925,1.7425,-7.35912,502.883,513.383,-12.5284,1,1,55.4482
65.9333,1.74217,-7.35912,502.779,513.279,-12.5284,1,1,55.4482
65.9417,1.74183,-7.35911,502.674,513.174,-12.5284,1,1,55.4482
65.95,1.74149,-7.35911,502.57,513.07,-12.5284,1,1,55.4482
65.9583,1.74116,-7.3591,502.466,512.966,-12.5283,1,1,55.4482
65.9667,1.74082,-7.3591,502.361,512.861,-12.5283,1,1,55.4482
65.975,1.74048,-7.35909,502.257,512.757,-12.5283,1,1,55.4482
65.9833,1.74015,-7.35909,502.152,512.652,-12.5283,1,1,55.4482
65.9917,1.73981,-7.35908,502.048,512.548,-12.5282,1,1,55.4482
66,1.73948,-7.35908,501.944,512.444,-12.5282,1,1,55.4482
66.0083,1.73914,-7.35907,501.839,512.339,-12.5282,1,1,55.4482
66.0167,1.7388,-7.35907,501.735,512.235,-12.5282,1,1,55.4482
66.025,1.73847,-7.35906,501.63,512.13,-12.5282,1,1,55.4482
66.0333,1.73813,-7.35906,501.526,512.026,-12.5281,1,1,55.4482
66.0417,1.73779,-7.35905,501.422,511.922,-12.5281,1,1,55.4482
66.05,1.73746,-7.35905,501.317,511.817,-12.5281,1,1,55.4482
66.0583,1.73712,-7.35904,501.213,511.713,-12.5281,1,1,55.4482
66.0667,1.73678,-7.35904,501.108,511.608,-12.528,1,1,55.4482
66.075,1.73645,-7.35903,501.004,511.504,-12.528,1,1,55.4482
66.0833,1.73611,-7.35903,500.9,511.4,-12.528,1,1,55.4482
66.0917,1.73577,-7.35902,500.795,511.295,-12.528,1,1,55.4482
66.1,1.73544,-7.35902,500.691,511.191,-12.528,1,1,55.4482
66.1083,1.7351,-7.35901,500.586,511.086,-12.5279,1,1,55.4482
66.1167,1.73476,-7.35901,500.482,510.982,-12.5279,1,1,55.4482
66.125,1.73443,-7.359,500.378,510.878,-12.5279,1,1,55.4482
66.1333,1.73409,-7.359,500.273,510.773,-12.5279,1,1,55.4482
66.1417,1.73375,-7.35899,500.169,510.669,-12.5279,1,1,55.4482
66.15,1.73342,-7.35899,500.064,510.564,-12.5278,1,1,55.4482
66.1583,1.73308,-7.35898,499.96,510.46,-12.5278,1,1,55.4482
66.1667,1.73275,-7.35898,499.856,510.356,-12.5278,1,1,55.4482
66.175,1.73241,-7.35897,499.751,510.251,-12.5278,1,1,55.4482
66.1833,1.73207,-7.35897,499.647,510.147,-12.5277,1,1,55.4482
66.1917,1.73174,-7.35897,499.542,510.042,-12.5277,1,1,55.4482
66.2,1.7314,-7.35896,499.438,509.938,-12.5277,1,1,55.4482
66.2083,1.73106,-7.35896,499.334,509.834,-12.5277,1,1,55.4482
66.2167,1.73073,-7.35895,499.229,509.729,-12.5277,1,1,55.4482
66.225,1.73039,-7.35895,499.125,509.625,-12.5276,1,1,55.4482
66.2333,1.73005,-7.35894,499.02,509.52,-12.5276,1,1,55.4482
66.2417,1.72972,-7.35894,498.916,509.416,-12.5276,1,1,55.4482
66.25,1.72938,-7.35893,498.812,509.312,-12.5276,1,1,55.4482
66.2583,1.72904,-7.35893,498.707,509.207,-12.5276,1,1,55.4482
66.2667,1.72871,-7.35892,498.603,509.103,-12.5275,1,1,55.4482
66.275,1.72837,-7.35892,498.498,508.998,-12.5275,1,1,55.4482
66.2833,1.72803,-7.35891,498.394,508.894,-12.5275,1,1,55.4482
66.2917,1.7277,-7.35891,498.29,508.79,-12.5275,1,1,55.4482
66.3,1.72736,-7.3589,498.185,508.685,-12.5275,1,1,55.4482
66.3083,1.72703,-7.3589,498.081,508.581,-12.5274,1,1,55.4482
66.3167,1.72669,-7.35889,497.976,508.476,-12.5274,1,1,55.4482
66.325,1.72635,-7.35889,497.872,508.372,-12.5274,1,1,55.4482
66.3333,1.72602,-7.35888,497.768,508.268,-12.5274,1,1,55.4482
66.3417,1.72568,-7.35888,497.663,508.163,-12.5274,1,1,55.4482
66.35,1.72534,-7.35887,497.559,508.059,-12.5273,1,1,55.4482
66.3583,1.72501,-7.35887,497.454,507.954,-12.5273,1,1,55.4482
66.3667,1.72467,-7.35887,497.35,507.85,-12.5273,1,1,55.4482
66.375,1.72433,-7.35886,497.246,507.746,-12.5273,1,1,55.4482
66.3833,1.724,-7.35886,497.141,507.641,-12.5273,1,1,55.4482
66.3917,1.72366,-7.35885,497.037,507.537,-12.5272,1,1,55.4482
66.4,1.72332,-7.35885,496.932,507.432,-12.5272,1,1,55.4482
66.4083,1.72299,-7.35884,496.828,507.328,-12.5272,1,1,55.4482
66.4167,1.72265,-7.35884,496.724,507.224,-12.5272,1,1,55.4482
66.425,1.72231,-7.35883,496.619,507.119,-12.5272,1,1,55.4482
66.4333,1.72198,-7.35883,496.515,507.015,-12.5272,1,1,55.4482
66.4417,1.72164,-7.35882,496.41,506.91,-12.5271,1,1,55.4482
66.45,1.72131,-7.35882,496.306,506.806,-12.5271,1,1,55.4482
66.4583,1.72097,-7.35881,496.202,506.702,-12.5271,1,1,55.4482
66.4667,1.72063,-7.35881,496.097,506.597,-12.5271,1,1,55.4482
66.475,1.7203,-7.3588,495.993,506.493,-12.5271,1,1,55.4482
66.4833,1.71996,-7.3588,495.888,506.388,-12.527,1,1,55.4482
66.4917,1.71962,-7.35879,495.784,506.284,-12.527,1,1,55.4482
66.5,1.71929,-7.35879,495.68,506.18,-12.527,1,1,55.4482
66.5083,1.71895,-7.35878,495.575,506.075,-12.527,1,1,55.4482
66.5167,1.71861,-7.35878,495.471,505.971,-12.527,1,1,55.4482
66.525,1.71828,-7.35877,495.367,505.867,-12.5269,1,1,55.4482
66.5333,1.71794,-7.35877,495.262,505.762,-12.5269,1,1,55.4482
66.5417,1.7176,-7.35877,495.158,505.658,-12.5269,1,1,55.4482
66.55,1.71727,-7.35876,495.053,505.553,-12.5269,1,1,55.4482
66.5583,1.71693,-7.35876,494.949,505.449,-12.5269,1,1,55.4482
66.5667,1.7166,-7.35875,494.845,505.345,-12.5268,1,1,55.4482
66.575,1.71626,-7.35875,494.74,505.24,-12.5268,1,1,55.4482
66.5833,1.71592,-7.35874,494.636,505.136,-12.5268,1,1,55.4482
66.5917,1.71559,-7.35874,494.531,505.031,-12.5268,1,1,55.4482
66.6,1.71525,-7.35873,494.427,504.927,-12.5268,1,1,55.4482
66.6083,1.71491,-7.35873,494.323,504.823,-12.5267,1,1,55.4482
66.6167,1.71458,-7.35872,494.218,504.718,-12.5267,1,1,55.4482
66.625,1.71424,-7.35872,494.114,504.614,-12.5267,1,1,55.4482
66.6333,1.7139,-7.35871,494.009,504.509,-12.5267,1,1,55.4482
66.6417,1.71357,-7.35871,493.905,504.405,-12.5267,1,1,55.4482
66.65,1.71323,-7.3587,493.801,504.301,-12.5266,1,1,55.4482
66.6583,1.71289,-7.3587,493.696,504.196,-12.5266,1,1,55.4482
66.6667,1.71256,-7.35869,493.592,504.092,-12.5266,1,1,55.4482
66.675,1.71222,-7.35869,493.487,503.987,-12.5266,1,1,55.4482
66.6833,1.71188,-7.35868,493.383,503.883,-12.5266,1,1,55.4482
66.6917,1.71155,-7.35868,493.279,503.779,-12.5266,1,1,55.4482
66.7,1.71121,-7.35868,493.174,503.674,-12.5265,1,1,55.4482
66.7083,1.71088,-7.35867,493.07,503.57,-12.5265,1,1,55.4482
66.7167,1.71054,-7.35867,492.966,503.466,-12.5265,1,1,55.4482
66.725,1.7102,-7.35866,492.861,503.361,-12.5265,1,1,55.4482
66.7333,1.70987,-7.35866,492.757,503.257,-12.5265,1,1,55.4482
66.7417,1.70953,-7.35865,492.652,503.152,-12.5264,1,1,55.4482
66.75,1.70919,-7.35865,492.548,503.048,-12.5264,1,1,55.4482
66.7583,1.70886,-7.35864,492.444,502.944,-12.5264,1,1,55.4482
66.7667,1.70852,-7.35864,492.339,502.839,-12.5264,1,1,55.4482
66.775,1.70818,-7.35863,492.235,502.735,-12.5264,1,1,55.4482
66.7833,1.70785,-7.35863,492.13,502.63,-12.5263,1,1,55.4482
66.7917,1.70751,-7.35862,492.026,502.526,-12.5263,1,1,55.4482
66.8,1.70717,-7.35862,491.922,502.422,-12.5263,1,1,55.4482
66.8083,1.70684,-7.35861,491.817,502.317,-12.5263,1,1,55.4482
66.8167,1.7065,-7.35861,491.713,502.213,-12.5263,1,1,55.4482
66.825,1.70617,-7.3586,491.609,502.109,-12.5262,1,1,55.4482
66.8333,1.70583,-7.3586,491.504,502.004,-12.5262,1,1,55.4482
66.8417,1.70549,-7.35859,491.4,501.9,-12.5262,1,1,55.4482
66.85,1.70516,-7.35859,491.295,501.795,-12.5262,1,1,55.4482
66.8583,1.70482,-7.35859,491.191,501.691,-12.5262,1,1,55.4482
66.8667,1.70448,-7.35858,491.087,501.587,-12.5261,1,1,55.4482
66.875,1.70415,-7.35858,490.982,501.482,-12.5261,1,1,55.4482
66.8833,1.70381,-7.35857,490.878,501.378,-12.5261,1,1,55.4482
66.8917,1.70347,-7.35857,490.773,501.273,-12.5261,1,1,55.4482
66.9,1.70314,-7.35856,490.669,501.169,-12.5261,1,1,55.4482
66.9083,1.7028,-7.35856,490.565,501.065,-12.5261,1,1,55.4482
66.9167,1.70246,-7.35855,490.46,500.96,-12.526,1,1,55.4482
66.925,1.70213,-7.35855,490.356,500.856,-12.526,1,1,55.4482
66.9333,1.70179,-7.35854,490.252,500.752,-12.526,1,1,55.4482
66.9417,1.70146,-7.35854,490.147,500.647,-12.526,1,1,55.4482
66.95,1.70112,-7.35853,490.043,500.543,-12.526,1,1,55.4482
66.9583,1.70078,-7.35853,489.938,500.438,-12.5259,1,1,55.4482
66.9667,1.70045,-7.35852,489.834,500.334,-12.5259,1,1,55.4482
66.975,1.70011,-7.35852,489.73,500.23,-12.5259,1,1,55.4482
66.9833,1.69977,-7.35851,489.625,500.125,-12.5259,1,1,55.4482
66.9917,1.69944,-7.35851,489.521,500.021,-12.5259,1,1,55.4482
67,1.6991,-7.3585,489.416,499.916,-12.5258,1,1,55.4482
67.0083,1.69876,-7.3585,489.312,499.812,-12.5258,1,1,55.4482
67.0167,1.69843,-7.3585,489.208,499.708,-12.5258,1,1,55.4482
67.025,1.69809,-7.35849,489.103,499.603,-12.5258,1,1,55.4482
67.0333,1.69775,-7.35849,488.999,499.499,-12.5258,1,1,55.4482
67.0417,1.69742,-7.35848,488.895,499.395,-12.5257,1,1,55.4482
67.05,1.69708,-7.35848,488.79,499.29,-12.5257,1,1,55.4482
67.0583,1.69674,-7.35847,488.686,499.186,-12.5257,1,1,55.4482
67.0667,1.69641,-7.35847,488.581,499.081,-12.5257,1,1,55.4482
67.075,1.69607,-7.35846,488.477,498.977,-12.5257,1,1,55.4482
67.0833,1.69574,-7.35846,488.373,498.873,-12.5256,1,1,55.4482
67.0917,1.6954,-7.35845,488.268,498.768,-12.5256,1,1,55.4482
67.1,1.69506,-7.35845,488.164,498.664,-12.5256,1,1,55.4482
67.1083,1.69473,-7.35844,488.059,498.559,-12.5256,1,1,55.4482
67.1167,1.69439,-7.35844,487.955,498.455,-12.5256,1,1,55.4482
67.125,1.69405,-7.35843,487.851,498.351,-12.5256,1,1,55.4482
67.1333,1.69372,-7.35843,487.746,498.246,-12.5255,1,1,55.4482
67.1417,1.69338,-7.35842,487.642,498.142,-12.5255,1,1,55.4482
67.15,1.69304,-7.35842,487.538,498.038,-12.5255,1,1,55.4482
67.1583,1.69271,-7.35841,487.433,497.933,-12.5255,1,1,55.4482
67.1667,1.69237,-7.35841,487.329,497.829,-12.5255,1,1,55.4482
67.175,1.69204,-7.35841,487.224,497.724,-12.5254,1,1,55.4482
67.1833,1.6917,-7.3584,487.12,497.62,-12.5254,1,1,55.4482
67.1917,1.69136,-7.3584,487.016,497.516,-12.5254,1,1,55.4482
67.2,1.69103,-7.35839,486.911,497.411,-12.5254,1,1,55.4482
67.2083,1.69069,-7.35839,486.807,497.307,-12.5254,1,1,55.4482
67.2167,1.69035,-7.35838,486.703,497.203,-12.5253,1,1,55.4482
67.225,1.69002,-7.35838,486.598,497.098,-12.5253,1,1,55.4482
67.2333,1.68968,-7.35837,486.494,496.994,-12.5253,1,1,55.4482
67.2417,1.68934,-7.35837,486.389,496.889,-12.5253,1,1,55.4482
67.25,1.68901,-7.35836,486.285,496.785,-12.5253,1,1,55.4482
67.2583,1.68867,-7.35836,486.181,496.681,-12.5252,1,1,55.4482
67.2667,1.68833,-7.35835,486.076,496.576,-12.5252,1,1,55.4482
67.275,1.688,-7.35835,485.972,496.472,-12.5252,1,1,55.4482
67.2833,1.68766,-7.35834,485.868,496.368,-12.5252,1,1,55.4482
67.2917,1.68733,-7.35834,485.763,496.263,-12.5252,1,1,55.4482
67.3,1.68699,-7.35833,485.659,496.159,-12.5252,1,1,55.4482
67.3083,1.68665,-7.35833,485.554,496.054,-12.5251,1,1,55.4482
67.3167,1.68632,-7.35833,485.45,495.95,-12.5251,1,1,55.4482
67.325,1.68598,-7.35832,485.346,495.846,-12.5251,1,1,55.4482
67.3333,1.68564,-7.35832,485.241,495.741,-12.5251,1,1,55.4482
67.3417,1.68531,-7.35831,485.137,495.637,-12.5251,1,1,55.4482
67.35,1.68497,-7.35831,485.033,495.533,-12.525,1,1,55.4482
67.3583,1.68463,-7.3583,484.928,495.428,-12.525,1,1,55.4482
67.3667,1.6843,-7.3583,484.824,495.324,-12.525,1,1,55.4482
67.375,1.68396,-7.35829,484.719,495.219,-12.525,1,1,55.4482
67.3833,1.68362,-7.35829,484.615,495.115,-12.525,1,1,55.4482
67.3917,1.68329,-7.35828,484.511,495.011,-12.5249,1,1,55.4482
67.4,1.68295,-7.35828,484.406,494.906,-12.5249,1,1,55.4482
67.4083,1.68262,-7.35827,484.302,494.802,-12.5249,1,1,55.4482
67.4167,1.68228,-7.35827,484.198,494.698,-12.5249,1,1,55.4482
67.425,1.68194,-7.35826,484.093,494.593,-12.5249,1,1,55.4482
67.4333,1.68161,-7.35826,483.989,494.489,-12.5248,1,1,55.4482
67.4417,1.68127,-7.35825,483.884,494.384,-12.5248,1,1,55.4482
67.45,1.68093,-7.35825,483.78,494.28,-12.5248,1,1,55.4482
67.4583,1.6806,-7.35825,483.676,494.176,-12.5248,1,1,55.4482
67.4667,1.68026,-7.35824,483.571,494.071,-12.5248,1,1,55.4482
67.475,1.67992,-7.35824,483.467,493.967,-12.5248,1,1,55.4482
67.4833,1.67959,-7.35823,483.363,493.863,-12.5247,1,1,55.4482
67.4917,1.67925,-7.35823,483.258,493.758,-12.5247,1,1,55.4482
67.5,1.67892,-7.35822,483.154,493.654,-12.5247,1,1,55.4482
67.5083,1.67858,-7.35822,483.049,493.549,-12.5247,1,1,55.4482
67.5167,1.67824,-7.35821,482.945,493.445,-12.5247,1,1,55.4482
67.525,1.67791,-7.35821,482.841,493.341,-12.5246,1,1,55.4482
67.5333,1.67757,-7.3582,482.736,493.236,-12.5246,1,1,55.4482
67.5417,1.67723,-7.3582,482.632,493.132,-12.5246,1,1,55.4482
67.55,1.6769,-7.35819,482.528,493.028,-12.5246,1,1,55.4482
67.5583,1.67656,-7.35819,482.423,492.923,-12.5246,1,1,55.4482
67.5667,1.67622,-7.35818,482.319,492.819,-12.5245,1,1,55.4482
67.575,1.67589,-7.35818,482.214,492.714,-12.5245,1,1,55.4482
67.5833,1.67555,-7.35817,482.11,492.61,-12.5245,1,1,55.4482
67.5917,1.67521,-7.35817,482.006,492.506,-12.5245,1,1,55.4482
67.6,1.67488,-7.35816,481.901,492.401,-12.5245,1,1,55.4482
67.6083,1.67454,-7.35816,481.797,492.297,-12.5244,1,1,55.4482
67.6167,1.67421,-7.35816,481.693,492.193,-12.5244,1,1,55.4482
67.625,1.67387,-7.35815,481.588,492.088,-12.5244,1,1,55.4482
67.6333,1.67353,-7.35815,481.484,491.984,-12.5244,1,1,55.4482
67.6417,1.6732,-7.35814,481.379,491.879,-12.5244,1,1,55.4482
67.65,1.67286,-7.35814,481.275,491.775,-12.5243,1,1,55.4482
67.6583,1.67252,-7.35813,481.171,491.671,-12.5243,1,1,55.4482
67.6667,1.67219,-7.35813,481.066,491.566,-12.5243,1,1,55.4482
67.675,1.67185,-7.35812,480.962,491.462,-12.5243,1,1,55.4482
67.6833,1.67151,-7.35812,480.858,491.358,-12.5243,1,1,55.4482
67.6917,1.67118,-7.35811,480.753,491.253,-12.5243,1,1,55.4482
67.7,1.67084,-7.35811,480.649,491.149,-12.5242,1,1,55.4482
67.7083,1.67051,-7.3581,480.545,491.045,-12.5242,1,1,55.4482
67.7167,1.67017,-7.3581,480.44,490.94,-12.5242,1,1,55.4482
67.725,1.66983,-7.35809,480.336,490.836,-12.5242,1,1,55.4482
67.7333,1.6695,-7.35809,480.231,490.731,-12.5242,1,1,55.4482
67.7417,1.66916,-7.35808,480.127,490.627,-12.5241,1,1,55.4482
67.75,1.66882,-7.35808,480.023,490.523,-12.5241,1,1,55.4482
67.7583,1.66849,-7.35808,479.918,490.418,-12.5241,1,1,55.4482
67.7667,1.66815,-7.35807,479.814,490.314,-12.5241,1,1,55.4482
67.775,1.66781,-7.35807,479.71,490.21,-12.5241,1,1,55.4482
67.7833,1.66748,-7.35806,479.605,490.105,-12.524,1,1,55.4482
67.7917,1.66714,-7.35806,479.501,490.001,-12.524,1,1,55.4482
67.8,1.66681,-7.35805,479.396,489.896,-12.524,1,1,55.4482
67.8083,1.66647,-7.35805,479.292,489.792,-12.524,1,1,55.4482
67.8167,1.66613,-7.35804,479.188,489.688,-12.524,1,1,55.4482
67.825,1.6658,-7.35804,479.083,489.583,-12.5239,1,1,55.4482
67.8333,1.66546,-7.35803,478.979,489.479,-12.5239,1,1,55.4482
67.8417,1.66512,-7.35803,478.875,489.375,-12.5239,1,1,55.4482
67.85,1.66479,-7.35802,478.77,489.27,-12.5239,1,1,55.4482
67.8583,1.66445,-7.35802,478.666,489.166,-12.5239,1,1,55.4482
67.8667,1.66411,-7.35801,478.562,489.062,-12.5239,1,1,55.4482
67.875,1.66378,-7.35801,478.457,488.957,-12.5238,1,1,55.4482
67.8833,1.66344,-7.358,478.353,488.853,-12.5238,1,1,55.4482
67.8917,1.6631,-7.358,478.248,488.748,-12.5238,1,1,55.4482
67.9,1.66277,-7.358,478.144,488.644,-12.5238,1,1,55.4482
67.9083,1.66243,-7.35799,478.04,488.54,-12.5238,1,1,55.4482
67.9167,1.6621,-7.35799,477.935,488.435,-12.5237,1,1,55.4482
67.925,1.66176,-7.35798,477.831,488.331,-12.5237,1,1,55.4482
67.9333,1.66142,-7.35798,477.727,488.227,-12.5237,1,1,55.4482
67.9417,1.66109,-7.35797,477.622,488.122,-12.5237,1,1,55.4482
67.95,1.66075,-7.35797,477.518,488.018,-12.5237,1,1,55.4482
67.9583,1.66041,-7.35796,477.414,487.914,-12.5236,1,1,55.4482
67.9667,1.66008,-7.35796,477.309,487.809,-12.5236,1,1,55.4482
67.975,1.65974,-7.35795,477.205,487.705,-12.5236,1,1,55.4482
67.9833,1.6594,-7.35795,477.1,487.6,-12.5236,1,1,55.4482
67.9917,1.65907,-7.35794,476.996,487.496,-12.5236,1,1,55.4482
68,1.65873,-7.35794,476.892,487.392,-12.5235,1,1,55.4482
68.0083,1.6584,-7.35793,476.787,487.287,-12.5235,1,1,55.4482
68.0167,1.65806,-7.35793,476.683,487.183,-12.5235,1,1,55.4482
68.025,1.65772,-7.35792,476.579,487.079,-12.5235,1,1,55.4482
68.0333,1.65739,-7.35792,476.474,486.974,-12.5235,1,1,55.4482
68.0417,1.65705,-7.35791,476.37,486.87,-12.5234,1,1,55.4482
68.05,1.65671,-7.35791,476.266,486.766,-12.5234,1,1,55.4482
68.0583,1.65638,-7.35791,476.161,486.661,-12.5234,1,1,55.4482
68.0667,1.65604,-7.3579,476.057,486.557,-12.5234,1,1,55.4482
68.075,1.6557,-7.3579,475.952,486.452,-12.5234,1,1,55.4482
68.0833,1.65537,-7.35789,475.848,486.348,-12.5234,1,1,55.4482
68.0917,1.65503,-7.35789,475.744,486.244,-12.5233,1,1,55.4482
68.1,1.6547,-7.35788,475.639,486.139,-12.5233,1,1,55.4482
68.1083,1.65436,-7.35788,475.535,486.035,-12.5233,1,1,55.4482
68.1167,1.65402,-7.35787,475.431,485.931,-12.5233,1,1,55.4482
68.125,1.65369,-7.35787,475.326,485.826,-12.5233,1,1,55.4482
68.1333,1.65335,-7.35786,475.222,485.722,-12.5232,1,1,55.4482
68.1417,1.65301,-7.35786,475.118,485.618,-12.5232,1,1,55.4482
68.15,1.65268,-7.35785,475.013,485.513,-12.5232,1,1,55.4482
68.1583,1.65234,-7.35785,474.909,485.409,-12.5232,1,1,55.4482
68.1667,1.652,-7.35784,474.804,485.304,-12.5232,1,1,55.4482
68.175,1.65167,-7.35784,474.7,485.2,-12.5231,1,1,55.4482
68.1833,1.65133,-7.35783,474.596,485.096,-12.5231,1,1,55.4482
68.1917,1.651,-7.35783,474.491,484.991,-12.5231,1,1,55.4482
68.2,1.65066,-7.35783,474.387,484.887,-12.5231,1,1,55.4482
68.2083,1.65032,-7.35782,474.283,484.783,-12.5231,1,1,55.4482
68.2167,1.64999,-7.35782,474.178,484.678,-12.523,1,1,55.4482
68.225,1.64965,-7.35781,474.074,484.574,-12.523,1,1,55.4482
68.2333,1.64931,-7.35781,473.97,484.47,-12.523,1,1,55.4482
68.2417,1.64898,-7.3578,473.865,484.365,-12.523,1,1,55.4482
68.25,1.64864,-7.3578,473.761,484.261,-12.523,1,1,55.4482
68.2583,1.6483,-7.35779,473.657,484.157,-12.523,1,1,55.4482
68.2667,1.64797,-7.35779,473.552,484.052,-12.5229,1,1,55.4482
68.275,1.64763,-7.35778,473.448,483.948,-12.5229,1,1,55.4482
68.2833,1.6473,-7.35778,473.343,483.843,-12.5229,1,1,55.4482
68.2917,1.64696,-7.35777,473.239,483.739,-12.5229,1,1,55.4482
68.3,1.64662,-7.35777,473.135,483.635,-12.5229,1,1,55.4482
68.3083,1.64629,-7.35776,473.03,483.53,-12.5228,1,1,55.4482
68.3167,1.64595,-7.35776,472.926,483.426,-12.5228,1,1,55.4482
68.325,1.64561,-7.35775,472.822,483.322,-12.5228,1,1,55.4482
68.3333,1.64528,-7.35775,472.717,483.217,-12.5228,1,1,55.4482
68.3417,1.64494,-7.35775,472.613,483.113,-12.5228,1,1,55.4482
68.35,1.64461,-7.35774,472.509,483.009,-12.5227,1,1,55.4482
68.3583,1.64427,-7.35774,472.404,482.904,-12.5227,1,1,55.4482
68.3667,1.64393,-7.35773,472.3,482.8,-12.5227,1,1,55.4482
68.375,1.6436,-7.35773,472.196,482.696,-12.5227,1,1,55.4482
68.3833,1.64326,-7.35772,472.091,482.591,-12.5227,1,1,55.4482
68.3917,1.64292,-7.35772,471.987,482.487,-12.5226,1,1,55.4482
68.4,1.64259,-7.35771,471.882,482.382,-12.5226,1,1,55.4482
68.4083,1.64225,-7.35771,471.778,482.278,-12.5226,1,1,55.4482
68.4167,1.64191,-7.3577,471.674,482.174,-12.5226,1,1,55.4482
68.425,1.64158,-7.3577,471.569,482.069,-12.5226,1,1,55.4482
68.4333,1.64124,-7.35769,471.465,481.965,-12.5226,1,1,55.4482
68.4417,1.64091,-7.35769,471.361,481.861,-12.5225,1,1,55.4482
68.45,1.64057,-7.35768,471.256,481.756,-12.5225,1,1,55.4482
68.4583,1.64023,-7.35768,471.152,481.652,-12.5225,1,1,55.4482
68.4667,1.6399,-7.35767,471.048,481.548,-12.5225,1,1,55.4482
68.475,1.63956,-7.35767,470.943,481.443,-12.5225,1,1,55.4482
68.4833,1.63922,-7.35767,470.839,481.339,-12.5224,1,1,55.4482
68.4917,1.63889,-7.35766,470.735,481.235,-12.5224,1,1,55.4482
68.5,1.63855,-7.35766,470.63,481.13,-12.5224,1,1,55.4482
68.5083,1.63821,-7.35765,470.526,481.026,-12.5224,1,1,55.4482
68.5167,1.63788,-7.35765,470.421,480.921,-12.5224,1,1,55.4482
68.525,1.63754,-7.35764,470.317,480.817,-12.5223,1,1,55.4482
68.5333,1.63721,-7.35764,470.213,480.713,-12.5223,1,1,55.4482
68.5417,1.63687,-7.35763,470.108,480.608,-12.5223,1,1,55.4482
68.55,1.63653,-7.35763,470.004,480.504,-12.5223,1,1,55.4482
68.5583,1.6362,-7.35762,469.9,480.4,-12.5223,1,1,55.4482
68.5667,1.63586,-7.35762,469.795,480.295,-12.5222,1,1,55.4482
68.575,1.63552,-7.35761,469.691,480.191,-12.5222,1,1,55.4482
68.5833,1.63519,-7.35761,469.587,480.087,-12.5222,1,1,55.4482
68.5917,1.63485,-7.3576,469.482,479.982,-12.5222,1,1,55.4482
68.6,1.63451,-7.3576,469.378,479.878,-12.5222,1,1,55.4482
68.6083,1.63418,-7.35759,469.274,479.774,-12.5221,1,1,55.4482
68.6167,1.63384,-7.35759,469.169,479.669,-12.5221,1,1,55.4482
68.625,1.63351,-7.35759,469.065,479.565,-12.5221,1,1,55.4482
68.6333,1.63317,-7.35758,468.961,479.461,-12.5221,1,1,55.4482
68.6417,1.63283,-7.35758,468.856,479.356,-12.5221,1,1,55.4482
68.65,1.6325,-7.35757,468.752,479.252,-12.5221,1,1,55.4482
68.6583,1.63216,-7.35757,468.647,479.147,-12.522,1,1,55.4482
68.6667,1.63182,-7.35756,468.543,479.043,-12.522,1,1,55.4482
68.675,1.63149,-7.35756,468.439,478.939,-12.522,1,1,55.4482
68.6833,1.63115,-7.35755,468.334,478.834,-12.522,1,1,55.4482
68.6917,1.63082,-7.35755,468.23,478.73,-12.522,1,1,55.4482
68.7,1.63048,-7.35754,468.126,478.626,-12.5219,1,1,55.4482
68.7083,1.63014,-7.35754,468.021,478.521,-12.5219,1,1,55.4482
68.7167,1.62981,-7.35753,467.917,478.417,-12.5219,1,1,55.4482
68.725,1.62947,-7.35753,467.813,478.313,-12.5219,1,1,55.4482
68.7333,1.62913,-7.35752,467.708,478.208,-12.5219,1,1,55.4482
68.7417,1.6288,-7.35752,467.604,478.104,-12.5218,1,1,55.4482
68.75,1.62846,-7.35751,467.5,478,-12.5218,1,1,55.4482
68.7583,1.62812,-7.35751,467.395,477.895,-12.5218,1,1,55.4482
68.7667,1.62779,-7.3575,467.291,477.791,-12.5218,1,1,55.4482
68.775,1.62745,-7.3575,467.187,477.687,-12.5218,1,1,55.4482
68.7833,1.62712,-7.3575,467.082,477.582,-12.5217,1,1,55.4482
68.7917,1.62678,-7.35749,466.978,477.478,-12.5217,1,1,55.4482
68.8,1.62644,-7.35749,466.874,477.374,-12.5217,1,1,55.4482
68.8083,1.62611,-7.35748,466.769,477.269,-12.5217,1,1,55.4482
68.8167,1.62577,-7.35748,466.665,477.165,-12.5217,1,1,55.4482
68.825,1.62543,-7.35747,466.561,477.061,-12.5217,1,1,55.4482
68.8333,1.6251,-7.35747,466.456,476.956,-12.5216,1,1,55.4482
68.8417,1.62476,-7.35746,466.352,476.852,-12.5216,1,1,55.4482
68.85,1.62443,-7.35746,466.247,476.747,-12.5216,1,1,55.4482
68.8583,1.62409,-7.35745,466.143,476.643,-12.5216,1,1,55.4482
68.8667,1.62375,-7.35745,466.039,476.539,-12.5216,1,1,55.4482
68.875,1.62342,-7.35744,465.934,476.434,-12.5215,1,1,55.4482
68.8833,1.62308,-7.35744,465.83,476.33,-12.5215,1,1,55.4482
68.8917,1.62274,-7.35743,465.726,476.226,-12.5215,1,1,55.4482
68.9,1.62241,-7.35743,465.621,476.121,-12.5215,1,1,55.4482
68.9083,1.62207,-7.35742,465.517,476.017,-12.5215,1,1,55.4482
68.9167,1.62173,-7.35742,465.413,475.913,-12.5214,1,1,55.4482
68.925,1.6214,-7.35742,465.308,475.808,-12.5214,1,1,55.4482
68.9333,1.62106,-7.35741,465.204,475.704,-12.5214,1,1,55.4482
68.9417,1.62073,-7.35741,465.1,475.6,-12.5214,1,1,55.4482
68.95,1.62039,-7.3574,464.995,475.495,-12.5214,1,1,55.4482
68.9583,1.62005,-7.3574,464.891,475.391,-12.5213,1,1,55.4482
68.9667,1.61972,-7.35739,464.787,475.287,-12.5213,1,1,55.4482
68.975,1.61938,-7.35739,464.682,475.182,-12.5213,1,1,55.4482
68.9833,1.61904,-7.35738,464.578,475.078,-12.5213,1,1,55.4482
68.9917,1.61871,-7.35738,464.474,474.974,-12.5213,1,1,55.4482
69,1.61837,-7.35737,464.369,474.869,-12.5213,1,1,55.4482
69.0083,1.61804,-7.35737,464.265,474.765,-12.5212,1,1,55.4482
69.0167,1.6177,-7.35736,464.161,474.661,-12.5212,1,1,55.4482
69.025,1.61736,-7.35736,464.056,474.556,-12.5212,1,1,55.4482
69.0333,1.61703,-7.35735,463.952,474.452,-12.5212,1,1,55.4482
69.0417,1.61669,-7.35735,463.848,474.348,-12.5212,1,1,55.4482
69.05,1.61635,-7.35734,463.743,474.243,-12.5211,1,1,55.4482
69.0583,1.61602,-7.35734,463.639,474.139,-12.5211,1,1,55.4482
69.0667,1.61568,-7.35734,463.534,474.034,-12.5211,1,1,55.4482
69.075,1.61534,-7.35733,463.43,473.93,-12.5211,1,1,55.4482
69.0833,1.61501,-7.35733,463.326,473.826,-12.5211,1,1,55.4482
69.0917,1.61467,-7.35732,463.221,473.721,-12.521,1,1,55.4482
69.1,1.61434,-7.35732,463.117,473.617,-12.521,1,1,55.4482
69.1083,1.614,-7.35731,463.013,473.513,-12.521,1,1,55.4482
69.1167,1.61366,-7.35731,462.908,473.408,-12.521,1,1,55.4482
69.125,1.61333,-7.3573,462.804,473.304,-12.521,1,1,55.4482
69.1333,1.61299,-7.3573,462.7,473.2,-12.5209,1,1,55.4482
69.1417,1.61265,-7.35729,462.595,473.095,-12.5209,1,1,55.4482
69.15,1.61232,-7.35729,462.491,472.991,-12.5209,1,1,55.4482
69.1583,1.61198,-7.35728,462.387,472.887,-12.5209,1,1,55.4482
69.1667,1.61165,-7.35728,462.282,472.782,-12.5209,1,1,55.4482
69.175,1.61131,-7.35727,462.178,472.678,-12.5208,1,1,55.4482
69.1833,1.61097,-7.35727,462.074,472.574,-12.5208,1,1,55.4482
69.1917,1.61064,-7.35726,461.969,472.469,-12.5208,1,1,55.4482
69.2,1.6103,-7.35726,461.865,472.365,-12.5208,1,1,55.4482
69.2083,1.60996,-7.35726,461.761,472.261,-12.5208,1,1,55.4482
69.2167,1.60963,-7.35725,461.656,472.156,-12.5208,1,1,55.4482
69.225,1.60929,-7.35725,461.552,472.052,-12.5207,1,1,55.4482
69.2333,1.60896,-7.35724,461.448,471.948,-12.5207,1,1,55.4482
69.2417,1.60862,-7.35724,461.343,471.843,-12.5207,1,1,55.4482
69.25,1.60828,-7.35723,461.239,471.739,-12.5207,1,1,55.4482
69.2583,1.60795,-7.35723,461.135,471.635,-12.5207,1,1,55.4482
69.2667,1.60761,-7.35722,461.03,471.53,-12.5206,1,1,55.4482
69.275,1.60727,-7.35722,460.926,471.426,-12.5206,1,1,55.4482
69.2833,1.60694,-7.35721,460.822,471.322,-12.5206,1,1,55.4482
69.2917,1.6066,-7.35721,460.717,471.217,-12.5206,1,1,55.4482
69.3,1.60626,-7.3572,460.613,471.113,-12.5206,1,1,55.4482
69.3083,1.60593,-7.3572,460.509,471.009,-12.5205,1,1,55.4482
69.3167,1.60559,-7.35719,460.404,470.904,-12.5205,1,1,55.4482
69.325,1.60526,-7.35719,460.3,470.8,-12.5205,1,1,55.4482
69.3333,1.60492,-7.35718,460.196,470.696,-12.5205,1,1,55.4482
69.3417,1.60458,-7.35718,460.091,470.591,-12.5205,1,1,55.4482
69.35,1.60425,-7.35718,459.987,470.487,-12.5204,1,1,55.4482
69.3583,1.60391,-7.35717,459.883,470.383,-12.5204,1,1,55.4482
69.3667,1.60357,-7.35717,459.778,470.278,-12.5204,1,1,55.4482
69.375,1.60324,-7.35716,459.674,470.174,-12.5204,1,1,55.4482
69.3833,1.6029,-7.35716,459.57,470.07,-12.5204,1,1,55.4482
69.3917,1.60257,-7.35715,459.465,469.965,-12.5204,1,1,55.4482
69.4,1.60223,-7.35715,459.361,469.861,-12.5203,1,1,55.4482
69.4083,1.60189,-7.35714,459.257,469.757,-12.5203,1,1,55.4482
69.4167,1.60156,-7.35714,459.152,469.652,-12.5203,1,1,55.4482
69.425,1.60122,-7.35713,459.048,469.548,-12.5203,1,1,55.4482
69.4333,1.60088,-7.35713,458.944,469.444,-12.5203,1,1,55.4482
69.4417,1.60055,-7.35712,458.839,469.339,-12.5202,1,1,55.4482
69.45,1.60021,-7.35712,458.735,469.235,-12.5202,1,1,55.4482
69.4583,1.59988,-7.35711,458.631,469.131,-12.5202,1,1,55.4482
69.4667,1.59954,-7.35711,458.526,469.026,-12.5202,1,1,55.4482
69.475,1.5992,-7.3571,458.422,468.922,-12.5202,1,1,55.4482
69.4833,1.59887,-7.3571,458.318,468.818,-12.5201,1,1,55.4482
69.4917,1.59853,-7.35709,458.213,468.713,-12.5201,1,1,55.4482
69.5,1.59819,-7.35709,458.109,468.609,-12.5201,1,1,55.4482
69.5083,1.59786,-7.35709,458.005,468.505,-12.5201,1,1,55.4482
69.5167,1.59752,-7.35708,457.9,468.4,-12.5201,1,1,55.4482
69.525,1.59719,-7.35708,457.796,468.296,-12.52,1,1,55.4482
69.5333,1.59685,-7.35707,457.692,468.192,-12.52,1,1,55.4482
69.5417,1.59651,-7.35707,457.587,468.087,-12.52,1,1,55.4482
69.55,1.59618,-7.35706,457.483,467.983,-12.52,1,1,55.4482
69.5583,1.59584,-7.35706,457.379,467.879,-12.52,1,1,55.4482
69.5667,1.5955,-7.35705,457.274,467.774,-12.52,1,1,55.4482
69.575,1.59517,-7.35705,457.17,467.67,-12.5199,1,1,55.4482
69.5833,1.59483,-7.35704,457.066,467.566,-12.5199,1,1,55.4482
69.5917,1.5945,-7.35704,456.961,467.461,-12.5199,1,1,55.4482
69.6,1.59416,-7.35703,456.857,467.357,-12.5199,1,1,55.4482
69.6083,1.59382,-7.35703,456.753,467.253,-12.5199,1,1,55.4482
69.6167,1.59349,-7.35702,456.648,467.148,-12.5198,1,1,55.4482
69.625,1.59315,-7.35702,456.544,467.044,-12.5198,1,1,55.4482
69.6333,1.59281,-7.35701,456.44,466.94,-12.5198,1,1,55.4482
69.6417,1.59248,-7.35701,456.335,466.835,-12.5198,1,1,55.4482
69.65,1.59214,-7.35701,456.231,466.731,-12.5198,1,1,55.4482
69.6583,1.5918,-7.357,456.127,466.627,-12.5197,1,1,55.4482
69.6667,1.59147,-7.357,456.022,466.522,-12.5197,1,1,55.4482
69.675,1.59113,-7.35699,455.918,466.418,-12.5197,1,1,55.4482
69.6833,1.5908,-7.35699,455.814,466.314,-12.5197,1,1,55.4482
69.6917,1.59046,-7.35698,455.709,466.209,-12.5197,1,1,55.4482
69.7,1.59012,-7.35698,455.605,466.105,-12.5196,1,1,55.4482
69.7083,1.58979,-7.35697,455.501,466.001,-12.5196,1,1,55.4482
69.7167,1.58945,-7.35697,455.396,465.896,-12.5196,1,1,55.4482
69.725,1.58911,-7.35696,455.292,465.792,-12.5196,1,1,55.4482
69.7333,1.58878,-7.35696,455.188,465.688,-12.5196,1,1,55.4482
69.7417,1.58844,-7.35695,455.083,465.583,-12.5195,1,1,55.4482
69.75,1.58811,-7.35695,454.979,465.479,-12.5195,1,1,55.4482
69.7583,1.58777,-7.35694,454.875,465.375,-12.5195,1,1,55.4482
69.7667,1.58743,-7.35694,454.77,465.27,-12.5195,1,1,55.4482
69.775,1.5871,-7.35693,454.666,465.166,-12.5195,1,1,55.4482
69.7833,1.58676,-7.35693,454.562,465.062,-12.5195,1,1,55.4482
69.7917,1.58642,-7.35693,454.457,464.957,-12.5194,1,1,55.4482
69.8,1.58609,-7.35692,454.353,464.853,-12.5194,1,1,55.4482
69.8083,1.58575,-7.35692,454.249,464.749,-12.5194,1,1,55.4482
69.8167,1.58542,-7.35691,454.144,464.644,-12.5194,1,1,55.4482
69.825,1.58508,-7.35691,454.04,464.54,-12.5194,1,1,55.4482
69.8333,1.58474,-7.3569,453.936,464.436,-12.5193,1,1,55.4482
69.8417,1.58441,-7.3569,453.831,464.331,-12.5193,1,1,55.4482
69.85,1.58407,-7.35689,453.727,464.227,-12.5193,1,1,55.4482
69.8583,1.58373,-7.35689,453.623,464.123,-12.5193,1,1,55.4482
69.8667,1.5834,-7.35688,453.518,464.018,-12.5193,1,1,55.4482
69.875,1.58306,-7.35688,453.414,463.914,-12.5192,1,1,55.4482
69.8833,1.58273,-7.35687,453.31,463.81,-12.5192,1,1,55.4482
69.8917,1.58239,-7.35687,453.205,463.705,-12.5192,1,1,55.4482
69.9,1.58205,-7.35686,453.101,463.601,-12.5192,1,1,55.4482
69.9083,1.58172,-7.35686,452.997,463.497,-12.5192,1,1,55.4482
69.9167,1.58138,-7.35685,452.892,463.392,-12.5191,1,1,55.4482
69.925,1.58104,-7.35685,452.788,463.288,-12.5191,1,1,55.4482
69.9333,1.58071,-7.35685,452.684,463.184,-12.5191,1,1,55.4482
69.9417,1.58037,-7.35684,452.579,463.079,-12.5191,1,1,55.4482
69.95,1.58004,-7.35684,452.475,462.975,-12.5191,1,1,55.4482
69.9583,1.5797,-7.35683,452.371,462.871,-12.5191,1,1,55.4482
69.9667,1.57936,-7.35683,452.266,462.766,-12.519,1,1,55.4482
69.975,1.57903,-7.35682,452.162,462.662,-12.519,1,1,55.4482
69.9833,1.57869,-7.35682,452.058,462.558,-12.519,1,1,55.4482
69.9917,1.57835,-7.35681,451.953,462.453,-12.519,1,1,55.4482
70,1.57802,-7.35681,451.849,462.349,-12.519,1,1,55.4482
70.0083,1.57768,-7.3568,451.745,462.245,-12.5189,1,1,55.4482
70.0167,1.57735,-7.3568,451.64,462.14,-12.5189,1,1,55.4482
70.025,1.57701,-7.35679,451.536,462.036,-12.5189,1,1,55.4482
70.0333,1.57667,-7.35679,451.432,461.932,-12.5189,1,1,55.4482
70.0417,1.57634,-7.35678,451.327,461.827,-12.5189,1,1,55.4482
70.05,1.576,-7.35678,451.223,461.723,-12.5188,1,1,55.4482
70.0583,1.57566,-7.35677,451.119,461.619,-12.5188,1,1,55.4482
70.0667,1.57533,-7.35677,451.014,461.514,-12.5188,1,1,55.4482
70.075,1.57499,-7.35677,450.91,461.41,-12.5188,1,1,55.4482
70.0833,1.57466,-7.35676,450.806,461.306,-12.5188,1,1,55.4482
70.0917,1.57432,-7.35676,450.702,461.202,-12.5187,1,1,55.4482
70.1,1.57398,-7.35675,450.597,461.097,-12.5187,1,1,55.4482
70.1083,1.57365,-7.35675,450.493,460.993,-12.5187,1,1,55.4482
70.1167,1.57331,-7.35674,450.389,460.889,-12.5187,1,1,55.4482
70.125,1.57297,-7.35674,450.284,460.784,-12.5187,1,1,55.4482
70.1333,1.57264,-7.35673,450.18,460.68,-12.5187,1,1,55.4482
70.1417,1.5723,-7.35673,450.076,460.576,-12.5186,1,1,55.4482
70.15,1.57197,-7.35672,449.971,460.471,-12.5186,1,1,55.4482
70.1583,1.57163,-7.35672,449.867,460.367,-12.5186,1,1,55.4482
70.1667,1.57129,-7.35671,449.763,460.263,-12.5186,1,1,55.4482
70.175,1.57096,-7.35671,449.658,460.158,-12.5186,1,1,55.4482
70.1833,1.57062,-7.3567,449.554,460.054,-12.5185,1,1,55.4482
70.1917,1.57028,-7.3567,449.45,459.95,-12.5185,1,1,55.4482
70.2,1.56995,-7.35669,449.345,459.845,-12.5185,1,1,55.4482
70.2083,1.56961,-7.35669,449.241,459.741,-12.5185,1,1,55.4482
70.2167,1.56928,-7.35669,449.137,459.637,-12.5185,1,1,55.4482
70.225,1.56894,-7.35668,449.032,459.532,-12.5184,1,1,55.4482
70.2333,1.5686,-7.35668,448.928,459.428,-12.5184,1,1,55.4482
70.2417,1.56827,-7.35667,448.824,459.324,-12.5184,1,1,55.4482
70.25,1.56793,-7.35667,448.719,459.219,-12.5184,1,1,55.4482
70.2583,1.5676,-7.35666,448.615,459.115,-12.5184,1,1,55.4482
70.2667,1.56726,-7.35666,448.511,459.011,-12.5183,1,1,55.4482
70.275,1.56692,-7.35665,448.406,458.906,-12.5183,1,1,55.4482
70.2833,1.56659,-7.35665,448.302,458.802,-12.5183,1,1,55.4482
70.2917,1.56625,-7.35664,448.198,458.698,-12.5183,1,1,55.4482
70.3,1.56591,-7.35664,448.093,458.593,-12.5183,1,1,55.4482
70.3083,1.56558,-7.35663,447.989,458.489,-12.5183,1,1,55.4482
70.3167,1.56524,-7.35663,447.885,458.385,-12.5182,1,1,55.4482
70.325,1.56491,-7.35662,447.781,458.281,-12.5182,1,1,55.4482
70.3333,1.56457,-7.35662,447.676,458.176,-12.5182,1,1,55.4482
70.3417,1.56423,-7.35661,447.572,458.072,-12.5182,1,1,55.4482
70.35,1.5639,-7.35661,447.468,457.968,-12.5182,1,1,55.4482
70.3583,1.56356,-7.35661,447.363,457.863,-12.5181,1,1,55.4482
70.3667,1.56322,-7.3566,447.259,457.759,-12.5181,1,1,55.4482
70.375,1.56289,-7.3566,447.155,457.655,-12.5181,1,1,55.4482
70.3833,1.56255,-7.35659,447.05,457.55,-12.5181,1,1,55.4482
70.3917,1.56222,-7.35659,446.946,457.446,-12.5181,1,1,55.4482
70.4,1.56188,-7.35658,446.842,457.342,-12.518,1,1,55.4482
70.4083,1.56154,-7.35658,446.737,457.237,-12.518,1,1,55.4482
70.4167,1.56121,-7.35657,446.633,457.133,-12.518,1,1,55.4482
70.425,1.56087,-7.35657,446.529,457.029,-12.518,1,1,55.4482
70.4333,1.56053,-7.35656,446.424,456.924,-12.518,1,1,55.4482
70.4417,1.5602,-7.35656,446.32,456.82,-12.5179,1,1,55.4482
70.45,1.55986,-7.35655,446.216,456.716,-12.5179,1,1,55.4482
70.4583,1.55953,-7.35655,446.111,456.611,-12.5179,1,1,55.4482
70.4667,1.55919,-7.35654,446.007,456.507,-12.5179,1,1,55.4482
70.475,1.55885,-7.35654,445.903,456.403,-12.5179,1,1,55.4482
70.4833,1.55852,-7.35653,445.798,456.298,-12.5178,1,1,55.4482
70.4917,1.55818,-7.35653,445.694,456.194,-12.5178,1,1,55.4482
70.5,1.55784,-7.35652,445.59,456.09,-12.5178,1,1,55.4482
70.5083,1.55751,-7.35652,445.486,455.986,-12.5178,1,1,55.4482
70.5167,1.55717,-7.35652,445.381,455.881,-12.5178,1,1,55.4482
70.525,1.55684,-7.35651,445.277,455.777,-12.5178,1,1,55.4482
70.5333,1.5565,-7.35651,445.173,455.673,-12.5177,1,1,55.4482
70.5417,1.55616,-7.3565,445.068,455.568,-12.5177,1,1,55.4482
70.55,1.55583,-7.3565,444.964,455.464,-12.5177,1,1,55.4482
70.5583,1.55549,-7.35649,444.86,455.36,-12.5177,1,1,55.4482
70.5667,1.55515,-7.35649,444.755,455.255,-12.5177,1,1,55.4482
70.575,1.55482,-7.35648,444.651,455.151,-12.5176,1,1,55.4482
70.5833,1.55448,-7.35648,444.547,455.047,-12.5176,1,1,55.4482
70.5917,1.55415,-7.35647,444.442,454.942,-12.5176,1,1,55.4482
70.6,1.55381,-7.35647,444.338,454.838,-12.5176,1,1,55.4482
70.6083,1.55347,-7.35646,444.234,454.734,-12.5176,1,1,55.4482
70.6167,1.55314,-7.35646,444.129,454.629,-12.5175,1,1,55.4482
70.625,1.5528,-7.35645,444.025,454.525,-12.5175,1,1,55.4482
70.6333,1.55247,-7.35645,443.921,454.421,-12.5175,1,1,55.4482
70.6417,1.55213,-7.35644,443.817,454.317,-12.5175,1,1,55.4482
70.65,1.55179,-7.35644,443.712,454.212,-12.5175,1,1,55.4482
70.6583,1.55146,-7.35644,443.608,454.108,-12.5174,1,1,55.4482
70.6667,1.55112,-7.35643,443.504,454.004,-12.5174,1,1,55.4482
70.675,1.55078,-7.35643,443.399,453.899,-12.5174,1,1,55.4482
70.6833,1.55045,-7.35642,443.295,453.795,-12.5174,1,1,55.4482
70.6917,1.55011,-7.35642,443.191,453.691,-12.5174,1,1,55.4482
70.7,1.54978,-7.35641,443.086,453.586,-12.5174,1,1,55.4482
70.7083,1.54944,-7.35641,442.982,453.482,-12.5173,1,1,55.4482
70.7167,1.5491,-7.3564,442.878,453.378,-12.5173,1,1,55.4482
70.725,1.54877,-7.3564,442.773,453.273,-12.5173,1,1,55.4482
70.7333,1.54843,-7.35639,442.669,453.169,-12.5173,1,1,55.4482
70.7417,1.54809,-7.35639,442.565,453.065,-12.5173,1,1,55.4482
70.75,1.54776,-7.35638,442.46,452.96,-12.5172,1,1,55.4482
70.7583,1.54742,-7.35638,442.356,452.856,-12.5172,1,1,55.4482
70.7667,1.54709,-7.35637,442.252,452.752,-12.5172,1,1,55.4482
70.775,1.54675,-7.35637,442.148,452.648,-12.5172,1,1,55.4482
70.7833,1.54641,-7.35636,442.043,452.543,-12.5172,1,1,55.4482
70.7917,1.54608,-7.35636,441.939,452.439,-12.5171,1,1,55.4482
70.8,1.54574,-7.35636,441.835,452.335,-12.5171,1,1,55.4482
70.8083,1.54541,-7.35635,441.73,452.23,-12.5171,1,1,55.4482
70.8167,1.54507,-7.35635,441.626,452.126,-12.5171,1,1,55.4482
70.825,1.54473,-7.35634,441.522,452.022,-12.5171,1,1,55.4482
70.8333,1.5444,-7.35634,441.417,451.917,-12.517,1,1,55.4482
70.8417,1.54406,-7.35633,441.313,451.813,-12.517,1,1,55.4482
70.85,1.54372,-7.35633,441.209,451.709,-12.517,1,1,55.4482
70.8583,1.54339,-7.35632,441.104,451.604,-12.517,1,1,55.4482
70.8667,1.54305,-7.35632,441,451.5,-12.517,1,1,55.4482
70.875,1.54272,-7.35631,440.896,451.396,-12.517,1,1,55.4482
70.8833,1.54238,-7.35631,440.791,451.291,-12.5169,1,1,55.4482
70.8917,1.54204,-7.3563,440.687,451.187,-12.5169,1,1,55.4482
70.9,1.54171,-7.3563,440.583,451.083,-12.5169,1,1,55.4482
70.9083,1.54137,-7.35629,440.479,450.979,-12.5169,1,1,55.4482
70.9167,1.54103,-7.35629,440.374,450.874,-12.5169,1,1,55.4482
70.925,1.5407,-7.35628,440.27,450.77,-12.5168,1,1,55.4482
70.9333,1.54036,-7.35628,440.166,450.666,-12.5168,1,1,55.4482
70.9417,1.54003,-7.35628,440.061,450.561,-12.5168,1,1,55.4482
70.95,1.53969,-7.35627,439.957,450.457,-12.5168,1,1,55.4482
70.9583,1.53935,-7.35627,439.853,450.353,-12.5168,1,1,55.4482
70.9667,1.53902,-7.35626,439.748,450.248,-12.5167,1,1,55.4482
70.975,1.53868,-7.35626,439.644,450.144,-12.5167,1,1,55.4482
70.9833,1.53835,-7.35625,439.54,450.04,-12.5167,1,1,55.4482
70.9917,1.53801,-7.35625,439.435,449.935,-12.5167,1,1,55.4482
71,1.53767,-7.35624,439.331,449.831,-12.5167,1,1,55.4482
71.0083,1.53734,-7.35624,439.227,449.727,-12.5166,1,1,55.4482
71.0167,1.537,-7.35623,439.123,449.623,-12.5166,1,1,55.4482
71.025,1.53666,-7.35623,439.018,449.518,-12.5166,1,1,55.4482
71.0333,1.53633,-7.35622,438.914,449.414,-12.5166,1,1,55.4482
71.0417,1.53599,-7.35622,438.81,449.31,-12.5166,1,1,55.4482
71.05,1.53566,-7.35621,438.705,449.205,-12.5166,1,1,55.4482
71.0583,1.53532,-7.35621,438.601,449.101,-12.5165,1,1,55.4482
71.0667,1.53498,-7.3562,438.497,448.997,-12.5165,1,1,55.4482
71.075,1.53465,-7.3562,438.392,448.892,-12.5165,1,1,55.4482
71.0833,1.53431,-7.3562,438.288,448.788,-12.5165,1,1,55.4482
71.0917,1.53397,-7.35619,438.184,448.684,-12.5165,1,1,55.4482
71.1,1.53364,-7.35619,438.08,448.58,-12.5164,1,1,55.4482
71.1083,1.5333,-7.35618,437.975,448.475,-12.5164,1,1,55.4482
71.1167,1.53297,-7.35618,437.871,448.371,-12.5164,1,1,55.4482
71.125,1.53263,-7.35617,437.767,448.267,-12.5164,1,1,55.4482
71.1333,1.53229,-7.35617,437.662,448.162,-12.5164,1,1,55.4482
71.1417,1.53196,-7.35616,437.558,448.058,-12.5163,1,1,55.4482
71.15,1.53162,-7.35616,437.454,447.954,-12.5163,1,1,55.4482
71.1583,1.53129,-7.35615,437.349,447.849,-12.5163,1,1,55.4482
71.1667,1.53095,-7.35615,437.245,447.745,-12.5163,1,1,55.4482
71.175,1.53061,-7.35614,437.141,447.641,-12.5163,1,1,55.4482
71.1833,1.53028,-7.35614,437.036,447.536,-12.5162,1,1,55.4482
71.1917,1.52994,-7.35613,436.932,447.432,-12.5162,1,1,55.4482
71.2,1.5296,-7.35613,436.828,447.328,-12.5162,1,1,55.4482
71.2083,1.52927,-7.35612,436.724,447.224,-12.5162,1,1,55.4482
71.2167,1.52893,-7.35612,436.619,447.119,-12.5162,1,1,55.4482
71.225,1.5286,-7.35612,436.515,447.015,-12.5161,1,1,55.4482
71.2333,1.52826,-7.35611,436.411,446.911,-12.5161,1,1,55.4482
71.2417,1.52792,-7.35611,436.306,446.806,-12.5161,1,1,55.4482
71.25,1.52759,-7.3561,436.202,446.702,-12.5161,1,1,55.4482
71.2583,1.52725,-7.3561,436.098,446.598,-12.5161,1,1,55.4482
71.2667,1.52692,-7.35609,435.993,446.493,-12.5161,1,1,55.4482
71.275,1.52658,-7.35609,435.889,446.389,-12.516,1,1,55.4482
71.2833,1.52624,-7.35608,435.785,446.285,-12.516,1,1,55.4482
71.2917,1.52591,-7.35608,435.681,446.181,-12.516,1,1,55.4482
71.3,1.52557,-7.35607,435.576,446.076,-12.516,1,1,55.4482
71.3083,1.52523,-7.35607,435.472,445.972,-12.516,1,1,55.4482
71.3167,1.5249,-7.35606,435.368,445.868,-12.5159,1,1,55.4482
71.325,1.52456,-7.35606,435.263,445.763,-12.5159,1,1,55.4482
71.3333,1.52423,-7.35605,435.159,445.659,-12.5159,1,1,55.4482
71.3417,1.52389,-7.35605,435.055,445.555,-12.5159,1,1,55.4482
71.35,1.52355,-7.35604,434.95,445.45,-12.5159,1,1,55.4482
71.3583,1.52322,-7.35604,434.846,445.346,-12.5158,1,1,55.4482
71.3667,1.52288,-7.35604,434.742,445.242,-12.5158,1,1,55.4482
71.375,1.52255,-7.35603,434.638,445.138,-12.5158,1,1,55.4482
71.3833,1.52221,-7.35603,434.533,445.033,-12.5158,1,1,55.4482
71.3917,1.52187,-7.35602,434.429,444.929,-12.5158,1,1,55.4482
71.4,1.52154,-7.35602,434.325,444.825,-12.5157,1,1,55.4482
71.4083,1.5212,-7.35601,434.22,444.72,-12.5157,1,1,55.4482
71.4167,1.52086,-7.35601,434.116,444.616,-12.5157,1,1,55.4482
71.425,1.52053,-7.356,434.012,444.512,-12.5157,1,1,55.4482
71.4333,1.52019,-7.356,433.907,444.407,-12.5157,1,1,55.4482
71.4417,1.51986,-7.35599,433.803,444.303,-12.5157,1,1,55.4482
71.45,1.51952,-7.35599,433.699,444.199,-12.5156,1,1,55.4482
71.4583,1.51918,-7.35598,433.595,444.095,-12.5156,1,1,55.4482
71.4667,1.51885,-7.35598,433.49,443.99,-12.5156,1,1,55.4482
71.475,1.51851,-7.35597,433.386,443.886,-12.5156,1,1,55.4482
71.4833,1.51817,-7.35597,433.282,443.782,-12.5156,1,1,55.4482
71.4917,1.51784,-7.35596,433.177,443.677,-12.5155,1,1,55.4482
71.5,1.5175,-7.35596,433.073,443.573,-12.5155,1,1,55.4482
71.5083,1.51717,-7.35596,432.969,443.469,-12.5155,1,1,55.4482
71.5167,1.51683,-7.35595,432.865,443.365,-12.5155,1,1,55.4482
71.525,1.51649,-7.35595,432.76,443.26,-12.5155,1,1,55.4482
71.5333,1.51616,-7.35594,432.656,443.156,-12.5154,1,1,55.4482
71.5417,1.51582,-7.35594,432.552,443.052,-12.5154,1,1,55.4482
71.55,1.51549,-7.35593,432.447,442.947,-12.5154,1,1,55.4482
71.5583,1.51515,-7.35593,432.343,442.843,-12.5154,1,1,55.4482
71.5667,1.51481,-7.35592,432.239,442.739,-12.5154,1,1,55.4482
71.575,1.51448,-7.35592,432.134,442.634,-12.5153,1,1,55.4482
71.5833,1.51414,-7.35591,432.03,442.53,-12.5153,1,1,55.4482
71.5917,1.51381,-7.35591,431.926,442.426,-12.5153,1,1,55.4482
71.6,1.51347,-7.3559,431.822,442.322,-12.5153,1,1,55.4482
71.6083,1.51313,-7.3559,431.717,442.217,-12.5153,1,1,55.4482
71.6167,1.5128,-7.35589,431.613,442.113,-12.5153,1,1,55.4482
71.625,1.51246,-7.35589,431.509,442.009,-12.5152,1,1,55.4482
71.6333,1.51212,-7.35588,431.404,441.904,-12.5152,1,1,55.4482
71.6417,1.51179,-7.35588,431.3,441.8,-12.5152,1,1,55.4482
71.65,1.51145,-7.35588,431.196,441.696,-12.5152,1,1,55.4482
71.6583,1.51112,-7.35587,431.092,441.592,-12.5152,1,1,55.4482
71.6667,1.51078,-7.35587,430.987,441.487,-12.5151,1,1,55.4482
71.675,1.51044,-7.35586,430.883,441.383,-12.5151,1,1,55.4482
71.6833,1.51011,-7.35586,430.779,441.279,-12.5151,1,1,55.4482
71.6917,1.50977,-7.35585,430.674,441.174,-12.5151,1,1,55.4482
71.7,1.50944,-7.35585,430.57,441.07,-12.5151,1,1,55.4482
71.7083,1.5091,-7.35584,430.466,440.966,-12.515,1,1,55.4482
71.7167,1.50876,-7.35584,430.361,440.861,-12.515,1,1,55.4482
71.725,1.50843,-7.35583,430.257,440.757,-12.515,1,1,55.4482
71.7333,1.50809,-7.35583,430.153,440.653,-12.515,1,1,55.4482
71.7417,1.50775,-7.35582,430.049,440.549,-12.515,1,1,55.4482
71.75,1.50742,-7.35582,429.944,440.444,-12.5149,1,1,55.4482
71.7583,1.50708,-7.35581,429.84,440.34,-12.5149,1,1,55.4482
71.7667,1.50675,-7.35581,429.736,440.236,-12.5149,1,1,55.4482
71.775,1.50641,-7.3558,429.631,440.131,-12.5149,1,1,55.4482
71.7833,1.50607,-7.3558,429.527,440.027,-12.5149,1,1,55.4482
71.7917,1.50574,-7.3558,429.423,439.923,-12.5149,1,1,55.4482
71.8,1.5054,-7.35579,429.319,439.819,-12.5148,1,1,55.4482
71.8083,1.50507,-7.35579,429.214,439.714,-12.5148,1,1,55.4482
71.8167,1.50473,-7.35578,429.11,439.61,-12.5148,1,1,55.4482
71.825,1.50439,-7.35578,429.006,439.506,-12.5148,1,1,55.4482
71.8333,1.50406,-7.35577,428.901,439.401,-12.5148,1,1,55.4482
71.8417,1.50372,-7.35577,428.797,439.297,-12.5147,1,1,55.4482
71.85,1.50338,-7.35576,428.693,439.193,-12.5147,1,1,55.4482
71.8583,1.50305,-7.35576,428.589,439.089,-12.5147,1,1,55.4482
71.8667,1.50271,-7.35575,428.484,438.984,-12.5147,1,1,55.4482
71.875,1.50238,-7.35575,428.38,438.88,-12.5147,1,1,55.4482
71.8833,1.50204,-7.35574,428.276,438.776,-12.5146,1,1,55.4482
71.8917,1.5017,-7.35574,428.171,438.671,-12.5146,1,1,55.4482
71.9,1.50137,-7.35573,428.067,438.567,-12.5146,1,1,55.4482
71.9083,1.50103,-7.35573,427.963,438.463,-12.5146,1,1,55.4482
71.9167,1.5007,-7.35572,427.858,438.358,-12.5146,1,1,55.4482
71.925,1.50036,-7.35572,427.754,438.254,-12.5145,1,1,55.4482
71.9333,1.50002,-7.35572,427.65,438.15,-12.5145,1,1,55.4482
71.9417,1.49969,-7.35571,427.546,438.046,-12.5145,1,1,55.4482
71.95,1.49935,-7.35571,427.441,437.941,-12.5145,1,1,55.4482
71.9583,1.49902,-7.3557,427.337,437.837,-12.5145,1,1,55.4482
71.9667,1.49868,-7.3557,427.233,437.733,-12.5144,1,1,55.4482
71.975,1.49834,-7.35569,427.128,437.628,-12.5144,1,1,55.4482
71.9833,1.49801,-7.35569,427.024,437.524,-12.5144,1,1,55.4482
71.9917,1.49767,-7.35568,426.92,437.42,-12.5144,1,1,55.4482
72,1.49733,-7.35568,426.816,437.316,-12.5144,1,1,55.4482
72.0083,1.497,-7.35567,426.711,437.211,-12.5144,1,1,55.4482
72.0167,1.49666,-7.35567,426.607,437.107,-12.5143,1,1,55.4482
72.025,1.49633,-7.35566,426.503,437.003,-12.5143,1,1,55.4482
72.0333,1.49599,-7.35566,426.398,436.898,-12.5143,1,1,55.4482
72.0417,1.49565,-7.35565,426.294,436.794,-12.5143,1,1,55.4482
72.05,1.49532,-7.35565,426.19,436.69,-12.5143,1,1,55.4482
72.0583,1.49498,-7.35564,426.086,436.586,-12.5142,1,1,55.4482
72.0667,1.49465,-7.35564,425.981,436.481,-12.5142,1,1,55.4482
72.075,1.49431,-7.35564,425.877,436.377,-12.5142,1,1,55.4482
72.0833,1.49397,-7.35563,425.773,436.273,-12.5142,1,1,55.4482
72.0917,1.49364,-7.35563,425.668,436.168,-12.5142,1,1,55.4482
72.1,1.4933,-7.35562,425.564,436.064,-12.5141,1,1,55.4482
72.1083,1.49296,-7.35562,425.46,435.96,-12.5141,1,1,55.4482
72.1167,1.49263,-7.35561,425.356,435.856,-12.5141,1,1,55.4482
72.125,1.49229,-7.35561,425.251,435.751,-12.5141,1,1,55.4482
72.1333,1.49196,-7.3556,425.147,435.647,-12.5141,1,1,55.4482
72.1417,1.49162,-7.3556,425.043,435.543,-12.514,1,1,55.4482
72.15,1.49128,-7.35559,424.938,435.438,-12.514,1,1,55.4482
72.1583,1.49095,-7.35559,424.834,435.334,-12.514,1,1,55.4482
72.1667,1.49061,-7.35558,424.73,435.23,-12.514,1,1,55.4482
72.175,1.49028,-7.35558,424.626,435.126,-12.514,1,1,55.4482
72.1833,1.48994,-7.35557,424.521,435.021,-12.514,1,1,55.4482
72.1917,1.4896,-7.35557,424.417,434.917,-12.5139,1,1,55.4482
72.2,1.48927,-7.35556,424.313,434.813,-12.5139,1,1,55.4482
72.2083,1.48893,-7.35556,424.208,434.708,-12.5139,1,1,55.4482
72.2167,1.4886,-7.35556,424.104,434.604,-12.5139,1,1,55.4482
72.225,1.48826,-7.35555,424,434.5,-12.5139,1,1,55.4482
72.2333,1.48792,-7.35555,423.896,434.396,-12.5138,1,1,55.4482
72.2417,1.48759,-7.35554,423.791,434.291,-12.5138,1,1,55.4482
72.25,1.48725,-7.35554,423.687,434.187,-12.5138,1,1,55.4482
72.2583,1.48691,-7.35553,423.583,434.083,-12.5138,1,1,55.4482
72.2667,1.48658,-7.35553,423.479,433.979,-12.5138,1,1,55.4482
72.275,1.48624,-7.35552,423.374,433.874,-12.5137,1,1,55.4482
72.2833,1.48591,-7.35552,423.27,433.77,-12.5137,1,1,55.4482
72.2917,1.48557,-7.35551,423.166,433.666,-12.5137,1,1,55.4482
72.3,1.48523,-7.35551,423.061,433.561,-12.5137,1,1,55.4482
72.3083,1.4849,-7.3555,422.957,433.457,-12.5137,1,1,55.4482
72.3167,1.48456,-7.3555,422.853,433.353,-12.5136,1,1,55.4482
72.325,1.48423,-7.35549,422.749,433.249,-12.5136,1,1,55.4482
72.3333,1.48389,-7.35549,422.644,433.144,-12.5136,1,1,55.4482
72.3417,1.48355,-7.35548,422.54,433.04,-12.5136,1,1,55.4482
72.35,1.48322,-7.35548,422.436,432.936,-12.5136,1,1,55.4482
72.3583,1.48288,-7.35548,422.331,432.831,-12.5136,1,1,55.4482
72.3667,1.48255,-7.35547,422.227,432.727,-12.5135,1,1,55.4482
72.375,1.48221,-7.35547,422.123,432.623,-12.5135,1,1,55.4482
72.3833,1.48187,-7.35546,422.019,432.519,-12.5135,1,1,55.4482
72.3917,1.48154,-7.35546,421.914,432.414,-12.5135,1,1,55.4482
72.4,1.4812,-7.35545,421.81,432.31,-12.5135,1,1,55.4482
72.4083,1.48087,-7.35545,421.706,432.206,-12.5134,1,1,55.4482
72.4167,1.48053,-7.35544,421.601,432.101,-12.5134,1,1,55.4482
72.425,1.48019,-7.35544,421.497,431.997,-12.5134,1,1,55.4482
72.4333,1.47986,-7.35543,421.393,431.893,-12.5134,1,1,55.4482
72.4417,1.47952,-7.35543,421.289,431.789,-12.5134,1,1,55.4482
72.45,1.47918,-7.35542,421.184,431.684,-12.5133,1,1,55.4482
72.4583,1.47885,-7.35542,421.08,431.58,-12.5133,1,1,55.4482
72.4667,1.47851,-7.35541,420.976,431.476,-12.5133,1,1,55.4482
72.475,1.47818,-7.35541,420.872,431.372,-12.5133,1,1,55.4482
72.4833,1.47784,-7.3554,420.767,431.267,-12.5133,1,1,55.4482
72.4917,1.4775,-7.3554,420.663,431.163,-12.5132,1,1,55.4482
72.5,1.47717,-7.3554,420.559,431.059,-12.5132,1,1,55.4482
72.5083,1.47683,-7.35539,420.454,430.954,-12.5132,1,1,55.4482
72.5167,1.4765,-7.35539,420.35,430.85,-12.5132,1,1,55.4482
72.525,1.47616,-7.35538,420.246,430.746,-12.5132,1,1,55.4482
72.5333,1.47582,-7.35538,420.142,430.642,-12.5132,1,1,55.4482
72.5417,1.47549,-7.35537,420.037,430.537,-12.5131,1,1,55.4482
72.55,1.47515,-7.35537,419.933,430.433,-12.5131,1,1,55.4482
72.5583,1.47482,-7.35536,419.829,430.329,-12.5131,1,1,55.4482
72.5667,1.47448,-7.35536,419.724,430.224,-12.5131,1,1,55.4482
72.575,1.47414,-7.35535,419.62,430.12,-12.5131,1,1,55.4482
72.5833,1.47381,-7.35535,419.516,430.016,-12.513,1,1,55.4482
72.5917,1.47347,-7.35534,419.412,429.912,-12.513,1,1,55.4482
72.6,1.47313,-7.35534,419.307,429.807,-12.513,1,1,55.4482
72.6083,1.4728,-7.35533,419.203,429.703,-12.513,1,1,55.4482
72.6167,1.47246,-7.35533,419.099,429.599,-12.513,1,1,55.4482
72.625,1.47213,-7.35532,418.995,429.495,-12.5129,1,1,55.4482
72.6333,1.47179,-7.35532,418.89,429.39,-12.5129,1,1,55.4482
72.6417,1.47145,-7.35532,418.786,429.286,-12.5129,1,1,55.4482
72.65,1.47112,-7.35531,418.682,429.182,-12.5129,1,1,55.4482
72.6583,1.47078,-7.35531,418.577,429.077,-12.5129,1,1,55.4482
72.6667,1.47045,-7.3553,418.473,428.973,-12.5128,1,1,55.4482
72.675,1.47011,-7.3553,418.369,428.869,-12.5128,1,1,55.4482
72.6833,1.46977,-7.35529,418.265,428.765,-12.5128,1,1,55.4482
72.6917,1.46944,-7.35529,418.16,428.66,-12.5128,1,1,55.4482
72.7,1.4691,-7.35528,418.056,428.556,-12.5128,1,1,55.4482
72.7083,1.46877,-7.35528,417.952,428.452,-12.5128,1,1,55.4482
72.7167,1.46843,-7.35527,417.848,428.348,-12.5127,1,1,55.4482
72.725,1.46809,-7.35527,417.743,428.243,-12.5127,1,1,55.4482
72.7333,1.46776,-7.35526,417.639,428.139,-12.5127,1,1,55.4482
72.7417,1.46742,-7.35526,417.535,428.035,-12.5127,1,1,55.4482
72.75,1.46709,-7.35525,417.43,427.93,-12.5127,1,1,55.4482
72.7583,1.46675,-7.35525,417.326,427.826,-12.5126,1,1,55.4482
72.7667,1.46641,-7.35524,417.222,427.722,-12.5126,1,1,55.4482
72.775,1.46608,-7.35524,417.118,427.618,-12.5126,1,1,55.4482
72.7833,1.46574,-7.35524,417.013,427.513,-12.5126,1,1,55.4482
72.7917,1.46541,-7.35523,416.909,427.409,-12.5126,1,1,55.4482
72.8,1.46507,-7.35523,416.805,427.305,-12.5125,1,1,55.4482
72.8083,1.46473,-7.35522,416.701,427.201,-12.5125,1,1,55.4482
72.8167,1.4644,-7.35522,416.596,427.096,-12.5125,1,1,55.4482
72.825,1.46406,-7.35521,416.492,426.992,-12.5125,1,1,55.4482
72.8333,1.46372,-7.35521,416.388,426.888,-12.5125,1,1,55.4482
72.8417,1.46339,-7.3552,416.283,426.783,-12.5124,1,1,55.4482
72.85,1.46305,-7.3552,416.179,426.679,-12.5124,1,1,55.4482
72.8583,1.46272,-7.35519,416.075,426.575,-12.5124,1,1,55.4482
72.8667,1.46238,-7.35519,415.971,426.471,-12.5124,1,1,55.4482
72.875,1.46204,-7.35518,415.866,426.366,-12.5124,1,1,55.4482
72.8833,1.46171,-7.35518,415.762,426.262,-12.5124,1,1,55.4482
72.8917,1.46137,-7.35517,415.658,426.158,-12.5123,1,1,55.4482
72.9,1.46104,-7.35517,415.554,426.054,-12.5123,1,1,55.4482
72.9083,1.4607,-7.35516,415.449,425.949,-12.5123,1,1,55.4482
72.9167,1.46036,-7.35516,415.345,425.845,-12.5123,1,1,55.4482
72.925,1.46003,-7.35516,415.241,425.741,-12.5123,1,1,55.4482
72.9333,1.45969,-7.35515,415.136,425.636,-12.5122,1,1,55.4482
72.9417,1.45936,-7.35515,415.032,425.532,-12.5122,1,1,55.4482
72.95,1.45902,-7.35514,414.928,425.428,-12.5122,1,1,55.4482
72.9583,1.45868,-7.35514,414.824,425.324,-12.5122,1,1,55.4482
72.9667,1.45835,-7.35513,414.719,425.219,-12.5122,1,1,55.4482
72.975,1.45801,-7.35513,414.615,425.115,-12.5121,1,1,55.4482
72.9833,1.45768,-7.35512,414.511,425.011,-12.5121,1,1,55.4482
72.9917,1.45734,-7.35512,414.407,424.907,-12.5121,1,1,55.4482
73,1.457,-7.35511,414.302,424.802,-12.5121,1,1,55.4482
73.0083,1.45667,-7.35511,414.198,424.698,-12.5121,1,1,55.4482
73.0167,1.45633,-7.3551,414.094,424.594,-12.512,1,1,55.4482
73.025,1.456,-7.3551,413.99,424.49,-12.512,1,1,55.4482
73.0333,1.45566,-7.35509,413.885,424.385,-12.512,1,1,55.4482
73.0417,1.45532,-7.35509,413.781,424.281,-12.512,1,1,55.4482
73.05,1.45499,-7.35508,413.677,424.177,-12.512,1,1,55.4482
73.0583,1.45465,-7.35508,413.572,424.072,-12.5119,1,1,55.4482
73.0667,1.45431,-7.35508,413.468,423.968,-12.5119,1,1,55.4482
73.075,1.45398,-7.35507,413.364,423.864,-12.5119,1,1,55.4482
73.0833,1.45364,-7.35507,413.26,423.76,-12.5119,1,1,55.4482
73.0917,1.45331,-7.35506,413.155,423.655,-12.5119,1,1,55.4482
73.1,1.45297,-7.35506,413.051,423.551,-12.5119,1,1,55.4482
73.1083,1.45263,-7.35505,412.947,423.447,-12.5118,1,1,55.4482
73.1167,1.4523,-7.35505,412.843,423.343,-12.5118,1,1,55.4482
73.125,1.45196,-7.35504,412.738,423.238,-12.5118,1,1,55.4482
73.1333,1.45163,-7.35504,412.634,423.134,-12.5118,1,1,55.4482
73.1417,1.45129,-7.35503,412.53,423.03,-12.5118,1,1,55.4482
73.15,1.45095,-7.35503,412.426,422.926,-12.5117,1,1,55.4482
73.1583,1.45062,-7.35502,412.321,422.821,-12.5117,1,1,55.4482
73.1667,1.45028,-7.35502,412.217,422.717,-12.5117,1,1,55.4482
73.175,1.44995,-7.35501,412.113,422.613,-12.5117,1,1,55.4482
73.1833,1.44961,-7.35501,412.008,422.508,-12.5117,1,1,55.4482
73.1917,1.44927,-7.355,411.904,422.404,-12.5116,1,1,55.4482
73.2,1.44894,-7.355,411.8,422.3,-12.5116,1,1,55.4482
73.2083,1.4486,-7.355,411.696,422.196,-12.5116,1,1,55.4482
73.2167,1.44827,-7.35499,411.591,422.091,-12.5116,1,1,55.4482
73.225,1.44793,-7.35499,411.487,421.987,-12.5116,1,1,55.4482
73.2333,1.44759,-7.35498,411.383,421.883,-12.5115,1,1,55.4482
73.2417,1.44726,-7.35498,411.279,421.779,-12.5115,1,1,55.4482
73.25,1.44692,-7.35497,411.174,421.674,-12.5115,1,1,55.4482
73.2583,1.44659,-7.35497,411.07,421.57,-12.5115,1,1,55.4482
73.2667,1.44625,-7.35496,410.966,421.466,-12.5115,1,1,55.4482
73.275,1.44591,-7.35496,410.862,421.362,-12.5115,1,1,55.4482
73.2833,1.44558,-7.35495,410.757,421.257,-12.5114,1,1,55.4482
73.2917,1.44524,-7.35495,410.653,421.153,-12.5114,1,1,55.4482
73.3,1.44491,-7.35494,410.549,421.049,-12.5114,1,1,55.4482
73.3083,1.44457,-7.35494,410.445,420.945,-12.5114,1,1,55.4482
73.3167,1.44423,-7.35493,410.34,420.84,-12.5114,1,1,55.4482
73.325,1.4439,-7.35493,410.236,420.736,-12.5113,1,1,55.4482
73.3333,1.44356,-7.35492,410.132,420.632,-12.5113,1,1,55.4482
73.3417,1.44323,-7.35492,410.027,420.527,-12.5113,1,1,55.4482
73.35,1.44289,-7.35492,409.923,420.423,-12.5113,1,1,55.4482
73.3583,1.44255,-7.35491,409.819,420.319,-12.5113,1,1,55.4482
73.3667,1.44222,-7.35491,409.715,420.215,-12.5112,1,1,55.4482
73.375,1.44188,-7.3549,409.61,420.11,-12.5112,1,1,55.4482
73.3833,1.44155,-7.3549,409.506,420.006,-12.5112,1,1,55.4482
73.3917,1.44121,-7.35489,409.402,419.902,-12.5112,1,1,55.4482
73.4,1.44087,-7.35489,409.298,419.798,-12.5112,1,1,55.4482
73.4083,1.44054,-7.35488,409.193,419.693,-12.5111,1,1,55.4482
73.4167,1.4402,-7.35488,409.089,419.589,-12.5111,1,1,55.4482
73.425,1.43986,-7.35487,408.985,419.485,-12.5111,1,1,55.4482
73.4333,1.43953,-7.35487,408.881,419.381,-12.5111,1,1,55.4482
73.4417,1.43919,-7.35486,408.776,419.276,-12.5111,1,1,55.4482
73.45,1.43886,-7.35486,408.672,419.172,-12.5111,1,1,55.4482
73.4583,1.43852,-7.35485,408.568,419.068,-12.511,1,1,55.4482
73.4667,1.43818,-7.35485,408.464,418.964,-12.511,1,1,55.4482
73.475,1.43785,-7.35484,408.359,418.859,-12.511,1,1,55.4482
73.4833,1.43751,-7.35484,408.255,418.755,-12.511,1,1,55.4482
73.4917,1.43718,-7.35484,408.151,418.651,-12.511,1,1,55.4482
73.5,1.43684,-7.35483,408.047,418.547,-12.5109,1,1,55.4482
73.5083,1.4365,-7.35483,407.942,418.442,-12.5109,1,1,55.4482
73.5167,1.43617,-7.35482,407.838,418.338,-12.5109,1,1,55.4482
73.525,1.43583,-7.35482,407.734,418.234,-12.5109,1,1,55.4482
73.5333,1.4355,-7.35481,407.629,418.129,-12.5109,1,1,55.4482
73.5417,1.43516,-7.35481,407.525,418.025,-12.5108,1,1,55.4482
73.55,1.43482,-7.3548,407.421,417.921,-12.5108,1,1,55.4482
73.5583,1.43449,-7.3548,407.317,417.817,-12.5108,1,1,55.4482
73.5667,1.43415,-7.35479,407.212,417.712,-12.5108,1,1,55.4482
73.575,1.43382,-7.35479,407.108,417.608,-12.5108,1,1,55.4482
73.5833,1.43348,-7.35478,407.004,417.504,-12.5107,1,1,55.4482
73.5917,1.43314,-7.35478,406.9,417.4,-12.5107,1,1,55.4482
73.6,1.43281,-7.35477,406.795,417.295,-12.5107,1,1,55.4482
73.6083,1.43247,-7.35477,406.691,417.191,-12.5107,1,1,55.4482
73.6167,1.43214,-7.35476,406.587,417.087,-12.5107,1,1,55.4482
73.625,1.4318,-7.35476,406.483,416.983,-12.5107,1,1,55.4482
73.6333,1.43146,-7.35476,406.378,416.878,-12.5106,1,1,55.4482
73.6417,1.43113,-7.35475,406.274,416.774,-12.5106,1,1,55.4482
73.65,1.43079,-7.35475,406.17,416.67,-12.5106,1,1,55.4482
73.6583,1.43046,-7.35474,406.066,416.566,-12.5106,1,1,55.4482
73.6667,1.43012,-7.35474,405.961,416.461,-12.5106,1,1,55.4482
73.675,1.42978,-7.35473,405.857,416.357,-12.5105,1,1,55.4482
73.6833,1.42945,-7.35473,405.753,416.253,-12.5105,1,1,55.4482
73.6917,1.42911,-7.35472,405.649,416.149,-12.5105,1,1,55.4482
73.7,1.42878,-7.35472,405.544,416.044,-12.5105,1,1,55.4482
73.7083,1.42844,-7.35471,405.44,415.94,-12.5105,1,1,55.4482
73.7167,1.4281,-7.35471,405.336,415.836,-12.5104,1,1,55.4482
73.725,1.42777,-7.3547,405.232,415.732,-12.5104,1,1,55.4482
73.7333,1.42743,-7.3547,405.127,415.627,-12.5104,1,1,55.4482
73.7417,1.4271,-7.35469,405.023,415.523,-12.5104,1,1,55.4482
73.75,1.42676,-7.35469,404.919,415.419,-12.5104,1,1,55.4482
73.7583,1.42642,-7.35468,404.815,415.315,-12.5103,1,1,55.4482
73.7667,1.42609,-7.35468,404.71,415.21,-12.5103,1,1,55.4482
73.775,1.42575,-7.35468,404.606,415.106,-12.5103,1,1,55.4482
73.7833,1.42542,-7.35467,404.502,415.002,-12.5103,1,1,55.4482
73.7917,1.42508,-7.35467,404.398,414.898,-12.5103,1,1,55.4482
73.8,1.42474,-7.35466,404.293,414.793,-12.5103,1,1,55.4482
73.8083,1.42441,-7.35466,404.189,414.689,-12.5102,1,1,55.4482
73.8167,1.42407,-7.35465,404.085,414.585,-12.5102,1,1,55.4482
73.825,1.42374,-7.35465,403.981,414.481,-12.5102,1,1,55.4482
73.8333,1.4234,-7.35464,403.876,414.376,-12.5102,1,1,55.4482
73.8417,1.42306,-7.35464,403.772,414.272,-12.5102,1,1,55.4482
73.85,1.42273,-7.35463,403.668,414.168,-12.5101,1,1,55.4482
73.8583,1.42239,-7.35463,403.564,414.064,-12.5101,1,1,55.4482
73.8667,1.42206,-7.35462,403.459,413.959,-12.5101,1,1,55.4482
73.875,1.42172,-7.35462,403.355,413.855,-12.5101,1,1,55.4482
73.8833,1.42138,-7.35461,403.251,413.751,-12.5101,1,1,55.4482
73.8917,1.42105,-7.35461,403.147,413.647,-12.51,1,1,55.4482
73.9,1.42071,-7.3546,403.042,413.542,-12.51,1,1,55.4482
73.9083,1.42038,-7.3546,402.938,413.438,-12.51,1,1,55.4482
73.9167,1.42004,-7.3546,402.834,413.334,-12.51,1,1,55.4482
73.925,1.4197,-7.35459,402.73,413.23,-12.51,1,1,55.4482
73.9333,1.41937,-7.35459,402.625,413.125,-12.5099,1,1,55.4482
73.9417,1.41903,-7.35458,402.521,413.021,-12.5099,1,1,55.4482
73.95,1.4187,-7.35458,402.417,412.917,-12.5099,1,1,55.4482
73.9583,1.41836,-7.35457,402.313,412.813,-12.5099,1,1,55.4482
73.9667,1.41802,-7.35457,402.208,412.708,-12.5099,1,1,55.4482
73.975,1.41769,-7.35456,402.104,412.604,-12.5099,1,1,55.4482
73.9833,1.41735,-7.35456,402,412.5,-12.5098,1,1,55.4482
73.9917,1.41702,-7.35455,401.896,412.396,-12.5098,1,1,55.4482
74,1.41668,-7.35455,401.791,412.291,-12.5098,1,1,55.4482
74.0083,1.41634,-7.35454,401.687,412.187,-12.5098,1,1,55.4482
74.0167,1.41601,-7.35454,401.583,412.083,-12.5098,1,1,55.4482
74.025,1.41567,-7.35453,401.479,411.979,-12.5097,1,1,55.4482
74.0333,1.41534,-7.35453,401.374,411.874,-12.5097,1,1,55.4482
74.0417,1.415,-7.35452,401.27,411.77,-12.5097,1,1,55.4482
74.05,1.41466,-7.35452,401.166,411.666,-12.5097,1,1,55.4482
74.0583,1.41433,-7.35452,401.062,411.562,-12.5097,1,1,55.4482
74.0667,1.41399,-7.35451,400.957,411.457,-12.5096,1,1,55.4482
74.075,1.41366,-7.35451,400.853,411.353,-12.5096,1,1,55.4482
74.0833,1.41332,-7.3545,400.749,411.249,-12.5096,1,1,55.4482
74.0917,1.41298,-7.3545,400.645,411.145,-12.5096,1,1,55.4482
74.1,1.41265,-7.35449,400.54,411.04,-12.5096,1,1,55.4482
74.1083,1.41231,-7.35449,400.436,410.936,-12.5095,1,1,55.4482
74.1167,1.41198,-7.35448,400.332,410.832,-12.5095,1,1,55.4482
74.125,1.41164,-7.35448,400.228,410.728,-12.5095,1,1,55.4482
74.1333,1.4113,-7.35447,400.123,410.623,-12.5095,1,1,55.4482
74.1417,1.41097,-7.35447,400.019,410.519,-12.5095,1,1,55.4482
74.15,1.41063,-7.35446,399.915,410.415,-12.5095,1,1,55.4482
74.1583,1.4103,-7.35446,399.811,410.311,-12.5094,1,1,55.4482
74.1667,1.40996,-7.35445,399.706,410.206,-12.5094,1,1,55.4482
74.175,1.40962,-7.35445,399.602,410.102,-12.5094,1,1,55.4482
74.1833,1.40929,-7.35444,399.498,409.998,-12.5094,1,1,55.4482
74.1917,1.40895,-7.35444,399.394,409.894,-12.5094,1,1,55.4482
74.2,1.40862,-7.35444,399.289,409.789,-12.5093,1,1,55.4482
74.2083,1.40828,-7.35443,399.185,409.685,-12.5093,1,1,55.4482
74.2167,1.40794,-7.35443,399.081,409.581,-12.5093,1,1,55.4482
74.225,1.40761,-7.35442,398.977,409.477,-12.5093,1,1,55.4482
74.2333,1.40727,-7.35442,398.872,409.372,-12.5093,1,1,55.4482
74.2417,1.40694,-7.35441,398.768,409.268,-12.5092,1,1,55.4482
74.25,1.4066,-7.35441,398.664,409.164,-12.5092,1,1,55.4482
74.2583,1.40626,-7.3544,398.56,409.06,-12.5092,1,1,55.4482
74.2667,1.40593,-7.3544,398.455,408.955,-12.5092,1,1,55.4482
74.275,1.40559,-7.35439,398.351,408.851,-12.5092,1,1,55.4482
74.2833,1.40526,-7.35439,398.247,408.747,-12.5091,1,1,55.4482
74.2917,1.40492,-7.35438,398.143,408.643,-12.5091,1,1,55.4482
74.3,1.40458,-7.35438,398.038,408.538,-12.5091,1,1,55.4482
74.3083,1.40425,-7.35437,397.934,408.434,-12.5091,1,1,55.4482
74.3167,1.40391,-7.35437,397.83,408.33,-12.5091,1,1,55.4482
74.325,1.40358,-7.35436,397.726,408.226,-12.509,1,1,55.4482
74.3333,1.40324,-7.35436,397.621,408.121,-12.509,1,1,55.4482
74.3417,1.4029,-7.35436,397.517,408.017,-12.509,1,1,55.4482
74.35,1.40257,-7.35435,397.413,407.913,-12.509,1,1,55.4482
74.3583,1.40223,-7.35435,397.309,407.809,-12.509,1,1,55.4482
74.3667,1.4019,-7.35434,397.205,407.705,-12.509,1,1,55.4482
74.375,1.40156,-7.35434,397.1,407.6,-12.5089,1,1,55.4482
74.3833,1.40122,-7.35433,396.996,407.496,-12.5089,1,1,55.4482
74.3917,1.40089,-7.35433,396.892,407.392,-12.5089,1,1,55.4482
74.4,1.40055,-7.35432,396.788,407.288,-12.5089,1,1,55.4482
74.4083,1.40022,-7.35432,396.683,407.183,-12.5089,1,1,55.4482
74.4167,1.39988,-7.35431,396.579,407.079,-12.5088,1,1,55.4482
74.425,1.39954,-7.35431,396.475,406.975,-12.5088,1,1,55.4482
74.4333,1.39921,-7.3543,396.371,406.871,-12.5088,1,1,55.4482
74.4417,1.39887,-7.3543,396.266,406.766,-12.5088,1,1,55.4482
74.45,1.39854,-7.35429,396.162,406.662,-12.5088,1,1,55.4482
74.4583,1.3982,-7.35429,396.058,406.558,-12.5087,1,1,55.4482
74.4667,1.39786,-7.35428,395.954,406.454,-12.5087,1,1,55.4482
74.475,1.39753,-7.35428,395.849,406.349,-12.5087,1,1,55.4482
74.4833,1.39719,-7.35428,395.745,406.245,-12.5087,1,1,55.4482
74.4917,1.39686,-7.35427,395.641,406.141,-12.5087,1,1,55.4482
74.5,1.39652,-7.35427,395.537,406.037,-12.5086,1,1,55.4482
74.5083,1.39618,-7.35426,395.432,405.932,-12.5086,1,1,55.4482
74.5167,1.39585,-7.35426,395.328,405.828,-12.5086,1,1,55.4482
74.525,1.39551,-7.35425,395.224,405.724,-12.5086,1,1,55.4482
74.5333,1.39518,-7.35425,395.12,405.62,-12.5086,1,1,55.4482
74.5417,1.39484,-7.35424,395.015,405.515,-12.5086,1,1,55.4482
74.55,1.3945,-7.35424,394.911,405.411,-12.5085,1,1,55.4482
74.5583,1.39417,-7.35423,394.807,405.307,-12.5085,1,1,55.4482
74.5667,1.39383,-7.35423,394.703,405.203,-12.5085,1,1,55.4482
74.575,1.3935,-7.35422,394.599,405.099,-12.5085,1,1,55.4482
74.5833,1.39316,-7.35422,394.494,404.994,-12.5085,1,1,55.4482
74.5917,1.39283,-7.35421,394.39,404.89,-12.5084,1,1,55.4482
74.6,1.39249,-7.35421,394.286,404.786,-12.5084,1,1,55.4482
74.6083,1.39215,-7.3542,394.182,404.682,-12.5084,1,1,55.4482
74.6167,1.39182,-7.3542,394.077,404.577,-12.5084,1,1,55.4482
74.625,1.39148,-7.3542,393.973,404.473,-12.5084,1,1,55.4482
74.6333,1.39115,-7.35419,393.869,404.369,-12.5083,1,1,55.4482
74.6417,1.39081,-7.35419,393.765,404.265,-12.5083,1,1,55.4482
74.65,1.39047,-7.35418,393.66,404.16,-12.5083,1,1,55.4482
74.6583,1.39014,-7.35418,393.556,404.056,-12.5083,1,1,55.4482
74.6667,1.3898,-7.35417,393.452,403.952,-12.5083,1,1,55.4482
74.675,1.38947,-7.35417,393.348,403.848,-12.5082,1,1,55.4482
74.6833,1.38913,-7.35416,393.243,403.743,-12.5082,1,1,55.4482
74.6917,1.38879,-7.35416,393.139,403.639,-12.5082,1,1,55.4482
74.7,1.38846,-7.35415,393.035,403.535,-12.5082,1,1,55.4482
74.7083,1.38812,-7.35415,392.931,403.431,-12.5082,1,1,55.4482
74.7167,1.38779,-7.35414,392.826,403.326,-12.5082,1,1,55.4482
74.725,1.38745,-7.35414,392.722,403.222,-12.5081,1,1,55.4482
74.7333,1.38711,-7.35413,392.618,403.118,-12.5081,1,1,55.4482
74.7417,1.38678,-7.35413,392.514,403.014,-12.5081,1,1,55.4482
74.75,1.38644,-7.35412,392.41,402.91,-12.5081,1,1,55.4482
74.7583,1.38611,-7.35412,392.305,402.805,-12.5081,1,1,55.4482
74.7667,1.38577,-7.35412,392.201,402.701,-12.508,1,1,55.4482
74.775,1.38543,-7.35411,392.097,402.597,-12.508,1,1,55.4482
74.7833,1.3851,-7.35411,391.993,402.493,-12.508,1,1,55.4482
74.7917,1.38476,-7.3541,391.888,402.388,-12.508,1,1,55.4482
74.8,1.38443,-7.3541,391.784,402.284,-12.508,1,1,55.4482
74.8083,1.38409,-7.35409,391.68,402.18,-12.5079,1,1,55.4482
74.8167,1.38375,-7.35409,391.576,402.076,-12.5079,1,1,55.4482
74.825,1.38342,-7.35408,391.471,401.971,-12.5079,1,1,55.4482
74.8333,1.38308,-7.35408,391.367,401.867,-12.5079,1,1,55.4482
74.8417,1.38275,-7.35407,391.263,401.763,-12.5079,1,1,55.4482
74.85,1.38241,-7.35407,391.159,401.659,-12.5078,1,1,55.4482
74.8583,1.38207,-7.35406,391.055,401.555,-12.5078,1,1,55.4482
74.8667,1.38174,-7.35406,390.95,401.45,-12.5078,1,1,55.4482
74.875,1.3814,-7.35405,390.846,401.346,-12.5078,1,1,55.4482
74.8833,1.38107,-7.35405,390.742,401.242,-12.5078,1,1,55.4482
74.8917,1.38073,-7.35405,390.638,401.138,-12.5078,1,1,55.4482
74.9,1.38039,-7.35404,390.533,401.033,-12.5077,1,1,55.4482
74.9083,1.38006,-7.35404,390.429,400.929,-12.5077,1,1,55.4482
74.9167,1.37972,-7.35403,390.325,400.825,-12.5077,1,1,55.4482
74.925,1.37939,-7.35403,390.221,400.721,-12.5077,1,1,55.4482
74.9333,1.37905,-7.35402,390.116,400.616,-12.5077,1,1,55.4482
74.9417,1.37872,-7.35402,390.012,400.512,-12.5076,1,1,55.4482
74.95,1.37838,-7.35401,389.908,400.408,-12.5076,1,1,55.4482
74.9583,1.37804,-7.35401,389.804,400.304,-12.5076,1,1,55.4482
74.9667,1.37771,-7.354,389.7,400.2,-12.5076,1,1,55.4482
74.975,1.37737,-7.354,389.595,400.095,-12.5076,1,1,55.4482
74.9833,1.37704,-7.35399,389.491,399.991,-12.5075,1,1,55.4482
74.9917,1.3767,-7.35399,389.387,399.887,-12.5075,1,1,55.4482
75,1.37636,-7.35398,389.283,399.783,-12.5075,1,1,55.4482
75.0083,1.37603,-7.35398,389.178,399.678,-12.5075,1,1,55.4482
75.0167,1.37569,-7.35397,389.074,399.574,-12.5075,1,1,55.4482
75.025,1.37536,-7.35397,388.97,399.47,-12.5074,1,1,55.4482
75.0333,1.37502,-7.35397,388.866,399.366,-12.5074,1,1,55.4482
75.0417,1.37468,-7.35396,388.761,399.261,-12.5074,1,1,55.4482
75.05,1.37435,-7.35396,388.657,399.157,-12.5074,1,1,55.4482
75.0583,1.37401,-7.35395,388.553,399.053,-12.5074,1,1,55.4482
75.0667,1.37368,-7.35395,388.449,398.949,-12.5074,1,1,55.4482
75.075,1.37334,-7.35394,388.345,398.845,-12.5073,1,1,55.4482
75.0833,1.373,-7.35394,388.24,398.74,-12.5073,1,1,55.4482
75.0917,1.37267,-7.35393,388.136,398.636,-12.5073,1,1,55.4482
75.1,1.37233,-7.35393,388.032,398.532,-12.5073,1,1,55.4482
75.1083,1.372,-7.35392,387.928,398.428,-12.5073,1,1,55.4482
75.1167,1.37166,-7.35392,387.823,398.323,-12.5072,1,1,55.4482
75.125,1.37132,-7.35391,387.719,398.219,-12.5072,1,1,55.4482
75.1333,1.37099,-7.35391,387.615,398.115,-12.5072,1,1,55.4482
75.1417,1.37065,-7.3539,387.511,398.011,-12.5072,1,1,55.4482
75.15,1.37032,-7.3539,387.406,397.906,-12.5072,1,1,55.4482
75.1583,1.36998,-7.35389,387.302,397.802,-12.5071,1,1,55.4482
75.1667,1.36964,-7.35389,387.198,397.698,-12.5071,1,1,55.4482
75.175,1.36931,-7.35389,387.094,397.594,-12.5071,1,1,55.4482
75.1833,1.36897,-7.35388,386.99,397.49,-12.5071,1,1,55.4482
75.1917,1.36864,-7.35388,386.885,397.385,-12.5071,1,1,55.4482
75.2,1.3683,-7.35387,386.781,397.281,-12.507,1,1,55.4482
75.2083,1.36797,-7.35387,386.677,397.177,-12.507,1,1,55.4482
75.2167,1.36763,-7.35386,386.573,397.073,-12.507,1,1,55.4482
75.225,1.36729,-7.35386,386.468,396.968,-12.507,1,1,55.4482
75.2333,1.36696,-7.35385,386.364,396.864,-12.507,1,1,55.4482
75.2417,1.36662,-7.35385,386.26,396.76,-12.507,1,1,55.4482
75.25,1.36629,-7.35384,386.156,396.656,-12.5069,1,1,55.4482
75.2583,1.36595,-7.35384,386.052,396.552,-12.5069,1,1,55.4482
75.2667,1.36561,-7.35383,385.947,396.447,-12.5069,1,1,55.4482
75.275,1.36528,-7.35383,385.843,396.343,-12.5069,1,1,55.4482
75.2833,1.36494,-7.35382,385.739,396.239,-12.5069,1,1,55.4482
75.2917,1.36461,-7.35382,385.635,396.135,-12.5068,1,1,55.4482
75.3,1.36427,-7.35381,385.53,396.03,-12.5068,1,1,55.4482
75.3083,1.36393,-7.35381,385.426,395.926,-12.5068,1,1,55.4482
75.3167,1.3636,-7.35381,385.322,395.822,-12.5068,1,1,55.4482
75.325,1.36326,-7.3538,385.218,395.718,-12.5068,1,1,55.4482
75.3333,1.36293,-7.3538,385.114,395.614,-12.5067,1,1,55.4482
75.3417,1.36259,-7.35379,385.009,395.509,-12.5067,1,1,55.4482
75.35,1.36225,-7.35379,384.905,395.405,-12.5067,1,1,55.4482
75.3583,1.36192,-7.35378,384.801,395.301,-12.5067,1,1,55.4482
75.3667,1.36158,-7.35378,384.697,395.197,-12.5067,1,1,55.4482
75.375,1.36125,-7.35377,384.592,395.092,-12.5066,1,1,55.4482
75.3833,1.36091,-7.35377,384.488,394.988,-12.5066,1,1,55.4482
75.3917,1.36058,-7.35376,384.384,394.884,-12.5066,1,1,55.4482
75.4,1.36024,-7.35376,384.28,394.78,-12.5066,1,1,55.4482
75.4083,1.3599,-7.35375,384.176,394.676,-12.5066,1,1,55.4482
75.4167,1.35957,-7.35375,384.071,394.571,-12.5066,1,1,55.4482
75.425,1.35923,-7.35374,383.967,394.467,-12.5065,1,1,55.4482
75.4333,1.3589,-7.35374,383.863,394.363,-12.5065,1,1,55.4482
75.4417,1.35856,-7.35373,383.759,394.259,-12.5065,1,1,55.4482
75.45,1.35822,-7.35373,383.654,394.154,-12.5065,1,1,55.4482
75.4583,1.35789,-7.35373,383.55,394.05,-12.5065,1,1,55.4482
75.4667,1.35755,-7.35372,383.446,393.946,-12.5064,1,1,55.4482
75.475,1.35722,-7.35372,383.342,393.842,-12.5064,1,1,55.4482
75.4833,1.35688,-7.35371,383.238,393.738,-12.5064,1,1,55.4482
75.4917,1.35654,-7.35371,383.133,393.633,-12.5064,1,1,55.4482
75.5,1.35621,-7.3537,383.029,393.529,-12.5064,1,1,55.4482
75.5083,1.35587,-7.3537,382.925,393.425,-12.5063,1,1,55.4482
75.5167,1.35554,-7.35369,382.821,393.321,-12.5063,1,1,55.4482
75.525,1.3552,-7.35369,382.716,393.216,-12.5063,1,1,55.4482
75.5333,1.35486,-7.35368,382.612,393.112,-12.5063,1,1,55.4482
75.5417,1.35453,-7.35368,382.508,393.008,-12.5063,1,1,55.4482
75.55,1.35419,-7.35367,382.404,392.904,-12.5062,1,1,55.4482
75.5583,1.35386,-7.35367,382.3,392.8,-12.5062,1,1,55.4482
75.5667,1.35352,-7.35366,382.195,392.695,-12.5062,1,1,55.4482
75.575,1.35319,-7.35366,382.091,392.591,-12.5062,1,1,55.4482
75.5833,1.35285,-7.35365,381.987,392.487,-12.5062,1,1,55.4482
75.5917,1.35251,-7.35365,381.883,392.383,-12.5062,1,1,55.4482
75.6,1.35218,-7.35365,381.778,392.278,-12.5061,1,1,55.4482
75.6083,1.35184,-7.35364,381.674,392.174,-12.5061,1,1,55.4482
75.6167,1.35151,-7.35364,381.57,392.07,-12.5061,1,1,55.4482
75.625,1.35117,-7.35363,381.466,391.966,-12.5061,1,1,55.4482
75.6333,1.35083,-7.35363,381.362,391.862,-12.5061,1,1,55.4482
75.6417,1.3505,-7.35362,381.257,391.757,-12.506,1,1,55.4482
75.65,1.35016,-7.35362,381.153,391.653,-12.506,1,1,55.4482
75.6583,1.34983,-7.35361,381.049,391.549,-12.506,1,1,55.4482
75.6667,1.34949,-7.35361,380.945,391.445,-12.506,1,1,55.4482
75.675,1.34915,-7.3536,380.841,391.341,-12.506,1,1,55.4482
75.6833,1.34882,-7.3536,380.736,391.236,-12.5059,1,1,55.4482
75.6917,1.34848,-7.35359,380.632,391.132,-12.5059,1,1,55.4482
75.7,1.34815,-7.35359,380.528,391.028,-12.5059,1,1,55.4482
75.7083,1.34781,-7.35358,380.424,390.924,-12.5059,1,1,55.4482
75.7167,1.34747,-7.35358,380.319,390.819,-12.5059,1,1,55.4482
75.725,1.34714,-7.35357,380.215,390.715,-12.5058,1,1,55.4482
75.7333,1.3468,-7.35357,380.111,390.611,-12.5058,1,1,55.4482
75.7417,1.34647,-7.35357,380.007,390.507,-12.5058,1,1,55.4482
75.75,1.34613,-7.35356,379.903,390.403,-12.5058,1,1,55.4482
75.7583,1.3458,-7.35356,379.798,390.298,-12.5058,1,1,55.4482
75.7667,1.34546,-7.35355,379.694,390.194,-12.5058,1,1,55.4482
75.775,1.34512,-7.35355,379.59,390.09,-12.5057,1,1,55.4482
75.7833,1.34479,-7.35354,379.486,389.986,-12.5057,1,1,55.4482
75.7917,1.34445,-7.35354,379.381,389.881,-12.5057,1,1,55.4482
75.8,1.34412,-7.35353,379.277,389.777,-12.5057,1,1,55.4482
75.8083,1.34378,-7.35353,379.173,389.673,-12.5057,1,1,55.4482
75.8167,1.34344,-7.35352,379.069,389.569,-12.5056,1,1,55.4482
75.825,1.34311,-7.35352,378.965,389.465,-12.5056,1,1,55.4482
75.8333,1.34277,-7.35351,378.86,389.36,-12.5056,1,1,55.4482
75.8417,1.34244,-7.35351,378.756,389.256,-12.5056,1,1,55.4482
75.85,1.3421,-7.3535,378.652,389.152,-12.5056,1,1,55.4482
75.8583,1.34176,-7.3535,378.548,389.048,-12.5055,1,1,55.4482
75.8667,1.34143,-7.35349,378.444,388.944,-12.5055,1,1,55.4482
75.875,1.34109,-7.35349,378.339,388.839,-12.5055,1,1,55.4482
75.8833,1.34076,-7.35349,378.235,388.735,-12.5055,1,1,55.4482
75.8917,1.34042,-7.35348,378.131,388.631,-12.5055,1,1,55.4482
75.9,1.34009,-7.35348,378.027,388.527,-12.5054,1,1,55.4482
75.9083,1.33975,-7.35347,377.922,388.422,-12.5054,1,1,55.4482
75.9167,1.33941,-7.35347,377.818,388.318,-12.5054,1,1,55.4482
75.925,1.33908,-7.35346,377.714,388.214,-12.5054,1,1,55.4482
75.9333,1.33874,-7.35346,377.61,388.11,-12.5054,1,1,55.4482
75.9417,1.33841,-7.35345,377.506,388.006,-12.5054,1,1,55.4482
75.95,1.33807,-7.35345,377.401,387.901,-12.5053,1,1,55.4482
75.9583,1.33773,-7.35344,377.297,387.797,-12.5053,1,1,55.4482
75.9667,1.3374,-7.35344,377.193,387.693,-12.5053,1,1,55.4482
75.975,1.33706,-7.35343,377.089,387.589,-12.5053,1,1,55.4482
75.9833,1.33673,-7.35343,376.985,387.485,-12.5053,1,1,55.4482
75.9917,1.33639,-7.35342,376.88,387.38,-12.5052,1,1,55.4482
76,1.33605,-7.35342,376.776,387.276,-12.5052,1,1,55.4482
76.0083,1.33572,-7.35342,376.672,387.172,-12.5052,1,1,55.4482
76.0167,1.33538,-7.35341,376.568,387.068,-12.5052,1,1,55.4482
76.025,1.33505,-7.35341,376.464,386.964,-12.5052,1,1,55.4482
76.0333,1.33471,-7.3534,376.359,386.859,-12.5051,1,1,55.4482
76.0417,1.33438,-7.3534,376.255,386.755,-12.5051,1,1,55.4482
76.05,1.33404,-7.35339,376.151,386.651,-12.5051,1,1,55.4482
76.0583,1.3337,-7.35339,376.047,386.547,-12.5051,1,1,55.4482
76.0667,1.33337,-7.35338,375.942,386.442,-12.5051,1,1,55.4482
76.075,1.33303,-7.35338,375.838,386.338,-12.505,1,1,55.4482
76.0833,1.3327,-7.35337,375.734,386.234,-12.505,1,1,55.4482
76.0917,1.33236,-7.35337,375.63,386.13,-12.505,1,1,55.4482
76.1,1.33202,-7.35336,375.526,386.026,-12.505,1,1,55.4482
76.1083,1.33169,-7.35336,375.421,385.921,-12.505,1,1,55.4482
76.1167,1.33135,-7.35335,375.317,385.817,-12.505,1,1,55.4482
76.125,1.33102,-7.35335,375.213,385.713,-12.5049,1,1,55.4482
76.1333,1.33068,-7.35334,375.109,385.609,-12.5049,1,1,55.4482
76.1417,1.33034,-7.35334,375.005,385.505,-12.5049,1,1,55.4482
76.15,1.33001,-7.35334,374.9,385.4,-12.5049,1,1,55.4482
76.1583,1.32967,-7.35333,374.796,385.296,-12.5049,1,1,55.4482
76.1667,1.32934,-7.35333,374.692,385.192,-12.5048,1,1,55.4482
76.175,1.329,-7.35332,374.588,385.088,-12.5048,1,1,55.4482
76.1833,1.32867,-7.35332,374.484,384.984,-12.5048,1,1,55.4482
76.1917,1.32833,-7.35331,374.379,384.879,-12.5048,1,1,55.4482
76.2,1.32799,-7.35331,374.275,384.775,-12.5048,1,1,55.4482
76.2083,1.32766,-7.3533,374.171,384.671,-12.5047,1,1,55.4482
76.2167,1.32732,-7.3533,374.067,384.567,-12.5047,1,1,55.4482
76.225,1.32699,-7.35329,373.963,384.463,-12.5047,1,1,55.4482
76.2333,1.32665,-7.35329,373.858,384.358,-12.5047,1,1,55.4482
76.2417,1.32631,-7.35328,373.754,384.254,-12.5047,1,1,55.4482
76.25,1.32598,-7.35328,373.65,384.15,-12.5046,1,1,55.4482
76.2583,1.32564,-7.35327,373.546,384.046,-12.5046,1,1,55.4482
76.2667,1.32531,-7.35327,373.442,383.942,-12.5046,1,1,55.4482
76.275,1.32497,-7.35326,373.337,383.837,-12.5046,1,1,55.4482
76.2833,1.32464,-7.35326,373.233,383.733,-12.5046,1,1,55.4482
76.2917,1.3243,-7.35326,373.129,383.629,-12.5046,1,1,55.4482
76.3,1.32396,-7.35325,373.025,383.525,-12.5045,1,1,55.4482
76.3083,1.32363,-7.35325,372.92,383.42,-12.5045,1,1,55.4482
76.3167,1.32329,-7.35324,372.816,383.316,-12.5045,1,1,55.4482
76.325,1.32296,-7.35324,372.712,383.212,-12.5045,1,1,55.4482
76.3333,1.32262,-7.35323,372.608,383.108,-12.5045,1,1,55.4482
76.3417,1.32228,-7.35323,372.504,383.004,-12.5044,1,1,55.4482
76.35,1.32195,-7.35322,372.399,382.899,-12.5044,1,1,55.4482
76.3583,1.32161,-7.35322,372.295,382.795,-12.5044,1,1,55.4482
76.3667,1.32128,-7.35321,372.191,382.691,-12.5044,1,1,55.4482
76.375,1.32094,-7.35321,372.087,382.587,-12.5044,1,1,55.4482
76.3833,1.3206,-7.3532,371.983,382.483,-12.5043,1,1,55.4482
76.3917,1.32027,-7.3532,371.878,382.378,-12.5043,1,1,55.4482
76.4,1.31993,-7.35319,371.774,382.274,-12.5043,1,1,55.4482
76.4083,1.3196,-7.35319,371.67,382.17,-12.5043,1,1,55.4482
76.4167,1.31926,-7.35318,371.566,382.066,-12.5043,1,1,55.4482
76.425,1.31893,-7.35318,371.462,381.962,-12.5042,1,1,55.4482
76.4333,1.31859,-7.35318,371.357,381.857,-12.5042,1,1,55.4482
76.4417,1.31825,-7.35317,371.253,381.753,-12.5042,1,1,55.4482
76.45,1.31792,-7.35317,371.149,381.649,-12.5042,1,1,55.4482
76.4583,1.31758,-7.35316,371.045,381.545,-12.5042,1,1,55.4482
76.4667,1.31725,-7.35316,370.941,381.441,-12.5042,1,1,55.4482
76.475,1.31691,-7.35315,370.836,381.336,-12.5041,1,1,55.4482
76.4833,1.31657,-7.35315,370.732,381.232,-12.5041,1,1,55.4482
76.4917,1.31624,-7.35314,370.628,381.128,-12.5041,1,1,55.4482
76.5,1.3159,-7.35314,370.524,381.024,-12.5041,1,1,55.4482
76.5083,1.31557,-7.35313,370.42,380.92,-12.5041,1,1,55.4482
76.5167,1.31523,-7.35313,370.315,380.815,-12.504,1,1,55.4482
76.525,1.3149,-7.35312,370.211,380.711,-12.504,1,1,55.4482
76.5333,1.31456,-7.35312,370.107,380.607,-12.504,1,1,55.4482
76.5417,1.31422,-7.35311,370.003,380.503,-12.504,1,1,55.4482
76.55,1.31389,-7.35311,369.899,380.399,-12.504,1,1,55.4482
76.5583,1.31355,-7.3531,369.794,380.294,-12.5039,1,1,55.4482
76.5667,1.31322,-7.3531,369.69,380.19,-12.5039,1,1,55.4482
76.575,1.31288,-7.3531,369.586,380.086,-12.5039,1,1,55.4482
76.5833,1.31254,-7.35309,369.482,379.982,-12.5039,1,1,55.4482
76.5917,1.31221,-7.35309,369.378,379.878,-12.5039,1,1,55.4482
76.6,1.31187,-7.35308,369.273,379.773,-12.5038,1,1,55.4482
76.6083,1.31154,-7.35308,369.169,379.669,-12.5038,1,1,55.4482
76.6167,1.3112,-7.35307,369.065,379.565,-12.5038,1,1,55.4482
76.625,1.31087,-7.35307,368.961,379.461,-12.5038,1,1,55.4482
76.6333,1.31053,-7.35306,368.857,379.357,-12.5038,1,1,55.4482
76.6417,1.31019,-7.35306,368.752,379.252,-12.5038,1,1,55.4482
76.65,1.30986,-7.35305,368.648,379.148,-12.5037,1,1,55.4482
76.6583,1.30952,-7.35305,368.544,379.044,-12.5037,1,1,55.4482
76.6667,1.30919,-7.35304,368.44,378.94,-12.5037,1,1,55.4482
76.675,1.30885,-7.35304,368.336,378.836,-12.5037,1,1,55.4482
76.6833,1.30851,-7.35303,368.231,378.731,-12.5037,1,1,55.4482
76.6917,1.30818,-7.35303,368.127,378.627,-12.5036,1,1,55.4482
76.7,1.30784,-7.35303,368.023,378.523,-12.5036,1,1,55.4482
76.7083,1.30751,-7.35302,367.919,378.419,-12.5036,1,1,55.4482
76.7167,1.30717,-7.35302,367.815,378.315,-12.5036,1,1,55.4482
76.725,1.30684,-7.35301,367.71,378.21,-12.5036,1,1,55.4482
76.7333,1.3065,-7.35301,367.606,378.106,-12.5035,1,1,55.4482
76.7417,1.30616,-7.353,367.502,378.002,-12.5035,1,1,55.4482
76.75,1.30583,-7.353,367.398,377.898,-12.5035,1,1,55.4482
76.7583,1.30549,-7.35299,367.294,377.794,-12.5035,1,1,55.4482
76.7667,1.30516,-7.35299,367.189,377.689,-12.5035,1,1,55.4482
76.775,1.30482,-7.35298,367.085,377.585,-12.5034,1,1,55.4482
76.7833,1.30448,-7.35298,366.981,377.481,-12.5034,1,1,55.4482
76.7917,1.30415,-7.35297,366.877,377.377,-12.5034,1,1,55.4482
76.8,1.30381,-7.35297,366.773,377.273,-12.5034,1,1,55.4482
76.8083,1.30348,-7.35296,366.668,377.168,-12.5034,1,1,55.4482
76.8167,1.30314,-7.35296,366.564,377.064,-12.5034,1,1,55.4482
76.825,1.30281,-7.35295,366.46,376.96,-12.5033,1,1,55.4482
76.8333,1.30247,-7.35295,366.356,376.856,-12.5033,1,1,55.4482
76.8417,1.30213,-7.35295,366.252,376.752,-12.5033,1,1,55.4482
76.85,1.3018,-7.35294,366.148,376.648,-12.5033,1,1,55.4482
76.8583,1.30146,-7.35294,366.043,376.543,-12.5033,1,1,55.4482
76.8667,1.30113,-7.35293,365.939,376.439,-12.5032,1,1,55.4482
76.875,1.30079,-7.35293,365.835,376.335,-12.5032,1,1,55.4482
76.8833,1.30045,-7.35292,365.731,376.231,-12.5032,1,1,55.4482
76.8917,1.30012,-7.35292,365.627,376.127,-12.5032,1,1,55.4482
76.9,1.29978,-7.35291,365.522,376.022,-12.5032,1,1,55.4482
76.9083,1.29945,-7.35291,365.418,375.918,-12.5031,1,1,55.4482
76.9167,1.29911,-7.3529,365.314,375.814,-12.5031,1,1,55.4482
76.925,1.29878,-7.3529,365.21,375.71,-12.5031,1,1,55.4482
76.9333,1.29844,-7.35289,365.106,375.606,-12.5031,1,1,55.4482
76.9417,1.2981,-7.35289,365.001,375.501,-12.5031,1,1,55.4482
76.95,1.29777,-7.35288,364.897,375.397,-12.503,1,1,55.4482
76.9583,1.29743,-7.35288,364.793,375.293,-12.503,1,1,55.4482
76.9667,1.2971,-7.35287,364.689,375.189,-12.503,1,1,55.4482
76.975,1.29676,-7.35287,364.585,375.085,-12.503,1,1,55.4482
76.9833,1.29642,-7.35287,364.48,374.98,-12.503,1,1,55.4482
76.9917,1.29609,-7.35286,364.376,374.876,-12.503,1,1,55.4482
77,1.29575,-7.35286,364.272,374.772,-12.5029,1,1,55.4482
77.0083,1.29542,-7.35285,364.168,374.668,-12.5029,1,1,55.4482
77.0167,1.29508,-7.35285,364.064,374.564,-12.5029,1,1,55.4482
77.025,1.29475,-7.35284,363.959,374.459,-12.5029,1,1,55.4482
77.0333,1.29441,-7.35284,363.855,374.355,-12.5029,1,1,55.4482
77.0417,1.29407,-7.35283,363.751,374.251,-12.5028,1,1,55.4482
77.05,1.29374,-7.35283,363.647,374.147,-12.5028,1,1,55.4482
77.0583,1.2934,-7.35282,363.543,374.043,-12.5028,1,1,55.4482
77.0667,1.29307,-7.35282,363.439,373.939,-12.5028,1,1,55.4482
77.075,1.29273,-7.35281,363.334,373.834,-12.5028,1,1,55.4482
77.0833,1.2924,-7.35281,363.23,373.73,-12.5027,1,1,55.4482
77.0917,1.29206,-7.3528,363.126,373.626,-12.5027,1,1,55.4482
77.1,1.29172,-7.3528,363.022,373.522,-12.5027,1,1,55.4482
77.1083,1.29139,-7.35279,362.918,373.418,-12.5027,1,1,55.4482
77.1167,1.29105,-7.35279,362.813,373.313,-12.5027,1,1,55.4482
77.125,1.29072,-7.35279,362.709,373.209,-12.5026,1,1,55.4482
77.1333,1.29038,-7.35278,362.605,373.105,-12.5026,1,1,55.4482
77.1417,1.29004,-7.35278,362.501,373.001,-12.5026,1,1,55.4482
77.15,1.28971,-7.35277,362.397,372.897,-12.5026,1,1,55.4482
77.1583,1.28937,-7.35277,362.292,372.792,-12.5026,1,1,55.4482
77.1667,1.28904,-7.35276,362.188,372.688,-12.5026,1,1,55.4482
77.175,1.2887,-7.35276,362.084,372.584,-12.5025,1,1,55.4482
77.1833,1.28837,-7.35275,361.98,372.48,-12.5025,1,1,55.4482
77.1917,1.28803,-7.35275,361.876,372.376,-12.5025,1,1,55.4482
77.2,1.28769,-7.35274,361.771,372.271,-12.5025,1,1,55.4482
77.2083,1.28736,-7.35274,361.667,372.167,-12.5025,1,1,55.4482
77.2167,1.28702,-7.35273,361.563,372.063,-12.5024,1,1,55.4482
77.225,1.28669,-7.35273,361.459,371.959,-12.5024,1,1,55.4482
77.2333,1.28635,-7.35272,361.355,371.855,-12.5024,1,1,55.4482
77.2417,1.28601,-7.35272,361.251,371.751,-12.5024,1,1,55.4482
77.25,1.28568,-7.35271,361.146,371.646,-12.5024,1,1,55.4482
77.2583,1.28534,-7.35271,361.042,371.542,-12.5023,1,1,55.4482
77.2667,1.28501,-7.35271,360.938,371.438,-12.5023,1,1,55.4482
77.275,1.28467,-7.3527,360.834,371.334,-12.5023,1,1,55.4482
77.2833,1.28434,-7.3527,360.73,371.23,-12.5023,1,1,55.4482
77.2917,1.284,-7.35269,360.625,371.125,-12.5023,1,1,55.4482
77.3,1.28366,-7.35269,360.521,371.021,-12.5022,1,1,55.4482
77.3083,1.28333,-7.35268,360.417,370.917,-12.5022,1,1,55.4482
77.3167,1.28299,-7.35268,360.313,370.813,-12.5022,1,1,55.4482
77.325,1.28266,-7.35267,360.209,370.709,-12.5022,1,1,55.4482
77.3333,1.28232,-7.35267,360.104,370.604,-12.5022,1,1,55.4482
77.3417,1.28199,-7.35266,360,370.5,-12.5022,1,1,55.4482
77.35,1.28165,-7.35266,359.896,370.396,-12.5021,1,1,55.4482
77.3583,1.28131,-7.35265,359.792,370.292,-12.5021,1,1,55.4482
77.3667,1.28098,-7.35265,359.688,370.188,-12.5021,1,1,55.4482
77.375,1.28064,-7.35264,359.584,370.084,-12.5021,1,1,55.4482
77.3833,1.28031,-7.35264,359.479,369.979,-12.5021,1,1,55.4482
77.3917,1.27997,-7.35264,359.375,369.875,-12.502,1,1,55.4482
77.4,1.27963,-7.35263,359.271,369.771,-12.502,1,1,55.4482
77.4083,1.2793,-7.35263,359.167,369.667,-12.502,1,1,55.4482
77.4167,1.27896,-7.35262,359.063,369.563,-12.502,1,1,55.4482
77.425,1.27863,-7.35262,358.958,369.458,-12.502,1,1,55.4482
77.4333,1.27829,-7.35261,358.854,369.354,-12.5019,1,1,55.4482
77.4417,1.27796,-7.35261,358.75,369.25,-12.5019,1,1,55.4482
77.45,1.27762,-7.3526,358.646,369.146,-12.5019,1,1,55.4482
77.4583,1.27728,-7.3526,358.542,369.042,-12.5019,1,1,55.4482
77.4667,1.27695,-7.35259,358.438,368.938,-12.5019,1,1,55.4482
77.475,1.27661,-7.35259,358.333,368.833,-12.5018,1,1,55.4482
77.4833,1.27628,-7.35258,358.229,368.729,-12.5018,1,1,55.4482
77.4917,1.27594,-7.35258,358.125,368.625,-12.5018,1,1,55.4482
77.5,1.27561,-7.35257,358.021,368.521,-12.5018,1,1,55.4482
77.5083,1.27527,-7.35257,357.917,368.417,-12.5018,1,1,55.4482
77.5167,1.27493,-7.35256,357.812,368.312,-12.5018,1,1,55.4482
77.525,1.2746,-7.35256,357.708,368.208,-12.5017,1,1,55.4482
77.5333,1.27426,-7.35256,357.604,368.104,-12.5017,1,1,55.4482
77.5417,1.27393,-7.35255,357.5,368,-12.5017,1,1,55.4482
77.55,1.27359,-7.35255,357.396,367.896,-12.5017,1,1,55.4482
77.5583,1.27325,-7.35254,357.292,367.792,-12.5017,1,1,55.4482
77.5667,1.27292,-7.35254,357.187,367.687,-12.5016,1,1,55.4482
77.575,1.27258,-7.35253,357.083,367.583,-12.5016,1,1,55.4482
77.5833,1.27225,-7.35253,356.979,367.479,-12.5016,1,1,55.4482
77.5917,1.27191,-7.35252,356.875,367.375,-12.5016,1,1,55.4482
77.6,1.27158,-7.35252,356.771,367.271,-12.5016,1,1,55.4482
77.6083,1.27124,-7.35251,356.666,367.166,-12.5015,1,1,55.4482
77.6167,1.2709,-7.35251,356.562,367.062,-12.5015,1,1,55.4482
77.625,1.27057,-7.3525,356.458,366.958,-12.5015,1,1,55.4482
77.6333,1.27023,-7.3525,356.354,366.854,-12.5015,1,1,55.4482
77.6417,1.2699,-7.35249,356.25,366.75,-12.5015,1,1,55.4482
77.65,1.26956,-7.35249,356.146,366.646,-12.5014,1,1,55.4482
77.6583,1.26923,-7.35248,356.041,366.541,-12.5014,1,1,55.4482
77.6667,1.26889,-7.35248,355.937,366.437,-12.5014,1,1,55.4482
77.675,1.26855,-7.35248,355.833,366.333,-12.5014,1,1,55.4482
77.6833,1.26822,-7.35247,355.729,366.229,-12.5014,1,1,55.4482
77.6917,1.26788,-7.35247,355.625,366.125,-12.5014,1,1,55.4482
77.7,1.26755,-7.35246,355.52,366.02,-12.5013,1,1,55.4482
77.7083,1.26721,-7.35246,355.416,365.916,-12.5013,1,1,55.4482
77.7167,1.26687,-7.35245,355.312,365.812,-12.5013,1,1,55.4482
77.725,1.26654,-7.35245,355.208,365.708,-12.5013,1,1,55.4482
77.7333,1.2662,-7.35244,355.104,365.604,-12.5013,1,1,55.4482
77.7417,1.26587,-7.35244,355,365.5,-12.5012,1,1,55.4482
77.75,1.26553,-7.35243,354.895,365.395,-12.5012,1,1,55.4482
77.7583,1.2652,-7.35243,354.791,365.291,-12.5012,1,1,55.4482
77.7667,1.26486,-7.35242,354.687,365.187,-12.5012,1,1,55.4482
77.775,1.26452,-7.35242,354.583,365.083,-12.5012,1,1,55.4482
77.7833,1.26419,-7.35241,354.479,364.979,-12.5011,1,1,55.4482
77.7917,1.26385,-7.35241,354.375,364.875,-12.5011,1,1,55.4482
77.8,1.26352,-7.3524,354.27,364.77,-12.5011,1,1,55.4482
77.8083,1.26318,-7.3524,354.166,364.666,-12.5011,1,1,55.4482
77.8167,1.26285,-7.3524,354.062,364.562,-12.5011,1,1,55.4482
77.825,1.26251,-7.35239,353.958,364.458,-12.501,1,1,55.4482
77.8333,1.26217,-7.35239,353.854,364.354,-12.501,1,1,55.4482
77.8417,1.26184,-7.35238,353.749,364.249,-12.501,1,1,55.4482
77.85,1.2615,-7.35238,353.645,364.145,-12.501,1,1,55.4482
77.8583,1.26117,-7.35237,353.541,364.041,-12.501,1,1,55.4482
77.8667,1.26083,-7.35237,353.437,363.937,-12.501,1,1,55.4482
77.875,1.2605,-7.35236,353.333,363.833,-12.5009,1,1,55.4482
77.8833,1.26016,-7.35236,353.229,363.729,-12.5009,1,1,55.4482
77.8917,1.25982,-7.35235,353.124,363.624,-12.5009,1,1,55.4482
77.9,1.25949,-7.35235,353.02,363.52,-12.5009,1,1,55.4482
77.9083,1.25915,-7.35234,352.916,363.416,-12.5009,1,1,55.4482
77.9167,1.25882,-7.35234,352.812,363.312,-12.5008,1,1,55.4482
77.925,1.25848,-7.35233,352.708,363.208,-12.5008,1,1,55.4482
77.9333,1.25815,-7.35233,352.604,363.104,-12.5008,1,1,55.4482
77.9417,1.25781,-7.35233,352.499,362.999,-12.5008,1,1,55.4482
77.95,1.25747,-7.35232,352.395,362.895,-12.5008,1,1,55.4482
77.9583,1.25714,-7.35232,352.291,362.791,-12.5007,1,1,55.4482
77.9667,1.2568,-7.35231,352.187,362.687,-12.5007,1,1,55.4482
77.975,1.25647,-7.35231,352.083,362.583,-12.5007,1,1,55.4482
77.9833,1.25613,-7.3523,351.979,362.479,-12.5007,1,1,55.4482
77.9917,1.25579,-7.3523,351.874,362.374,-12.5007,1,1,55.4482
78,1.25546,-7.35229,351.77,362.27,-12.5006,1,1,55.4482
78.0083,1.25512,-7.35229,351.666,362.166,-12.5006,1,1,55.4482
78.0167,1.25479,-7.35228,351.562,362.062,-12.5006,1,1,55.4482
78.025,1.25445,-7.35228,351.458,361.958,-12.5006,1,1,55.4482
78.0333,1.25412,-7.35227,351.353,361.853,-12.5006,1,1,55.4482
78.0417,1.25378,-7.35227,351.249,361.749,-12.5006,1,1,55.4482
78.05,1.25344,-7.35226,351.145,361.645,-12.5005,1,1,55.4482
78.0583,1.25311,-7.35226,351.041,361.541,-12.5005,1,1,55.4482
78.0667,1.25277,-7.35225,350.937,361.437,-12.5005,1,1,55.4482
78.075,1.25244,-7.35225,350.833,361.333,-12.5005,1,1,55.4482
78.0833,1.2521,-7.35225,350.728,361.228,-12.5005,1,1,55.4482
78.0917,1.25177,-7.35224,350.624,361.124,-12.5004,1,1,55.4482
78.1,1.25143,-7.35224,350.52,361.02,-12.5004,1,1,55.4482
78.1083,1.25109,-7.35223,350.416,360.916,-12.5004,1,1,55.4482
78.1167,1.25076,-7.35223,350.312,360.812,-12.5004,1,1,55.4482
78.125,1.25042,-7.35222,350.208,360.708,-12.5004,1,1,55.4482
78.1333,1.25009,-7.35222,350.103,360.603,-12.5003,1,1,55.4482
78.1417,1.24975,-7.35221,349.999,360.499,-12.5003,1,1,55.4482
78.15,1.24942,-7.35221,349.895,360.395,-12.5003,1,1,55.4482
78.1583,1.24908,-7.3522,349.791,360.291,-12.5003,1,1,55.4482
78.1667,1.24874,-7.3522,349.687,360.187,-12.5003,1,1,55.4482
78.175,1.24841,-7.35219,349.583,360.083,-12.5002,1,1,55.4482
78.1833,1.24807,-7.35219,349.478,359.978,-12.5002,1,1,55.4482
78.1917,1.24774,-7.35218,349.374,359.874,-12.5002,1,1,55.4482
78.2,1.2474,-7.35218,349.27,359.77,-12.5002,1,1,55.4482
78.2083,1.24707,-7.35217,349.166,359.666,-12.5002,1,1,55.4482
78.2167,1.24673,-7.35217,349.062,359.562,-12.5002,1,1,55.4482
78.225,1.24639,-7.35217,348.958,359.458,-12.5001,1,1,55.4482
78.2333,1.24606,-7.35216,348.853,359.353,-12.5001,1,1,55.4482
78.2417,1.24572,-7.35216,348.749,359.249,-12.5001,1,1,55.4482
78.25,1.24539,-7.35215,348.645,359.145,-12.5001,1,1,55.4482
78.2583,1.24505,-7.35215,348.541,359.041,-12.5001,1,1,55.4482
78.2667,1.24472,-7.35214,348.437,358.937,-12.5,1,1,55.4482
78.275,1.24438,-7.35214,348.333,358.833,-12.5,1,1,55.4482
78.2833,1.24404,-7.35213,348.228,358.728,-12.5,1,1,55.4482
78.2917,1.24371,-7.35213,348.124,358.624,-12.5,1,1,55.4482
78.3,1.24337,-7.35212,348.02,358.52,-12.5,1,1,55.4482
78.3083,1.24304,-7.35212,347.916,358.416,-12.4999,1,1,55.4482
78.3167,1.2427,-7.35211,347.812,358.312,-12.4999,1,1,55.4482
78.325,1.24237,-7.35211,347.708,358.208,-12.4999,1,1,55.4482
78.3333,1.24203,-7.3521,347.603,358.103,-12.4999,1,1,55.4482
78.3417,1.24169,-7.3521,347.499,357.999,-12.4999,1,1,55.4482
78.35,1.24136,-7.35209,347.395,357.895,-12.4998,1,1,55.4482
78.3583,1.24102,-7.35209,347.291,357.791,-12.4998,1,1,55.4482
78.3667,1.24069,-7.35209,347.187,357.687,-12.4998,1,1,55.4482
78.375,1.24035,-7.35208,347.083,357.583,-12.4998,1,1,55.4482
78.3833,1.24001,-7.35208,346.978,357.478,-12.4998,1,1,55.4482
78.3917,1.23968,-7.35207,346.874,357.374,-12.4998,1,1,55.4482
78.4,1.23934,-7.35207,346.77,357.27,-12.4997,1,1,55.4482
78.4083,1.23901,-7.35206,346.666,357.166,-12.4997,1,1,55.4482
78.4167,1.23867,-7.35206,346.562,357.062,-12.4997,1,1,55.4482
78.425,1.23834,-7.35205,346.458,356.958,-12.4997,1,1,55.4482
78.4333,1.238,-7.35205,346.353,356.853,-12.4997,1,1,55.4482
78.4417,1.23766,-7.35204,346.249,356.749,-12.4996,1,1,55.4482
78.45,1.23733,-7.35204,346.145,356.645,-12.4996,1,1,55.4482
78.4583,1.23699,-7.35203,346.041,356.541,-12.4996,1,1,55.4482
78.4667,1.23666,-7.35203,345.937,356.437,-12.4996,1,1,55.4482
78.475,1.23632,-7.35202,345.833,356.333,-12.4996,1,1,55.4482
78.4833,1.23599,-7.35202,345.728,356.228,-12.4995,1,1,55.4482
78.4917,1.23565,-7.35202,345.624,356.124,-12.4995,1,1,55.4482
78.5,1.23531,-7.35201,345.52,356.02,-12.4995,1,1,55.4482
78.5083,1.23498,-7.35201,345.416,355.916,-12.4995,1,1,55.4482
78.5167,1.23464,-7.352,345.312,355.812,-12.4995,1,1,55.4482
78.525,1.23431,-7.352,345.208,355.708,-12.4994,1,1,55.4482
78.5333,1.23397,-7.35199,345.103,355.603,-12.4994,1,1,55.4482
78.5417,1.23364,-7.35199,344.999,355.499,-12.4994,1,1,55.4482
78.55,1.2333,-7.35198,344.895,355.395,-12.4994,1,1,55.4482
78.5583,1.23296,-7.35198,344.791,355.291,-12.4994,1,1,55.4482
78.5667,1.23263,-7.35197,344.687,355.187,-12.4994,1,1,55.4482
78.575,1.23229,-7.35197,344.583,355.083,-12.4993,1,1,55.4482
78.5833,1.23196,-7.35196,344.478,354.978,-12.4993,1,1,55.4482
78.5917,1.23162,-7.35196,344.374,354.874,-12.4993,1,1,55.4482
78.6,1.23129,-7.35195,344.27,354.77,-12.4993,1,1,55.4482
78.6083,1.23095,-7.35195,344.166,354.666,-12.4993,1,1,55.4482
78.6167,1.23061,-7.35194,344.062,354.562,-12.4992,1,1,55.4482
78.625,1.23028,-7.35194,343.958,354.458,-12.4992,1,1,55.4482
78.6333,1.22994,-7.35194,343.854,354.354,-12.4992,1,1,55.4482
78.6417,1.22961,-7.35193,343.749,354.249,-12.4992,1,1,55.4482
78.65,1.22927,-7.35193,343.645,354.145,-12.4992,1,1,55.4482
78.6583,1.22894,-7.35192,343.541,354.041,-12.4991,1,1,55.4482
78.6667,1.2286,-7.35192,343.437,353.937,-12.4991,1,1,55.4482
78.675,1.22826,-7.35191,343.333,353.833,-12.4991,1,1,55.4482
78.6833,1.22793,-7.35191,343.229,353.729,-12.4991,1,1,55.4482
78.6917,1.22759,-7.3519,343.124,353.624,-12.4991,1,1,55.4482
78.7,1.22726,-7.3519,343.02,353.52,-12.499,1,1,55.4482
78.7083,1.22692,-7.35189,342.916,353.416,-12.499,1,1,55.4482
78.7167,1.22659,-7.35189,342.812,353.312,-12.499,1,1,55.4482
78.725,1.22625,-7.35188,342.708,353.208,-12.499,1,1,55.4482
78.7333,1.22591,-7.35188,342.604,353.104,-12.499,1,1,55.4482
78.7417,1.22558,-7.35187,342.499,352.999,-12.499,1,1,55.4482
78.75,1.22524,-7.35187,342.395,352.895,-12.4989,1,1,55.4482
78.7583,1.22491,-7.35186,342.291,352.791,-12.4989,1,1,55.4482
78.7667,1.22457,-7.35186,342.187,352.687,-12.4989,1,1,55.4482
78.775,1.22424,-7.35186,342.083,352.583,-12.4989,1,1,55.4482
78.7833,1.2239,-7.35185,341.979,352.479,-12.4989,1,1,55.4482
78.7917,1.22356,-7.35185,341.874,352.374,-12.4988,1,1,55.4482
78.8,1.22323,-7.35184,341.77,352.27,-12.4988,1,1,55.4482
78.8083,1.22289,-7.35184,341.666,352.166,-12.4988,1,1,55.4482
78.8167,1.22256,-7.35183,341.562,352.062,-12.4988,1,1,55.4482
78.825,1.22222,-7.35183,341.458,351.958,-12.4988,1,1,55.4482
78.8333,1.22189,-7.35182,341.354,351.854,-12.4987,1,1,55.4482
78.8417,1.22155,-7.35182,341.25,351.75,-12.4987,1,1,55.4482
78.85,1.22121,-7.35181,341.145,351.645,-12.4987,1,1,55.4482
78.8583,1.22088,-7.35181,341.041,351.541,-12.4987,1,1,55.4482
78.8667,1.22054,-7.3518,340.937,351.437,-12.4987,1,1,55.4482
78.875,1.22021,-7.3518,340.833,351.333,-12.4986,1,1,55.4482
78.8833,1.21987,-7.35179,340.729,351.229,-12.4986,1,1,55.4482
78.8917,1.21954,-7.35179,340.625,351.125,-12.4986,1,1,55.4482
78.9,1.2192,-7.35179,340.52,351.02,-12.4986,1,1,55.4482
78.9083,1.21886,-7.35178,340.416,350.916,-12.4986,1,1,55.4482
78.9167,1.21853,-7.35178,340.312,350.812,-12.4986,1,1,55.4482
78.925,1.21819,-7.35177,340.208,350.708,-12.4985,1,1,55.4482
78.9333,1.21786,-7.35177,340.104,350.604,-12.4985,1,1,55.4482
78.9417,1.21752,-7.35176,340,350.5,-12.4985,1,1,55.4482
78.95,1.21719,-7.35176,339.896,350.396,-12.4985,1,1,55.4482
78.9583,1.21685,-7.35175,339.791,350.291,-12.4985,1,1,55.4482
78.9667,1.21651,-7.35175,339.687,350.187,-12.4984,1,1,55.4482
78.975,1.21618,-7.35174,339.583,350.083,-12.4984,1,1,55.4482
78.9833,1.21584,-7.35174,339.479,349.979,-12.4984,1,1,55.4482
78.9917,1.21551,-7.35173,339.375,349.875,-12.4984,1,1,55.4482
79,1.21517,-7.35173,339.271,349.771,-12.4984,1,1,55.4482
79.0083,1.21484,-7.35172,339.166,349.666,-12.4983,1,1,55.4482
79.0167,1.2145,-7.35172,339.062,349.562,-12.4983,1,1,55.4482
79.025,1.21417,-7.35171,338.958,349.458,-12.4983,1,1,55.4482
79.0333,1.21383,-7.35171,338.854,349.354,-12.4983,1,1,55.4482
79.0417,1.21349,-7.35171,338.75,349.25,-12.4983,1,1,55.4482
79.05,1.21316,-7.3517,338.646,349.146,-12.4982,1,1,55.4482
79.0583,1.21282,-7.3517,338.542,349.042,-12.4982,1,1,55.4482
79.0667,1.21249,-7.35169,338.437,348.937,-12.4982,1,1,55.4482
79.075,1.21215,-7.35169,338.333,348.833,-12.4982,1,1,55.4482
79.0833,1.21182,-7.35168,338.229,348.729,-12.4982,1,1,55.4482
79.0917,1.21148,-7.35168,338.125,348.625,-12.4982,1,1,55.4482
79.1,1.21114,-7.35167,338.021,348.521,-12.4981,1,1,55.4482
79.1083,1.21081,-7.35167,337.917,348.417,-12.4981,1,1,55.4482
79.1167,1.21047,-7.35166,337.812,348.312,-12.4981,1,1,55.4482
79.125,1.21014,-7.35166,337.708,348.208,-12.4981,1,1,55.4482
79.1333,1.2098,-7.35165,337.604,348.104,-12.4981,1,1,55.4482
79.1417,1.20947,-7.35165,337.5,348,-12.498,1,1,55.4482
79.15,1.20913,-7.35164,337.396,347.896,-12.498,1,1,55.4482
79.1583,1.20879,-7.35164,337.292,347.792,-12.498,1,1,55.4482
79.1667,1.20846,-7.35163,337.188,347.688,-12.498,1,1,55.4482
79.175,1.20812,-7.35163,337.083,347.583,-12.498,1,1,55.4482
79.1833,1.20779,-7.35163,336.979,347.479,-12.4979,1,1,55.4482
79.1917,1.20745,-7.35162,336.875,347.375,-12.4979,1,1,55.4482
79.2,1.20712,-7.35162,336.771,347.271,-12.4979,1,1,55.4482
79.2083,1.20678,-7.35161,336.667,347.167,-12.4979,1,1,55.4482
79.2167,1.20644,-7.35161,336.563,347.063,-12.4979,1,1,55.4482
79.225,1.20611,-7.3516,336.459,346.959,-12.4978,1,1,55.4482
79.2333,1.20577,-7.3516,336.354,346.854,-12.4978,1,1,55.4482
79.2417,1.20544,-7.35159,336.25,346.75,-12.4978,1,1,55.4482
79.25,1.2051,-7.35159,336.146,346.646,-12.4978,1,1,55.4482
79.2583,1.20477,-7.35158,336.042,346.542,-12.4978,1,1,55.4482
79.2667,1.20443,-7.35158,335.938,346.438,-12.4978,1,1,55.4482
79.275,1.20409,-7.35157,335.834,346.334,-12.4977,1,1,55.4482
79.2833,1.20376,-7.35157,335.729,346.229,-12.4977,1,1,55.4482
79.2917,1.20342,-7.35156,335.625,346.125,-12.4977,1,1,55.4482
79.3,1.20309,-7.35156,335.521,346.021,-12.4977,1,1,55.4482
79.3083,1.20275,-7.35155,335.417,345.917,-12.4977,1,1,55.4482
79.3167,1.20242,-7.35155,335.313,345.813,-12.4976,1,1,55.4482
79.325,1.20208,-7.35155,335.209,345.709,-12.4976,1,1,55.4482
79.3333,1.20174,-7.35154,335.105,345.605,-12.4976,1,1,55.4482
79.3417,1.20141,-7.35154,335,345.5,-12.4976,1,1,55.4482
79.35,1.20107,-7.35153,334.896,345.396,-12.4976,1,1,55.4482
79.3583,1.20074,-7.35153,334.792,345.292,-12.4975,1,1,55.4482
79.3667,1.2004,-7.35152,334.688,345.188,-12.4975,1,1,55.4482
79.375,1.20007,-7.35152,334.584,345.084,-12.4975,1,1,55.4482
79.3833,1.19973,-7.35151,334.48,344.98,-12.4975,1,1,55.4482
79.3917,1.1994,-7.35151,334.376,344.876,-12.4975,1,1,55.4482
79.4,1.19906,-7.3515,334.271,344.771,-12.4974,1,1,55.4482
79.4083,1.19872,-7.3515,334.167,344.667,-12.4974,1,1,55.4482
79.4167,1.19839,-7.35149,334.063,344.563,-12.4974,1,1,55.4482
79.425,1.19805,-7.35149,333.959,344.459,-12.4974,1,1,55.4482
79.4333,1.19772,-7.35148,333.855,344.355,-12.4974,1,1,55.4482
79.4417,1.19738,-7.35148,333.751,344.251,-12.4974,1,1,55.4482
79.45,1.19705,-7.35148,333.647,344.147,-12.4973,1,1,55.4482
79.4583,1.19671,-7.35147,333.542,344.042,-12.4973,1,1,55.4482
79.4667,1.19637,-7.35147,333.438,343.938,-12.4973,1,1,55.4482
79.475,1.19604,-7.35146,333.334,343.834,-12.4973,1,1,55.4482
79.4833,1.1957,-7.35146,333.23,343.73,-12.4973,1,1,55.4482
79.4917,1.19537,-7.35145,333.126,343.626,-12.4972,1,1,55.4482
79.5,1.19503,-7.35145,333.022,343.522,-12.4972,1,1,55.4482
79.5083,1.1947,-7.35144,332.918,343.418,-12.4972,1,1,55.4482
79.5167,1.19436,-7.35144,332.813,343.313,-12.4972,1,1,55.4482
79.525,1.19402,-7.35143,332.709,343.209,-12.4972,1,1,55.4482
79.5333,1.19369,-7.35143,332.605,343.105,-12.4971,1,1,55.4482
79.5417,1.19335,-7.35142,332.501,343.001,-12.4971,1,1,55.4482
79.55,1.19302,-7.35142,332.397,342.897,-12.4971,1,1,55.4482
79.5583,1.19268,-7.35141,332.293,342.793,-12.4971,1,1,55.4482
79.5667,1.19235,-7.35141,332.189,342.689,-12.4971,1,1,55.4482
79.575,1.19201,-7.3514,332.084,342.584,-12.497,1,1,55.4482
79.5833,1.19167,-7.3514,331.98,342.48,-12.497,1,1,55.4482
79.5917,1.19134,-7.3514,331.876,342.376,-12.497,1,1,55.4482
79.6,1.191,-7.35139,331.772,342.272,-12.497,1,1,55.4482
79.6083,1.19067,-7.35139,331.668,342.168,-12.497,1,1,55.4482
79.6167,1.19033,-7.35138,331.564,342.064,-12.497,1,1,55.4482
79.625,1.19,-7.35138,331.46,341.96,-12.4969,1,1,55.4482
79.6333,1.18966,-7.35137,331.355,341.855,-12.4969,1,1,55.4482
79.6417,1.18933,-7.35137,331.251,341.751,-12.4969,1,1,55.4482
79.65,1.18899,-7.35136,331.147,341.647,-12.4969,1,1,55.4482
79.6583,1.18865,-7.35136,331.043,341.543,-12.4969,1,1,55.4482
79.6667,1.18832,-7.35135,330.939,341.439,-12.4968,1,1,55.4482
79.675,1.18798,-7.35135,330.835,341.335,-12.4968,1,1,55.4482
79.6833,1.18765,-7.35134,330.731,341.231,-12.4968,1,1,55.4482
79.6917,1.18731,-7.35134,330.626,341.126,-12.4968,1,1,55.4482
79.7,1.18698,-7.35133,330.522,341.022,-12.4968,1,1,55.4482
79.7083,1.18664,-7.35133,330.418,340.918,-12.4967,1,1,55.4482
79.7167,1.1863,-7.35132,330.314,340.814,-12.4967,1,1,55.4482
79.725,1.18597,-7.35132,330.21,340.71,-12.4967,1,1,55.4482
79.7333,1.18563,-7.35132,330.106,340.606,-12.4967,1,1,55.4482
79.7417,1.1853,-7.35131,330.002,340.502,-12.4967,1,1,55.4482
79.75,1.18496,-7.35131,329.897,340.397,-12.4967,1,1,55.4482
79.7583,1.18463,-7.3513,329.793,340.293,-12.4966,1,1,55.4482
79.7667,1.18429,-7.3513,329.689,340.189,-12.4966,1,1,55.4482
79.775,1.18395,-7.35129,329.585,340.085,-12.4966,1,1,55.4482
79.7833,1.18362,-7.35129,329.481,339.981,-12.4966,1,1,55.4482
79.7917,1.18328,-7.35128,329.377,339.877,-12.4966,1,1,55.4482
79.8,1.18295,-7.35128,329.273,339.773,-12.4965,1,1,55.4482
79.8083,1.18261,-7.35127,329.168,339.668,-12.4965,1,1,55.4482
79.8167,1.18228,-7.35127,329.064,339.564,-12.4965,1,1,55.4482
79.825,1.18194,-7.35126,328.96,339.46,-12.4965,1,1,55.4482
79.8333,1.18161,-7.35126,328.856,339.356,-12.4965,1,1,55.4482
79.8417,1.18127,-7.35125,328.752,339.252,-12.4964,1,1,55.4482
79.85,1.18093,-7.35125,328.648,339.148,-12.4964,1,1,55.4482
79.8583,1.1806,-7.35125,328.544,339.044,-12.4964,1,1,55.4482
79.8667,1.18026,-7.35124,328.439,338.939,-12.4964,1,1,55.4482
79.875,1.17993,-7.35124,328.335,338.835,-12.4964,1,1,55.4482
79.8833,1.17959,-7.35123,328.231,338.731,-12.4963,1,1,55.4482
79.8917,1.17926,-7.35123,328.127,338.627,-12.4963,1,1,55.4482
79.9,1.17892,-7.35122,328.023,338.523,-12.4963,1,1,55.4482
79.9083,1.17858,-7.35122,327.919,338.419,-12.4963,1,1,55.4482
79.9167,1.17825,-7.35121,327.815,338.315,-12.4963,1,1,55.4482
79.925,1.17791,-7.35121,327.711,338.211,-12.4963,1,1,55.4482
79.9333,1.17758,-7.3512,327.606,338.106,-12.4962,1,1,55.4482
79.9417,1.17724,-7.3512,327.502,338.002,-12.4962,1,1,55.4482
79.95,1.17691,-7.35119,327.398,337.898,-12.4962,1,1,55.4482
79.9583,1.17657,-7.35119,327.294,337.794,-12.4962,1,1,55.4482
79.9667,1.17624,-7.35118,327.19,337.69,-12.4962,1,1,55.4482
79.975,1.1759,-7.35118,327.086,337.586,-12.4961,1,1,55.4482
79.9833,1.17556,-7.35117,326.982,337.482,-12.4961,1,1,55.4482
79.9917,1.17523,-7.35117,326.877,337.377,-12.4961,1,1,55.4482
80,1.17489,-7.35117,326.773,337.273,-12.4961,1,1,55.4482
80.0083,1.17456,-7.35116,326.669,337.169,-12.4961,1,1,55.4482
80.0167,1.17422,-7.35116,326.565,337.065,-12.496,1,1,55.4482
80.025,1.17389,-7.35115,326.461,336.961,-12.496,1,1,55.4482
80.0333,1.17355,-7.35115,326.357,336.857,-12.496,1,1,55.4482
80.0417,1.17321,-7.35114,326.253,336.753,-12.496,1,1,55.4482
80.05,1.17288,-7.35114,326.149,336.649,-12.496,1,1,55.4482
80.0583,1.17254,-7.35113,326.044,336.544,-12.4959,1,1,55.4482
80.0667,1.17221,-7.35113,325.94,336.44,-12.4959,1,1,55.4482
80.075,1.17187,-7.35112,325.836,336.336,-12.4959,1,1,55.4482
80.0833,1.17154,-7.35112,325.732,336.232,-12.4959,1,1,55.4482
80.0917,1.1712,-7.35111,325.628,336.128,-12.4959,1,1,55.4482
80.1,1.17087,-7.35111,325.524,336.024,-12.4959,1,1,55.4482
80.1083,1.17053,-7.3511,325.42,335.92,-12.4958,1,1,55.4482
80.1167,1.17019,-7.3511,325.315,335.815,-12.4958,1,1,55.4482
80.125,1.16986,-7.35109,325.211,335.711,-12.4958,1,1,55.4482
80.1333,1.16952,-7.35109,325.107,335.607,-12.4958,1,1,55.4482
80.1417,1.16919,-7.35109,325.003,335.503,-12.4958,1,1,55.4482
80.15,1.16885,-7.35108,324.899,335.399,-12.4957,1,1,55.4482
80.1583,1.16852,-7.35108,324.795,335.295,-12.4957,1,1,55.4482
80.1667,1.16818,-7.35107,324.691,335.191,-12.4957,1,1,55.4482
80.175,1.16784,-7.35107,324.587,335.087,-12.4957,1,1,55.4482
80.1833,1.16751,-7.35106,324.482,334.982,-12.4957,1,1,55.4482
80.1917,1.16717,-7.35106,324.378,334.878,-12.4956,1,1,55.4482
80.2,1.16684,-7.35105,324.274,334.774,-12.4956,1,1,55.4482
80.2083,1.1665,-7.35105,324.17,334.67,-12.4956,1,1,55.4482
80.2167,1.16617,-7.35104,324.066,334.566,-12.4956,1,1,55.4482
80.225,1.16583,-7.35104,323.962,334.462,-12.4956,1,1,55.4482
80.2333,1.1655,-7.35103,323.858,334.358,-12.4955,1,1,55.4482
80.2417,1.16516,-7.35103,323.753,334.253,-12.4955,1,1,55.4482
80.25,1.16482,-7.35102,323.649,334.149,-12.4955,1,1,55.4482
80.2583,1.16449,-7.35102,323.545,334.045,-12.4955,1,1,55.4482
80.2667,1.16415,-7.35102,323.441,333.941,-12.4955,1,1,55.4482
80.275,1.16382,-7.35101,323.337,333.837,-12.4955,1,1,55.4482
80.2833,1.16348,-7.35101,323.233,333.733,-12.4954,1,1,55.4482
80.2917,1.16315,-7.351,323.129,333.629,-12.4954,1,1,55.4482
80.3,1.16281,-7.351,323.025,333.525,-12.4954,1,1,55.4482
80.3083,1.16247,-7.35099,322.92,333.42,-12.4954,1,1,55.4482
80.3167,1.16214,-7.35099,322.816,333.316,-12.4954,1,1,55.4482
80.325,1.1618,-7.35098,322.712,333.212,-12.4953,1,1,55.4482
80.3333,1.16147,-7.35098,322.608,333.108,-12.4953,1,1,55.4482
80.3417,1.16113,-7.35097,322.504,333.004,-12.4953,1,1,55.4482
80.35,1.1608,-7.35097,322.4,332.9,-12.4953,1,1,55.4482
80.3583,1.16046,-7.35096,322.296,332.796,-12.4953,1,1,55.4482
80.3667,1.16013,-7.35096,322.192,332.692,-12.4952,1,1,55.4482
80.375,1.15979,-7.35095,322.087,332.587,-12.4952,1,1,55.4482
80.3833,1.15945,-7.35095,321.983,332.483,-12.4952,1,1,55.4482
80.3917,1.15912,-7.35094,321.879,332.379,-12.4952,1,1,55.4482
80.4,1.15878,-7.35094,321.775,332.275,-12.4952,1,1,55.4482
80.4083,1.15845,-7.35094,321.671,332.171,-12.4951,1,1,55.4482
80.4167,1.15811,-7.35093,321.567,332.067,-12.4951,1,1,55.4482
80.425,1.15778,-7.35093,321.463,331.963,-12.4951,1,1,55.4482
80.4333,1.15744,-7.35092,321.359,331.859,-12.4951,1,1,55.4482
80.4417,1.15711,-7.35092,321.254,331.754,-12.4951,1,1,55.4482
80.45,1.15677,-7.35091,321.15,331.65,-12.4951,1,1,55.4482
80.4583,1.15643,-7.35091,321.046,331.546,-12.495,1,1,55.4482
80.4667,1.1561,-7.3509,320.942,331.442,-12.495,1,1,55.4482
80.475,1.15576,-7.3509,320.838,331.338,-12.495,1,1,55.4482
80.4833,1.15543,-7.35089,320.734,331.234,-12.495,1,1,55.4482
80.4917,1.15509,-7.35089,320.63,331.13,-12.495,1,1,55.4482
80.5,1.15476,-7.35088,320.526,331.026,-12.4949,1,1,55.4482
80.5083,1.15442,-7.35088,320.421,330.921,-12.4949,1,1,55.4482
80.5167,1.15408,-7.35087,320.317,330.817,-12.4949,1,1,55.4482
80.525,1.15375,-7.35087,320.213,330.713,-12.4949,1,1,55.4482
80.5333,1.15341,-7.35087,320.109,330.609,-12.4949,1,1,55.4482
80.5417,1.15308,-7.35086,320.005,330.505,-12.4948,1,1,55.4482
80.55,1.15274,-7.35086,319.901,330.401,-12.4948,1,1,55.4482
80.5583,1.15241,-7.35085,319.797,330.297,-12.4948,1,1,55.4482
80.5667,1.15207,-7.35085,319.693,330.193,-12.4948,1,1,55.4482
80.575,1.15174,-7.35084,319.588,330.088,-12.4948,1,1,55.4482
80.5833,1.1514,-7.35084,319.484,329.984,-12.4947,1,1,55.4482
80.5917,1.15106,-7.35083,319.38,329.88,-12.4947,1,1,55.4482
80.6,1.15073,-7.35083,319.276,329.776,-12.4947,1,1,55.4482
80.6083,1.15039,-7.35082,319.172,329.672,-12.4947,1,1,55.4482
80.6167,1.15006,-7.35082,319.068,329.568,-12.4947,1,1,55.4482
80.625,1.14972,-7.35081,318.964,329.464,-12.4947,1,1,55.4482
80.6333,1.14939,-7.35081,318.86,329.36,-12.4946,1,1,55.4482
80.6417,1.14905,-7.3508,318.755,329.255,-12.4946,1,1,55.4482
80.65,1.14872,-7.3508,318.651,329.151,-12.4946,1,1,55.4482
80.6583,1.14838,-7.35079,318.547,329.047,-12.4946,1,1,55.4482
80.6667,1.14804,-7.35079,318.443,328.943,-12.4946,1,1,55.4482
80.675,1.14771,-7.35079,318.339,328.839,-12.4945,1,1,55.4482
80.6833,1.14737,-7.35078,318.235,328.735,-12.4945,1,1,55.4482
80.6917,1.14704,-7.35078,318.131,328.631,-12.4945,1,1,55.4482
80.7,1.1467,-7.35077,318.027,328.527,-12.4945,1,1,55.4482
80.7083,1.14637,-7.35077,317.922,328.422,-12.4945,1,1,55.4482
80.7167,1.14603,-7.35076,317.818,328.318,-12.4944,1,1,55.4482
80.725,1.14569,-7.35076,317.714,328.214,-12.4944,1,1,55.4482
80.7333,1.14536,-7.35075,317.61,328.11,-12.4944,1,1,55.4482
80.7417,1.14502,-7.35075,317.506,328.006,-12.4944,1,1,55.4482
80.75,1.14469,-7.35074,317.402,327.902,-12.4944,1,1,55.4482
80.7583,1.14435,-7.35074,317.298,327.798,-12.4943,1,1,55.4482
80.7667,1.14402,-7.35073,317.194,327.694,-12.4943,1,1,55.4482
80.775,1.14368,-7.35073,317.089,327.589,-12.4943,1,1,55.4482
80.7833,1.14335,-7.35072,316.985,327.485,-12.4943,1,1,55.4482
80.7917,1.14301,-7.35072,316.881,327.381,-12.4943,1,1,55.4482
80.8,1.14267,-7.35071,316.777,327.277,-12.4943,1,1,55.4482
80.8083,1.14234,-7.35071,316.673,327.173,-12.4942,1,1,55.4482
80.8167,1.142,-7.35071,316.569,327.069,-12.4942,1,1,55.4482
80.825,1.14167,-7.3507,316.465,326.965,-12.4942,1,1,55.4482
80.8333,1.14133,-7.3507,316.361,326.861,-12.4942,1,1,55.4482
80.8417,1.141,-7.35069,316.257,326.757,-12.4942,1,1,55.4482
80.85,1.14066,-7.35069,316.152,326.652,-12.4941,1,1,55.4482
80.8583,1.14033,-7.35068,316.048,326.548,-12.4941,1,1,55.4482
80.8667,1.13999,-7.35068,315.944,326.444,-12.4941,1,1,55.4482
80.875,1.13965,-7.35067,315.84,326.34,-12.4941,1,1,55.4482
80.8833,1.13932,-7.35067,315.736,326.236,-12.4941,1,1,55.4482
80.8917,1.13898,-7.35066,315.632,326.132,-12.494,1,1,55.4482
80.9,1.13865,-7.35066,315.528,326.028,-12.494,1,1,55.4482
80.9083,1.13831,-7.35065,315.424,325.924,-12.494,1,1,55.4482
80.9167,1.13798,-7.35065,315.319,325.819,-12.494,1,1,55.4482
80.925,1.13764,-7.35064,315.215,325.715,-12.494,1,1,55.4482
80.9333,1.13731,-7.35064,315.111,325.611,-12.4939,1,1,55.4482
80.9417,1.13697,-7.35064,315.007,325.507,-12.4939,1,1,55.4482
80.95,1.13663,-7.35063,314.903,325.403,-12.4939,1,1,55.4482
80.9583,1.1363,-7.35063,314.799,325.299,-12.4939,1,1,55.4482
80.9667,1.13596,-7.35062,314.695,325.195,-12.4939,1,1,55.4482
80.975,1.13563,-7.35062,314.591,325.091,-12.4939,1,1,55.4482
80.9833,1.13529,-7.35061,314.487,324.987,-12.4938,1,1,55.4482
80.9917,1.13496,-7.35061,314.382,324.882,-12.4938,1,1,55.4482
81,1.13462,-7.3506,314.278,324.778,-12.4938,1,1,55.4482
81.0083,1.13429,-7.3506,314.174,324.674,-12.4938,1,1,55.4482
81.0167,1.13395,-7.35059,314.07,324.57,-12.4938,1,1,55.4482
81.025,1.13361,-7.35059,313.966,324.466,-12.4937,1,1,55.4482
81.0333,1.13328,-7.35058,313.862,324.362,-12.4937,1,1,55.4482
81.0417,1.13294,-7.35058,313.758,324.258,-12.4937,1,1,55.4482
81.05,1.13261,-7.35057,313.654,324.154,-12.4937,1,1,55.4482
81.0583,1.13227,-7.35057,313.55,324.05,-12.4937,1,1,55.4482
81.0667,1.13194,-7.35056,313.445,323.945,-12.4936,1,1,55.4482
81.075,1.1316,-7.35056,313.341,323.841,-12.4936,1,1,55.4482
81.0833,1.13126,-7.35056,313.237,323.737,-12.4936,1,1,55.4482
81.0917,1.13093,-7.35055,313.133,323.633,-12.4936,1,1,55.4482
81.1,1.13059,-7.35055,313.029,323.529,-12.4936,1,1,55.4482
81.1083,1.13026,-7.35054,312.925,323.425,-12.4936,1,1,55.4482
81.1167,1.12992,-7.35054,312.821,323.321,-12.4935,1,1,55.4482
81.125,1.12959,-7.35053,312.717,323.217,-12.4935,1,1,55.4482
81.1333,1.12925,-7.35053,312.612,323.112,-12.4935,1,1,55.4482
81.1417,1.12892,-7.35052,312.508,323.008,-12.4935,1,1,55.4482
81.15,1.12858,-7.35052,312.404,322.904,-12.4935,1,1,55.4482
81.1583,1.12824,-7.35051,312.3,322.8,-12.4934,1,1,55.4482
81.1667,1.12791,-7.35051,312.196,322.696,-12.4934,1,1,55.4482
81.175,1.12757,-7.3505,312.092,322.592,-12.4934,1,1,55.4482
81.1833,1.12724,-7.3505,311.988,322.488,-12.4934,1,1,55.4482
81.1917,1.1269,-7.35049,311.884,322.384,-12.4934,1,1,55.4482
81.2,1.12657,-7.35049,311.78,322.28,-12.4933,1,1,55.4482
81.2083,1.12623,-7.35049,311.675,322.175,-12.4933,1,1,55.4482
81.2167,1.1259,-7.35048,311.571,322.071,-12.4933,1,1,55.4482
81.225,1.12556,-7.35048,311.467,321.967,-12.4933,1,1,55.4482
81.2333,1.12522,-7.35047,311.363,321.863,-12.4933,1,1,55.4482
81.2417,1.12489,-7.35047,311.259,321.759,-12.4932,1,1,55.4482
81.25,1.12455,-7.35046,311.155,321.655,-12.4932,1,1,55.4482
81.2583,1.12422,-7.35046,311.051,321.551,-12.4932,1,1,55.4482
81.2667,1.12388,-7.35045,310.947,321.447,-12.4932,1,1,55.4482
81.275,1.12355,-7.35045,310.843,321.343,-12.4932,1,1,55.4482
81.2833,1.12321,-7.35044,310.738,321.238,-12.4932,1,1,55.4482
81.2917,1.12288,-7.35044,310.634,321.134,-12.4931,1,1,55.4482
81.3,1.12254,-7.35043,310.53,321.03,-12.4931,1,1,55.4482
81.3083,1.1222,-7.35043,310.426,320.926,-12.4931,1,1,55.4482
81.3167,1.12187,-7.35042,310.322,320.822,-12.4931,1,1,55.4482
81.325,1.12153,-7.35042,310.218,320.718,-12.4931,1,1,55.4482
81.3333,1.1212,-7.35041,310.114,320.614,-12.493,1,1,55.4482
81.3417,1.12086,-7.35041,310.01,320.51,-12.493,1,1,55.4482
81.35,1.12053,-7.35041,309.906,320.406,-12.493,1,1,55.4482
81.3583,1.12019,-7.3504,309.801,320.301,-12.493,1,1,55.4482
81.3667,1.11986,-7.3504,309.697,320.197,-12.493,1,1,55.4482
81.375,1.11952,-7.35039,309.593,320.093,-12.4929,1,1,55.4482
81.3833,1.11918,-7.35039,309.489,319.989,-12.4929,1,1,55.4482
81.3917,1.11885,-7.35038,309.385,319.885,-12.4929,1,1,55.4482
81.4,1.11851,-7.35038,309.281,319.781,-12.4929,1,1,55.4482
81.4083,1.11818,-7.35037,309.177,319.677,-12.4929,1,1,55.4482
81.4167,1.11784,-7.35037,309.073,319.573,-12.4928,1,1,55.4482
81.425,1.11751,-7.35036,308.969,319.469,-12.4928,1,1,55.4482
81.4333,1.11717,-7.35036,308.865,319.365,-12.4928,1,1,55.4482
81.4417,1.11684,-7.35035,308.76,319.26,-12.4928,1,1,55.4482
81.45,1.1165,-7.35035,308.656,319.156,-12.4928,1,1,55.4482
81.4583,1.11617,-7.35034,308.552,319.052,-12.4928,1,1,55.4482
81.4667,1.11583,-7.35034,308.448,318.948,-12.4927,1,1,55.4482
81.475,1.11549,-7.35033,308.344,318.844,-12.4927,1,1,55.4482
81.4833,1.11516,-7.35033,308.24,318.74,-12.4927,1,1,55.4482
81.4917,1.11482,-7.35033,308.136,318.636,-12.4927,1,1,55.4482
81.5,1.11449,-7.35032,308.032,318.532,-12.4927,1,1,55.4482
81.5083,1.11415,-7.35032,307.928,318.428,-12.4926,1,1,55.4482
81.5167,1.11382,-7.35031,307.823,318.323,-12.4926,1,1,55.4482
81.525,1.11348,-7.35031,307.719,318.219,-12.4926,1,1,55.4482
81.5333,1.11315,-7.3503,307.615,318.115,-12.4926,1,1,55.4482
81.5417,1.11281,-7.3503,307.511,318.011,-12.4926,1,1,55.4482
81.55,1.11247,-7.35029,307.407,317.907,-12.4925,1,1,55.4482
81.5583,1.11214,-7.35029,307.303,317.803,-12.4925,1,1,55.4482
81.5667,1.1118,-7.35028,307.199,317.699,-12.4925,1,1,55.4482
81.575,1.11147,-7.35028,307.095,317.595,-12.4925,1,1,55.4482
81.5833,1.11113,-7.35027,306.991,317.491,-12.4925,1,1,55.4482
81.5917,1.1108,-7.35027,306.887,317.387,-12.4924,1,1,55.4482
81.6,1.11046,-7.35026,306.782,317.282,-12.4924,1,1,55.4482
81.6083,1.11013,-7.35026,306.678,317.178,-12.4924,1,1,55.4482
81.6167,1.10979,-7.35026,306.574,317.074,-12.4924,1,1,55.4482
81.625,1.10945,-7.35025,306.47,316.97,-12.4924,1,1,55.4482
81.6333,1.10912,-7.35025,306.366,316.866,-12.4924,1,1,55.4482
81.6417,1.10878,-7.35024,306.262,316.762,-12.4923,1,1,55.4482
81.65,1.10845,-7.35024,306.158,316.658,-12.4923,1,1,55.4482
81.6583,1.10811,-7.35023,306.054,316.554,-12.4923,1,1,55.4482
81.6667,1.10778,-7.35023,305.95,316.45,-12.4923,1,1,55.4482
81.675,1.10744,-7.35022,305.845,316.345,-12.4923,1,1,55.4482
81.6833,1.10711,-7.35022,305.741,316.241,-12.4922,1,1,55.4482
81.6917,1.10677,-7.35021,305.637,316.137,-12.4922,1,1,55.4482
81.7,1.10643,-7.35021,305.533,316.033,-12.4922,1,1,55.4482
81.7083,1.1061,-7.3502,305.429,315.929,-12.4922,1,1,55.4482
81.7167,1.10576,-7.3502,305.325,315.825,-12.4922,1,1,55.4482
81.725,1.10543,-7.35019,305.221,315.721,-12.4921,1,1,55.4482
81.7333,1.10509,-7.35019,305.117,315.617,-12.4921,1,1,55.4482
81.7417,1.10476,-7.35018,305.013,315.513,-12.4921,1,1,55.4482
81.75,1.10442,-7.35018,304.909,315.409,-12.4921,1,1,55.4482
81.7583,1.10409,-7.35018,304.804,315.304,-12.4921,1,1,55.4482
81.7667,1.10375,-7.35017,304.7,315.2,-12.492,1,1,55.4482
81.775,1.10341,-7.35017,304.596,315.096,-12.492,1,1,55.4482
81.7833,1.10308,-7.35016,304.492,314.992,-12.492,1,1,55.4482
81.7917,1.10274,-7.35016,304.388,314.888,-12.492,1,1,55.4482
81.8,1.10241,-7.35015,304.284,314.784,-12.492,1,1,55.4482
81.8083,1.10207,-7.35015,304.18,314.68,-12.492,1,1,55.4482
81.8167,1.10174,-7.35014,304.076,314.576,-12.4919,1,1,55.4482
81.825,1.1014,-7.35014,303.972,314.472,-12.4919,1,1,55.4482
81.8333,1.10107,-7.35013,303.868,314.368,-12.4919,1,1,55.4482
81.8417,1.10073,-7.35013,303.763,314.263,-12.4919,1,1,55.4482
81.85,1.1004,-7.35012,303.659,314.159,-12.4919,1,1,55.4482
81.8583,1.10006,-7.35012,303.555,314.055,-12.4918,1,1,55.4482
81.8667,1.09972,-7.35011,303.451,313.951,-12.4918,1,1,55.4482
81.875,1.09939,-7.35011,303.347,313.847,-12.4918,1,1,55.4482
81.8833,1.09905,-7.35011,303.243,313.743,-12.4918,1,1,55.4482
81.8917,1.09872,-7.3501,303.139,313.639,-12.4918,1,1,55.4482
81.9,1.09838,-7.3501,303.035,313.535,-12.4917,1,1,55.4482
81.9083,1.09805,-7.35009,302.931,313.431,-12.4917,1,1,55.4482
81.9167,1.09771,-7.35009,302.827,313.327,-12.4917,1,1,55.4482
81.925,1.09738,-7.35008,302.722,313.222,-12.4917,1,1,55.4482
81.9333,1.09704,-7.35008,302.618,313.118,-12.4917,1,1,55.4482
81.9417,1.0967,-7.35007,302.514,313.014,-12.4916,1,1,55.4482
81.95,1.09637,-7.35007,302.41,312.91,-12.4916,1,1,55.4482
81.9583,1.09603,-7.35006,302.306,312.806,-12.4916,1,1,55.4482
81.9667,1.0957,-7.35006,302.202,312.702,-12.4916,1,1,55.4482
81.975,1.09536,-7.35005,302.098,312.598,-12.4916,1,1,55.4482
81.9833,1.09503,-7.35005,301.994,312.494,-12.4916,1,1,55.4482
81.9917,1.09469,-7.35004,301.89,312.39,-12.4915,1,1,55.4482
82,1.09436,-7.35004,301.786,312.286,-12.4915,1,1,55.4482
82.0083,1.09402,-7.35003,301.681,312.181,-12.4915,1,1,55.4482
82.0167,1.09368,-7.35003,301.577,312.077,-12.4915,1,1,55.4482
82.025,1.09335,-7.35003,301.473,311.973,-12.4915,1,1,55.4482
82.0333,1.09301,-7.35002,301.369,311.869,-12.4914,1,1,55.4482
82.0417,1.09268,-7.35002,301.265,311.765,-12.4914,1,1,55.4482
82.05,1.09234,-7.35001,301.161,311.661,-12.4914,1,1,55.4482
82.0583,1.09201,-7.35001,301.057,311.557,-12.4914,1,1,55.4482
82.0667,1.09167,-7.35,300.953,311.453,-12.4914,1,1,55.4482
82.075,1.09134,-7.35,300.849,311.349,-12.4913,1,1,55.4482
82.0833,1.091,-7.34999,300.745,311.245,-12.4913,1,1,55.4482
82.0917,1.09067,-7.34999,300.641,311.141,-12.4913,1,1,55.4482
82.1,1.09033,-7.34998,300.536,311.036,-12.4913,1,1,55.4482
82.1083,1.08999,-7.34998,300.432,310.932,-12.4913,1,1,55.4482
82.1167,1.08966,-7.34997,300.328,310.828,-12.4913,1,1,55.4482
82.125,1.08932,-7.34997,300.224,310.724,-12.4912,1,1,55.4482
82.1333,1.08899,-7.34996,300.12,310.62,-12.4912,1,1,55.4482
82.1417,1.08865,-7.34996,300.016,310.516,-12.4912,1,1,55.4482
82.15,1.08832,-7.34996,299.912,310.412,-12.4912,1,1,55.4482
82.1583,1.08798,-7.34995,299.808,310.308,-12.4912,1,1,55.4482
82.1667,1.08765,-7.34995,299.704,310.204,-12.4911,1,1,55.4482
82.175,1.08731,-7.34994,299.6,310.1,-12.4911,1,1,55.4482
82.1833,1.08697,-7.34994,299.496,309.996,-12.4911,1,1,55.4482
82.1917,1.08664,-7.34993,299.391,309.891,-12.4911,1,1,55.4482
82.2,1.0863,-7.34993,299.287,309.787,-12.4911,1,1,55.4482
82.2083,1.08597,-7.34992,299.183,309.683,-12.491,1,1,55.4482
82.2167,1.08563,-7.34992,299.079,309.579,-12.491,1,1,55.4482
82.225,1.0853,-7.34991,298.975,309.475,-12.491,1,1,55.4482
82.2333,1.08496,-7.34991,298.871,309.371,-12.491,1,1,55.4482
82.2417,1.08463,-7.3499,298.767,309.267,-12.491,1,1,55.4482
82.25,1.08429,-7.3499,298.663,309.163,-12.4909,1,1,55.4482
82.2583,1.08396,-7.34989,298.559,309.059,-12.4909,1,1,55.4482
82.2667,1.08362,-7.34989,298.455,308.955,-12.4909,1,1,55.4482
82.275,1.08328,-7.34988,298.35,308.85,-12.4909,1,1,55.4482
82.2833,1.08295,-7.34988,298.246,308.746,-12.4909,1,1,55.4482
82.2917,1.08261,-7.34988,298.142,308.642,-12.4909,1,1,55.4482
82.3,1.08228,-7.34987,298.038,308.538,-12.4908,1,1,55.4482
82.3083,1.08194,-7.34987,297.934,308.434,-12.4908,1,1,55.4482
82.3167,1.08161,-7.34986,297.83,308.33,-12.4908,1,1,55.4482
82.325,1.08127,-7.34986,297.726,308.226,-12.4908,1,1,55.4482
82.3333,1.08094,-7.34985,297.622,308.122,-12.4908,1,1,55.4482
82.3417,1.0806,-7.34985,297.518,308.018,-12.4907,1,1,55.4482
82.35,1.08026,-7.34984,297.414,307.914,-12.4907,1,1,55.4482
82.3583,1.07993,-7.34984,297.31,307.81,-12.4907,1,1,55.4482
82.3667,1.07959,-7.34983,297.205,307.705,-12.4907,1,1,55.4482
82.375,1.07926,-7.34983,297.101,307.601,-12.4907,1,1,55.4482
82.3833,1.07892,-7.34982,296.997,307.497,-12.4906,1,1,55.4482
82.3917,1.07859,-7.34982,296.893,307.393,-12.4906,1,1,55.4482
82.4,1.07825,-7.34981,296.789,307.289,-12.4906,1,1,55.4482
82.4083,1.07792,-7.34981,296.685,307.185,-12.4906,1,1,55.4482
82.4167,1.07758,-7.3498,296.581,307.081,-12.4906,1,1,55.4482
82.425,1.07725,-7.3498,296.477,306.977,-12.4905,1,1,55.4482
82.4333,1.07691,-7.3498,296.373,306.873,-12.4905,1,1,55.4482
82.4417,1.07657,-7.34979,296.269,306.769,-12.4905,1,1,55.4482
82.45,1.07624,-7.34979,296.165,306.665,-12.4905,1,1,55.4482
82.4583,1.0759,-7.34978,296.061,306.561,-12.4905,1,1,55.4482
82.4667,1.07557,-7.34978,295.956,306.456,-12.4905,1,1,55.4482
82.475,1.07523,-7.34977,295.852,306.352,-12.4904,1,1,55.4482
82.4833,1.0749,-7.34977,295.748,306.248,-12.4904,1,1,55.4482
82.4917,1.07456,-7.34976,295.644,306.144,-12.4904,1,1,55.4482
82.5,1.07423,-7.34976,295.54,306.04,-12.4904,1,1,55.4482
82.5083,1.07389,-7.34975,295.436,305.936,-12.4904,1,1,55.4482
82.5167,1.07356,-7.34975,295.332,305.832,-12.4903,1,1,55.4482
82.525,1.07322,-7.34974,295.228,305.728,-12.4903,1,1,55.4482
82.5333,1.07288,-7.34974,295.124,305.624,-12.4903,1,1,55.4482
82.5417,1.07255,-7.34973,295.02,305.52,-12.4903,1,1,55.4482
82.55,1.07221,-7.34973,294.916,305.416,-12.4903,1,1,55.4482
82.5583,1.07188,-7.34973,294.811,305.311,-12.4902,1,1,55.4482
82.5667,1.07154,-7.34972,294.707,305.207,-12.4902,1,1,55.4482
82.575,1.07121,-7.34972,294.603,305.103,-12.4902,1,1,55.4482
82.5833,1.07087,-7.34971,294.499,304.999,-12.4902,1,1,55.4482
82.5917,1.07054,-7.34971,294.395,304.895,-12.4902,1,1,55.4482
82.6,1.0702,-7.3497,294.291,304.791,-12.4901,1,1,55.4482
82.6083,1.06987,-7.3497,294.187,304.687,-12.4901,1,1,55.4482
82.6167,1.06953,-7.34969,294.083,304.583,-12.4901,1,1,55.4482
82.625,1.06919,-7.34969,293.979,304.479,-12.4901,1,1,55.4482
82.6333,1.06886,-7.34968,293.875,304.375,-12.4901,1,1,55.4482
82.6417,1.06852,-7.34968,293.771,304.271,-12.4901,1,1,55.4482
82.65,1.06819,-7.34967,293.667,304.167,-12.49,1,1,55.4482
82.6583,1.06785,-7.34967,293.562,304.062,-12.49,1,1,55.4482
82.6667,1.06752,-7.34966,293.458,303.958,-12.49,1,1,55.4482
82.675,1.06718,-7.34966,293.354,303.854,-12.49,1,1,55.4482
82.6833,1.06685,-7.34965,293.25,303.75,-12.49,1,1,55.4482
82.6917,1.06651,-7.34965,293.146,303.646,-12.4899,1,1,55.4482
82.7,1.06617,-7.34965,293.042,303.542,-12.4899,1,1,55.4482
82.7083,1.06584,-7.34964,292.938,303.438,-12.4899,1,1,55.4482
82.7167,1.0655,-7.34964,292.834,303.334,-12.4899,1,1,55.4482
82.725,1.06517,-7.34963,292.73,303.23,-12.4899,1,1,55.4482
82.7333,1.06483,-7.34963,292.626,303.126,-12.4898,1,1,55.4482
82.7417,1.0645,-7.34962,292.522,303.022,-12.4898,1,1,55.4482
82.75,1.06416,-7.34962,292.418,302.918,-12.4898,1,1,55.4482
82.7583,1.06383,-7.34961,292.313,302.813,-12.4898,1,1,55.4482
82.7667,1.06349,-7.34961,292.209,302.709,-12.4898,1,1,55.4482
82.775,1.06316,-7.3496,292.105,302.605,-12.4897,1,1,55.4482
82.7833,1.06282,-7.3496,292.001,302.501,-12.4897,1,1,55.4482
82.7917,1.06248,-7.34959,291.897,302.397,-12.4897,1,1,55.4482
82.8,1.06215,-7.34959,291.793,302.293,-12.4897,1,1,55.4482
82.8083,1.06181,-7.34958,291.689,302.189,-12.4897,1,1,55.4482
82.8167,1.06148,-7.34958,291.585,302.085,-12.4897,1,1,55.4482
82.825,1.06114,-7.34958,291.481,301.981,-12.4896,1,1,55.4482
82.8333,1.06081,-7.34957,291.377,301.877,-12.4896,1,1,55.4482
82.8417,1.06047,-7.34957,291.273,301.773,-12.4896,1,1,55.4482
82.85,1.06014,-7.34956,291.169,301.669,-12.4896,1,1,55.4482
82.8583,1.0598,-7.34956,291.064,301.564,-12.4896,1,1,55.4482
82.8667,1.05947,-7.34955,290.96,301.46,-12.4895,1,1,55.4482
82.875,1.05913,-7.34955,290.856,301.356,-12.4895,1,1,55.4482
82.8833,1.05879,-7.34954,290.752,301.252,-12.4895,1,1,55.4482
82.8917,1.05846,-7.34954,290.648,301.148,-12.4895,1,1,55.4482
82.9,1.05812,-7.34953,290.544,301.044,-12.4895,1,1,55.4482
82.9083,1.05779,-7.34953,290.44,300.94,-12.4894,1,1,55.4482
82.9167,1.05745,-7.34952,290.336,300.836,-12.4894,1,1,55.4482
82.925,1.05712,-7.34952,290.232,300.732,-12.4894,1,1,55.4482
82.9333,1.05678,-7.34951,290.128,300.628,-12.4894,1,1,55.4482
82.9417,1.05645,-7.34951,290.024,300.524,-12.4894,1,1,55.4482
82.95,1.05611,-7.3495,289.92,300.42,-12.4894,1,1,55.4482
82.9583,1.05578,-7.3495,289.816,300.316,-12.4893,1,1,55.4482
82.9667,1.05544,-7.3495,289.711,300.211,-12.4893,1,1,55.4482
82.975,1.0551,-7.34949,289.607,300.107,-12.4893,1,1,55.4482
82.9833,1.05477,-7.34949,289.503,300.003,-12.4893,1,1,55.4482
82.9917,1.05443,-7.34948,289.399,299.899,-12.4893,1,1,55.4482
83,1.0541,-7.34948,289.295,299.795,-12.4892,1,1,55.4482
83.0083,1.05376,-7.34947,289.191,299.691,-12.4892,1,1,55.4482
83.0167,1.05343,-7.34947,289.087,299.587,-12.4892,1,1,55.4482
83.025,1.05309,-7.34946,288.983,299.483,-12.4892,1,1,55.4482
83.0333,1.05276,-7.34946,288.879,299.379,-12.4892,1,1,55.4482
83.0417,1.05242,-7.34945,288.775,299.275,-12.4891,1,1,55.4482
83.05,1.05209,-7.34945,288.671,299.171,-12.4891,1,1,55.4482
83.0583,1.05175,-7.34944,288.567,299.067,-12.4891,1,1,55.4482
83.0667,1.05141,-7.34944,288.463,298.963,-12.4891,1,1,55.4482
83.075,1.05108,-7.34943,288.358,298.858,-12.4891,1,1,55.4482
83.0833,1.05074,-7.34943,288.254,298.754,-12.489,1,1,55.4482
83.0917,1.05041,-7.34943,288.15,298.65,-12.489,1,1,55.4482
83.1,1.05007,-7.34942,288.046,298.546,-12.489,1,1,55.4482
83.1083,1.04974,-7.34942,287.942,298.442,-12.489,1,1,55.4482
83.1167,1.0494,-7.34941,287.838,298.338,-12.489,1,1,55.4482
83.125,1.04907,-7.34941,287.734,298.234,-12.489,1,1,55.4482
83.1333,1.04873,-7.3494,287.63,298.13,-12.4889,1,1,55.4482
83.1417,1.0484,-7.3494,287.526,298.026,-12.4889,1,1,55.4482
83.15,1.04806,-7.34939,287.422,297.922,-12.4889,1,1,55.4482
83.1583,1.04773,-7.34939,287.318,297.818,-12.4889,1,1,55.4482
83.1667,1.04739,-7.34938,287.214,297.714,-12.4889,1,1,55.4482
83.175,1.04705,-7.34938,287.11,297.61,-12.4888,1,1,55.4482
83.1833,1.04672,-7.34937,287.005,297.505,-12.4888,1,1,55.4482
83.1917,1.04638,-7.34937,286.901,297.401,-12.4888,1,1,55.4482
83.2,1.04605,-7.34936,286.797,297.297,-12.4888,1,1,55.4482
83.2083,1.04571,-7.34936,286.693,297.193,-12.4888,1,1,55.4482
83.2167,1.04538,-7.34935,286.589,297.089,-12.4887,1,1,55.4482
83.225,1.04504,-7.34935,286.485,296.985,-12.4887,1,1,55.4482
83.2333,1.04471,-7.34935,286.381,296.881,-12.4887,1,1,55.4482
83.2417,1.04437,-7.34934,286.277,296.777,-12.4887,1,1,55.4482
83.25,1.04404,-7.34934,286.173,296.673,-12.4887,1,1,55.4482
83.2583,1.0437,-7.34933,286.069,296.569,-12.4886,1,1,55.4482
83.2667,1.04336,-7.34933,285.965,296.465,-12.4886,1,1,55.4482
83.275,1.04303,-7.34932,285.861,296.361,-12.4886,1,1,55.4482
83.2833,1.04269,-7.34932,285.757,296.257,-12.4886,1,1,55.4482
83.2917,1.04236,-7.34931,285.653,296.153,-12.4886,1,1,55.4482
83.3,1.04202,-7.34931,285.548,296.048,-12.4886,1,1,55.4482
83.3083,1.04169,-7.3493,285.444,295.944,-12.4885,1,1,55.4482
83.3167,1.04135,-7.3493,285.34,295.84,-12.4885,1,1,55.4482
83.325,1.04102,-7.34929,285.236,295.736,-12.4885,1,1,55.4482
83.3333,1.04068,-7.34929,285.132,295.632,-12.4885,1,1,55.4482
83.3417,1.04035,-7.34928,285.028,295.528,-12.4885,1,1,55.4482
83.35,1.04001,-7.34928,284.924,295.424,-12.4884,1,1,55.4482
83.3583,1.03967,-7.34928,284.82,295.32,-12.4884,1,1,55.4482
83.3667,1.03934,-7.34927,284.716,295.216,-12.4884,1,1,55.4482
83.375,1.039,-7.34927,284.612,295.112,-12.4884,1,1,55.4482
83.3833,1.03867,-7.34926,284.508,295.008,-12.4884,1,1,55.4482
83.3917,1.03833,-7.34926,284.404,294.904,-12.4883,1,1,55.4482
83.4,1.038,-7.34925,284.3,294.8,-12.4883,1,1,55.4482
83.4083,1.03766,-7.34925,284.196,294.696,-12.4883,1,1,55.4482
83.4167,1.03733,-7.34924,284.091,294.591,-12.4883,1,1,55.4482
83.425,1.03699,-7.34924,283.987,294.487,-12.4883,1,1,55.4482
83.4333,1.03666,-7.34923,283.883,294.383,-12.4882,1,1,55.4482
83.4417,1.03632,-7.34923,283.779,294.279,-12.4882,1,1,55.4482
83.45,1.03599,-7.34922,283.675,294.175,-12.4882,1,1,55.4482
83.4583,1.03565,-7.34922,283.571,294.071,-12.4882,1,1,55.4482
83.4667,1.03531,-7.34921,283.467,293.967,-12.4882,1,1,55.4482
83.475,1.03498,-7.34921,283.363,293.863,-12.4882,1,1,55.4482
83.4833,1.03464,-7.3492,283.259,293.759,-12.4881,1,1,55.4482
83.4917,1.03431,-7.3492,283.155,293.655,-12.4881,1,1,55.4482
83.5,1.03397,-7.3492,283.051,293.551,-12.4881,1,1,55.4482
83.5083,1.03364,-7.34919,282.947,293.447,-12.4881,1,1,55.4482
83.5167,1.0333,-7.34919,282.843,293.343,-12.4881,1,1,55.4482
83.525,1.03297,-7.34918,282.739,293.239,-12.488,1,1,55.4482
83.5333,1.03263,-7.34918,282.635,293.135,-12.488,1,1,55.4482
83.5417,1.0323,-7.34917,282.53,293.03,-12.488,1,1,55.4482
83.55,1.03196,-7.34917,282.426,292.926,-12.488,1,1,55.4482
83.5583,1.03162,-7.34916,282.322,292.822,-12.488,1,1,55.4482
83.5667,1.03129,-7.34916,282.218,292.718,-12.4879,1,1,55.4482
83.575,1.03095,-7.34915,282.114,292.614,-12.4879,1,1,55.4482
83.5833,1.03062,-7.34915,282.01,292.51,-12.4879,1,1,55.4482
83.5917,1.03028,-7.34914,281.906,292.406,-12.4879,1,1,55.4482
83.6,1.02995,-7.34914,281.802,292.302,-12.4879,1,1,55.4482
83.6083,1.02961,-7.34913,281.698,292.198,-12.4878,1,1,55.4482
83.6167,1.02928,-7.34913,281.594,292.094,-12.4878,1,1,55.4482
83.625,1.02894,-7.34913,281.49,291.99,-12.4878,1,1,55.4482
83.6333,1.02861,-7.34912,281.386,291.886,-12.4878,1,1,55.4482
83.6417,1.02827,-7.34912,281.282,291.782,-12.4878,1,1,55.4482
83.65,1.02794,-7.34911,281.178,291.678,-12.4878,1,1,55.4482
83.6583,1.0276,-7.34911,281.074,291.574,-12.4877,1,1,55.4482
83.6667,1.02726,-7.3491,280.969,291.469,-12.4877,1,1,55.4482
83.675,1.02693,-7.3491,280.865,291.365,-12.4877,1,1,55.4482
83.6833,1.02659,-7.34909,280.761,291.261,-12.4877,1,1,55.4482
83.6917,1.02626,-7.34909,280.657,291.157,-12.4877,1,1,55.4482
83.7,1.02592,-7.34908,280.553,291.053,-12.4876,1,1,55.4482
83.7083,1.02559,-7.34908,280.449,290.949,-12.4876,1,1,55.4482
83.7167,1.02525,-7.34907,280.345,290.845,-12.4876,1,1,55.4482
83.725,1.02492,-7.34907,280.241,290.741,-12.4876,1,1,55.4482
83.7333,1.02458,-7.34906,280.137,290.637,-12.4876,1,1,55.4482
83.7417,1.02425,-7.34906,280.033,290.533,-12.4875,1,1,55.4482
83.75,1.02391,-7.34905,279.929,290.429,-12.4875,1,1,55.4482
83.7583,1.02357,-7.34905,279.825,290.325,-12.4875,1,1,55.4482
83.7667,1.02324,-7.34905,279.721,290.221,-12.4875,1,1,55.4482
83.775,1.0229,-7.34904,279.617,290.117,-12.4875,1,1,55.4482
83.7833,1.02257,-7.34904,279.513,290.013,-12.4875,1,1,55.4482
83.7917,1.02223,-7.34903,279.409,289.909,-12.4874,1,1,55.4482
83.8,1.0219,-7.34903,279.304,289.804,-12.4874,1,1,55.4482
83.8083,1.02156,-7.34902,279.2,289.7,-12.4874,1,1,55.4482
83.8167,1.02123,-7.34902,279.096,289.596,-12.4874,1,1,55.4482
83.825,1.02089,-7.34901,278.992,289.492,-12.4874,1,1,55.4482
83.8333,1.02056,-7.34901,278.888,289.388,-12.4873,1,1,55.4482
83.8417,1.02022,-7.349,278.784,289.284,-12.4873,1,1,55.4482
83.85,1.01989,-7.349,278.68,289.18,-12.4873,1,1,55.4482
83.8583,1.01955,-7.34899,278.576,289.076,-12.4873,1,1,55.4482
83.8667,1.01921,-7.34899,278.472,288.972,-12.4873,1,1,55.4482
83.875,1.01888,-7.34898,278.368,288.868,-12.4872,1,1,55.4482
83.8833,1.01854,-7.34898,278.264,288.764,-12.4872,1,1,55.4482
83.8917,1.01821,-7.34898,278.16,288.66,-12.4872,1,1,55.4482
83.9,1.01787,-7.34897,278.056,288.556,-12.4872,1,1,55.4482
83.9083,1.01754,-7.34897,277.952,288.452,-12.4872,1,1,55.4482
83.9167,1.0172,-7.34896,277.848,288.348,-12.4871,1,1,55.4482
83.925,1.01687,-7.34896,277.744,288.244,-12.4871,1,1,55.4482
83.9333,1.01653,-7.34895,277.639,288.139,-12.4871,1,1,55.4482
83.9417,1.0162,-7.34895,277.535,288.035,-12.4871,1,1,55.4482
83.95,1.01586,-7.34894,277.431,287.931,-12.4871,1,1,55.4482
83.9583,1.01553,-7.34894,277.327,287.827,-12.4871,1,1,55.4482
83.9667,1.01519,-7.34893,277.223,287.723,-12.487,1,1,55.4482
83.975,1.01485,-7.34893,277.119,287.619,-12.487,1,1,55.4482
83.9833,1.01452,-7.34892,277.015,287.515,-12.487,1,1,55.4482
83.9917,1.01418,-7.34892,276.911,287.411,-12.487,1,1,55.4482
84,1.01385,-7.34891,276.807,287.307,-12.487,1,1,55.4482
84.0083,1.01351,-7.34891,276.703,287.203,-12.4869,1,1,55.4482
84.0167,1.01318,-7.3489,276.599,287.099,-12.4869,1,1,55.4482
84.025,1.01284,-7.3489,276.495,286.995,-12.4869,1,1,55.4482
84.0333,1.01251,-7.3489,276.391,286.891,-12.4869,1,1,55.4482
84.0417,1.01217,-7.34889,276.287,286.787,-12.4869,1,1,55.4482
84.05,1.01184,-7.34889,276.183,286.683,-12.4868,1,1,55.4482
84.0583,1.0115,-7.34888,276.079,286.579,-12.4868,1,1,55.4482
84.0667,1.01117,-7.34888,275.975,286.475,-12.4868,1,1,55.4482
84.075,1.01083,-7.34887,275.87,286.37,-12.4868,1,1,55.4482
84.0833,1.01049,-7.34887,275.766,286.266,-12.4868,1,1,55.4482
84.0917,1.01016,-7.34886,275.662,286.162,-12.4867,1,1,55.4482
84.1,1.00982,-7.34886,275.558,286.058,-12.4867,1,1,55.4482
84.1083,1.00949,-7.34885,275.454,285.954,-12.4867,1,1,55.4482
84.1167,1.00915,-7.34885,275.35,285.85,-12.4867,1,1,55.4482
84.125,1.00882,-7.34884,275.246,285.746,-12.4867,1,1,55.4482
84.1333,1.00848,-7.34884,275.142,285.642,-12.4867,1,1,55.4482
84.1417,1.00815,-7.34883,275.038,285.538,-12.4866,1,1,55.4482
84.15,1.00781,-7.34883,274.934,285.434,-12.4866,1,1,55.4482
84.1583,1.00748,-7.34883,274.83,285.33,-12.4866,1,1,55.4482
84.1667,1.00714,-7.34882,274.726,285.226,-12.4866,1,1,55.4482
84.175,1.00681,-7.34882,274.622,285.122,-12.4866,1,1,55.4482
84.1833,1.00647,-7.34881,274.518,285.018,-12.4865,1,1,55.4482
84.1917,1.00613,-7.34881,274.414,284.914,-12.4865,1,1,55.4482
84.2,1.0058,-7.3488,274.31,284.81,-12.4865,1,1,55.4482
84.2083,1.00546,-7.3488,274.206,284.706,-12.4865,1,1,55.4482
84.2167,1.00513,-7.34879,274.102,284.602,-12.4865,1,1,55.4482
84.225,1.00479,-7.34879,273.997,284.497,-12.4864,1,1,55.4482
84.2333,1.00446,-7.34878,273.893,284.393,-12.4864,1,1,55.4482
84.2417,1.00412,-7.34878,273.789,284.289,-12.4864,1,1,55.4482
84.25,1.00379,-7.34877,273.685,284.185,-12.4864,1,1,55.4482
84.2583,1.00345,-7.34877,273.581,284.081,-12.4864,1,1,55.4482
84.2667,1.00312,-7.34876,273.477,283.977,-12.4863,1,1,55.4482
84.275,1.00278,-7.34876,273.373,283.873,-12.4863,1,1,55.4482
84.2833,1.00245,-7.34875,273.269,283.769,-12.4863,1,1,55.4482
84.2917,1.00211,-7.34875,273.165,283.665,-12.4863,1,1,55.4482
84.3,1.00177,-7.34875,273.061,283.561,-12.4863,1,1,55.4482
84.3083,1.00144,-7.34874,272.957,283.457,-12.4863,1,1,55.4482
84.3167,1.0011,-7.34874,272.853,283.353,-12.4862,1,1,55.4482
84.325,1.00077,-7.34873,272.749,283.249,-12.4862,1,1,55.4482
84.3333,1.00043,-7.34873,272.645,283.145,-12.4862,1,1,55.4482
84.3417,1.0001,-7.34872,272.541,283.041,-12.4862,1,1,55.4482
84.35,0.999763,-7.34872,272.437,282.937,-12.4862,1,1,55.4482
84.3583,0.999427,-7.34871,272.333,282.833,-12.4861,1,1,55.4482
84.3667,0.999092,-7.34871,272.229,282.729,-12.4861,1,1,55.4482
84.375,0.998756,-7.3487,272.125,282.625,-12.4861,1,1,55.4482
84.3833,0.998421,-7.3487,272.02,282.52,-12.4861,1,1,55.4482
84.3917,0.998086,-7.34869,271.916,282.416,-12.4861,1,1,55.4482
84.4,0.99775,-7.34869,271.812,282.312,-12.486,1,1,55.4482
84.4083,0.997415,-7.34868,271.708,282.208,-12.486,1,1,55.4482
84.4167,0.99708,-7.34868,271.604,282.104,-12.486,1,1,55.4482
84.425,0.996744,-7.34868,271.5,282,-12.486,1,1,55.4482
84.4333,0.996409,-7.34867,271.396,281.896,-12.486,1,1,55.4482
84.4417,0.996074,-7.34867,271.292,281.792,-12.486,1,1,55.4482
84.45,0.995738,-7.34866,271.188,281.688,-12.4859,1,1,55.4482
84.4583,0.995403,-7.34866,271.084,281.584,-12.4859,1,1,55.4482
84.4667,0.995067,-7.34865,270.98,281.48,-12.4859,1,1,55.4482
84.475,0.994732,-7.34865,270.876,281.376,-12.4859,1,1,55.4482
84.4833,0.994397,-7.34864,270.772,281.272,-12.4859,1,1,55.4482
84.4917,0.994061,-7.34864,270.668,281.168,-12.4858,1,1,55.4482
84.5,0.993726,-7.34863,270.564,281.064,-12.4858,1,1,55.4482
84.5083,0.993391,-7.34863,270.46,280.96,-12.4858,1,1,55.4482
84.5167,0.993055,-7.34862,270.356,280.856,-12.4858,1,1,55.4482
84.525,0.99272,-7.34862,270.252,280.752,-12.4858,1,1,55.4482
84.5333,0.992385,-7.34861,270.148,280.648,-12.4857,1,1,55.4482
84.5417,0.992049,-7.34861,270.044,280.544,-12.4857,1,1,55.4482
84.55,0.991714,-7.3486,269.939,280.439,-12.4857,1,1,55.4482
84.5583,0.991379,-7.3486,269.835,280.335,-12.4857,1,1,55.4482
84.5667,0.991043,-7.3486,269.731,280.231,-12.4857,1,1,55.4482
84.575,0.990708,-7.34859,269.627,280.127,-12.4856,1,1,55.4482
84.5833,0.990373,-7.34859,269.523,280.023,-12.4856,1,1,55.4482
84.5917,0.990037,-7.34858,269.419,279.919,-12.4856,1,1,55.4482
84.6,0.989702,-7.34858,269.315,279.815,-12.4856,1,1,55.4482
84.6083,0.989366,-7.34857,269.211,279.711,-12.4856,1,1,55.4482
84.6167,0.989031,-7.34857,269.107,279.607,-12.4856,1,1,55.4482
84.625,0.988696,-7.34856,269.003,279.503,-12.4855,1,1,55.4482
84.6333,0.98836,-7.34856,268.899,279.399,-12.4855,1,1,55.4482
84.6417,0.988025,-7.34855,268.795,279.295,-12.4855,1,1,55.4482
84.65,0.98769,-7.34855,268.691,279.191,-12.4855,1,1,55.4482
84.6583,0.987354,-7.34854,268.587,279.087,-12.4855,1,1,55.4482
84.6667,0.987019,-7.34854,268.483,278.983,-12.4854,1,1,55.4482
84.675,0.986684,-7.34853,268.379,278.879,-12.4854,1,1,55.4482
84.6833,0.986348,-7.34853,268.275,278.775,-12.4854,1,1,55.4482
84.6917,0.986013,-7.34853,268.171,278.671,-12.4854,1,1,55.4482
84.7,0.985678,-7.34852,268.067,278.567,-12.4854,1,1,55.4482
84.7083,0.985342,-7.34852,267.963,278.463,-12.4853,1,1,55.4482
84.7167,0.985007,-7.34851,267.859,278.359,-12.4853,1,1,55.4482
84.725,0.984672,-7.34851,267.754,278.254,-12.4853,1,1,55.4482
84.7333,0.984336,-7.3485,267.65,278.15,-12.4853,1,1,55.4482
84.7417,0.984001,-7.3485,267.546,278.046,-12.4853,1,1,55.4482
84.75,0.983666,-7.34849,267.442,277.942,-12.4852,1,1,55.4482
84.7583,0.98333,-7.34849,267.338,277.838,-12.4852,1,1,55.4482
84.7667,0.982995,-7.34848,267.234,277.734,-12.4852,1,1,55.4482
84.775,0.98266,-7.34848,267.13,277.63,-12.4852,1,1,55.4482
84.7833,0.982324,-7.34847,267.026,277.526,-12.4852,1,1,55.4482
84.7917,0.981989,-7.34847,266.922,277.422,-12.4852,1,1,55.4482
84.8,0.981654,-7.34846,266.818,277.318,-12.4851,1,1,55.4482
84.8083,0.981318,-7.34846,266.714,277.214,-12.4851,1,1,55.4482
84.8167,0.980983,-7.34846,266.61,277.11,-12.4851,1,1,55.4482
84.825,0.980648,-7.34845,266.506,277.006,-12.4851,1,1,55.4482
84.8333,0.980312,-7.34845,266.402,276.902,-12.4851,1,1,55.4482
84.8417,0.979977,-7.34844,266.298,276.798,-12.485,1,1,55.4482
84.85,0.979642,-7.34844,266.194,276.694,-12.485,1,1,55.4482
84.8583,0.979306,-7.34843,266.09,276.59,-12.485,1,1,55.4482
84.8667,0.978971,-7.34843,265.986,276.486,-12.485,1,1,55.4482
84.875,0.978636,-7.34842,265.882,276.382,-12.485,1,1,55.4482
84.8833,0.9783,-7.34842,265.778,276.278,-12.4849,1,1,55.4482
84.8917,0.977965,-7.34841,265.674,276.174,-12.4849,1,1,55.4482
84.9,0.97763,-7.34841,265.57,276.07,-12.4849,1,1,55.4482
84.9083,0.977294,-7.3484,265.466,275.966,-12.4849,1,1,55.4482
84.9167,0.976959,-7.3484,265.362,275.862,-12.4849,1,1,55.4482
84.925,0.976624,-7.34839,265.257,275.757,-12.4849,1,1,55.4482
84.9333,0.976288,-7.34839,265.153,275.653,-12.4848,1,1,55.4482
84.9417,0.975953,-7.34838,265.049,275.549,-12.4848,1,1,55.4482
84.95,0.975618,-7.34838,264.945,275.445,-12.4848,1,1,55.4482
84.9583,0.975282,-7.34838,264.841,275.341,-12.4848,1,1,55.4482
84.9667,0.974947,-7.34837,264.737,275.237,-12.4848,1,1,55.4482
84.975,0.974612,-7.34837,264.633,275.133,-12.4847,1,1,55.4482
84.9833,0.974276,-7.34836,264.529,275.029,-12.4847,1,1,55.4482
84.9917,0.973941,-7.34836,264.425,274.925,-12.4847,1,1,55.4482
85,0.973606,-7.34835,264.321,274.821,-12.4847,1,1,55.4482
85.0083,0.97327,-7.34835,264.217,274.717,-12.4847,1,1,55.4482
85.0167,0.972935,-7.34834,264.113,274.613,-12.4846,1,1,55.4482
85.025,0.9726,-7.34834,264.009,274.509,-12.4846,1,1,55.4482
85.0333,0.972264,-7.34833,263.905,274.405,-12.4846,1,1,55.4482
85.0417,0.971929,-7.34833,263.801,274.301,-12.4846,1,1,55.4482
85.05,0.971594,-7.34832,263.697,274.197,-12.4846,1,1,55.4482
85.0583,0.971258,-7.34832,263.593,274.093,-12.4845,1,1,55.4482
85.0667,0.970923,-7.34831,263.489,273.989,-12.4845,1,1,55.4482
85.075,0.970588,-7.34831,263.385,273.885,-12.4845,1,1,55.4482
85.0833,0.970252,-7.34831,263.281,273.781,-12.4845,1,1,55.4482
85.0917,0.969917,-7.3483,263.177,273.677,-12.4845,1,1,55.4482
85.1,0.969582,-7.3483,263.073,273.573,-12.4845,1,1,55.4482
85.1083,0.969246,-7.34829,262.969,273.469,-12.4844,1,1,55.4482
85.1167,0.968911,-7.34829,262.865,273.365,-12.4844,1,1,55.4482
85.125,0.968576,-7.34828,262.761,273.261,-12.4844,1,1,55.4482
85.1333,0.96824,-7.34828,262.656,273.156,-12.4844,1,1,55.4482
85.1417,0.967905,-7.34827,262.552,273.052,-12.4844,1,1,55.4482
85.15,0.96757,-7.34827,262.448,272.948,-12.4843,1,1,55.4482
85.1583,0.967234,-7.34826,262.344,272.844,-12.4843,1,1,55.4482
85.1667,0.966899,-7.34826,262.24,272.74,-12.4843,1,1,55.4482
85.175,0.966564,-7.34825,262.136,272.636,-12.4843,1,1,55.4482
85.1833,0.966229,-7.34825,262.032,272.532,-12.4843,1,1,55.4482
85.1917,0.965893,-7.34824,261.928,272.428,-12.4842,1,1,55.4482
85.2,0.965558,-7.34824,261.824,272.324,-12.4842,1,1,55.4482
85.2083,0.965223,-7.34823,261.72,272.22,-12.4842,1,1,55.4482
85.2167,0.964887,-7.34823,261.616,272.116,-12.4842,1,1,55.4482
85.225,0.964552,-7.34823,261.512,272.012,-12.4842,1,1,55.4482
85.2333,0.964217,-7.34822,261.408,271.908,-12.4841,1,1,55.4482
85.2417,0.963881,-7.34822,261.304,271.804,-12.4841,1,1,55.4482
85.25,0.963546,-7.34821,261.2,271.7,-12.4841,1,1,55.4482
85.2583,0.963211,-7.34821,261.096,271.596,-12.4841,1,1,55.4482
85.2667,0.962875,-7.3482,260.992,271.492,-12.4841,1,1,55.4482
85.275,0.96254,-7.3482,260.888,271.388,-12.4841,1,1,55.4482
85.2833,0.962205,-7.34819,260.784,271.284,-12.484,1,1,55.4482
85.2917,0.96187,-7.34819,260.68,271.18,-12.484,1,1,55.4482
85.3,0.961534,-7.34818,260.576,271.076,-12.484,1,1,55.4482
85.3083,0.961199,-7.34818,260.472,270.972,-12.484,1,1,55.4482
85.3167,0.960864,-7.34817,260.368,270.868,-12.484,1,1,55.4482
85.325,0.960528,-7.34817,260.264,270.764,-12.4839,1,1,55.4482
85.3333,0.960193,-7.34816,260.16,270.66,-12.4839,1,1,55.4482
85.3417,0.959858,-7.34816,260.056,270.556,-12.4839,1,1,55.4482
85.35,0.959522,-7.34816,259.952,270.452,-12.4839,1,1,55.4482
85.3583,0.959187,-7.34815,259.848,270.348,-12.4839,1,1,55.4482
85.3667,0.958852,-7.34815,259.744,270.244,-12.4838,1,1,55.4482
85.375,0.958516,-7.34814,259.639,270.139,-12.4838,1,1,55.4482
85.3833,0.958181,-7.34814,259.535,270.035,-12.4838,1,1,55.4482
85.3917,0.957846,-7.34813,259.431,269.931,-12.4838,1,1,55.4482
85.4,0.957511,-7.34813,259.327,269.827,-12.4838,1,1,55.4482
85.4083,0.957175,-7.34812,259.223,269.723,-12.4837,1,1,55.4482
85.4167,0.95684,-7.34812,259.119,269.619,-12.4837,1,1,55.4482
85.425,0.956505,-7.34811,259.015,269.515,-12.4837,1,1,55.4482
85.4333,0.956169,-7.34811,258.911,269.411,-12.4837,1,1,55.4482
85.4417,0.955834,-7.3481,258.807,269.307,-12.4837,1,1,55.4482
85.45,0.955499,-7.3481,258.703,269.203,-12.4837,1,1,55.4482
85.4583,0.955163,-7.34809,258.599,269.099,-12.4836,1,1,55.4482
85.4667,0.954828,-7.34809,258.495,268.995,-12.4836,1,1,55.4482
85.475,0.954493,-7.34808,258.391,268.891,-12.4836,1,1,55.4482
85.4833,0.954158,-7.34808,258.287,268.787,-12.4836,1,1,55.4482
85.4917,0.953822,-7.34808,258.183,268.683,-12.4836,1,1,55.4482
85.5,0.953487,-7.34807,258.079,268.579,-12.4835,1,1,55.4482
85.5083,0.953152,-7.34807,257.975,268.475,-12.4835,1,1,55.4482
85.5167,0.952816,-7.34806,257.871,268.371,-12.4835,1,1,55.4482
85.525,0.952481,-7.34806,257.767,268.267,-12.4835,1,1,55.4482
85.5333,0.952146,-7.34805,257.663,268.163,-12.4835,1,1,55.4482
85.5417,0.95181,-7.34805,257.559,268.059,-12.4834,1,1,55.4482
85.55,0.951475,-7.34804,257.455,267.955,-12.4834,1,1,55.4482
85.5583,0.95114,-7.34804,257.351,267.851,-12.4834,1,1,55.4482
85.5667,0.950805,-7.34803,257.247,267.747,-12.4834,1,1,55.4482
85.575,0.950469,-7.34803,257.143,267.643,-12.4834,1,1,55.4482
85.5833,0.950134,-7.34802,257.039,267.539,-12.4834,1,1,55.4482
85.5917,0.949799,-7.34802,256.935,267.435,-12.4833,1,1,55.4482
85.6,0.949463,-7.34801,256.831,267.331,-12.4833,1,1,55.4482
85.6083,0.949128,-7.34801,256.727,267.227,-12.4833,1,1,55.4482
85.6167,0.948793,-7.34801,256.623,267.123,-12.4833,1,1,55.4482
85.625,0.948458,-7.348,256.519,267.019,-12.4833,1,1,55.4482
85.6333,0.948122,-7.348,256.415,266.915,-12.4832,1,1,55.4482
85.6417,0.947787,-7.34799,256.311,266.811,-12.4832,1,1,55.4482
85.65,0.947452,-7.34799,256.207,266.707,-12.4832,1,1,55.4482
85.6583,0.947116,-7.34798,256.102,266.602,-12.4832,1,1,55.4482
85.6667,0.946781,-7.34798,255.998,266.498,-12.4832,1,1,55.4482
85.675,0.946446,-7.34797,255.894,266.394,-12.4831,1,1,55.4482
85.6833,0.946111,-7.34797,255.79,266.29,-12.4831,1,1,55.4482
85.6917,0.945775,-7.34796,255.686,266.186,-12.4831,1,1,55.4482
85.7,0.94544,-7.34796,255.582,266.082,-12.4831,1,1,55.4482
85.7083,0.945105,-7.34795,255.478,265.978,-12.4831,1,1,55.4482
85.7167,0.944769,-7.34795,255.374,265.874,-12.483,1,1,55.4482
85.725,0.944434,-7.34794,255.27,265.77,-12.483,1,1,55.4482
85.7333,0.944099,-7.34794,255.166,265.666,-12.483,1,1,55.4482
85.7417,0.943764,-7.34794,255.062,265.562,-12.483,1,1,55.4482
85.75,0.943428,-7.34793,254.958,265.458,-12.483,1,1,55.4482
85.7583,0.943093,-7.34793,254.854,265.354,-12.483,1,1,55.4482
85.7667,0.942758,-7.34792,254.75,265.25,-12.4829,1,1,55.4482
85.775,0.942422,-7.34792,254.646,265.146,-12.4829,1,1,55.4482
85.7833,0.942087,-7.34791,254.542,265.042,-12.4829,1,1,55.4482
85.7917,0.941752,-7.34791,254.438,264.938,-12.4829,1,1,55.4482
85.8,0.941417,-7.3479,254.334,264.834,-12.4829,1,1,55.4482
85.8083,0.941081,-7.3479,254.23,264.73,-12.4828,1,1,55.4482
85.8167,0.940746,-7.34789,254.126,264.626,-12.4828,1,1,55.4482
85.825,0.940411,-7.34789,254.022,264.522,-12.4828,1,1,55.4482
85.8333,0.940076,-7.34788,253.918,264.418,-12.4828,1,1,55.4482
85.8417,0.93974,-7.34788,253.814,264.314,-12.4828,1,1,55.4482
85.85,0.939405,-7.34787,253.71,264.21,-12.4827,1,1,55.4482
85.8583,0.93907,-7.34787,253.606,264.106,-12.4827,1,1,55.4482
85.8667,0.938734,-7.34786,253.502,264.002,-12.4827,1,1,55.4482
85.875,0.938399,-7.34786,253.398,263.898,-12.4827,1,1,55.4482
85.8833,0.938064,-7.34786,253.294,263.794,-12.4827,1,1,55.4482
85.8917,0.937729,-7.34785,253.19,263.69,-12.4826,1,1,55.4482
85.9,0.937393,-7.34785,253.086,263.586,-12.4826,1,1,55.4482
85.9083,0.937058,-7.34784,252.982,263.482,-12.4826,1,1,55.4482
85.9167,0.936723,-7.34784,252.878,263.378,-12.4826,1,1,55.4482
85.925,0.936388,-7.34783,252.774,263.274,-12.4826,1,1,55.4482
85.9333,0.936052,-7.34783,252.67,263.17,-12.4826,1,1,55.4482
85.9417,0.935717,-7.34782,252.566,263.066,-12.4825,1,1,55.4482
85.95,0.935382,-7.34782,252.462,262.962,-12.4825,1,1,55.4482
85.9583,0.935046,-7.34781,252.358,262.858,-12.4825,1,1,55.4482
85.9667,0.934711,-7.34781,252.254,262.754,-12.4825,1,1,55.4482
85.975,0.934376,-7.3478,252.15,262.65,-12.4825,1,1,55.4482
85.9833,0.934041,-7.3478,252.046,262.546,-12.4824,1,1,55.4482
85.9917,0.933705,-7.34779,251.942,262.442,-12.4824,1,1,55.4482
86,0.93337,-7.34779,251.837,262.337,-12.4824,1,1,55.4482
86.0083,0.933035,-7.34779,251.733,262.233,-12.4824,1,1,55.4482
86.0167,0.9327,-7.34778,251.629,262.129,-12.4824,1,1,55.4482
86.025,0.932364,-7.34778,251.525,262.025,-12.4823,1,1,55.4482
86.0333,0.932029,-7.34777,251.421,261.921,-12.4823,1,1,55.4482
86.0417,0.931694,-7.34777,251.317,261.817,-12.4823,1,1,55.4482
86.05,0.931359,-7.34776,251.213,261.713,-12.4823,1,1,55.4482
86.0583,0.931023,-7.34776,251.109,261.609,-12.4823,1,1,55.4482
86.0667,0.930688,-7.34775,251.005,261.505,-12.4823,1,1,55.4482
86.075,0.930353,-7.34775,250.901,261.401,-12.4822,1,1,55.4482
86.0833,0.930018,-7.34774,250.797,261.297,-12.4822,1,1,55.4482
86.0917,0.929682,-7.34774,250.693,261.193,-12.4822,1,1,55.4482
86.1,0.929347,-7.34773,250.589,261.089,-12.4822,1,1,55.4482
86.1083,0.929012,-7.34773,250.485,260.985,-12.4822,1,1,55.4482
86.1167,0.928677,-7.34772,250.381,260.881,-12.4821,1,1,55.4482
86.125,0.928341,-7.34772,250.277,260.777,-12.4821,1,1,55.4482
86.1333,0.928006,-7.34772,250.173,260.673,-12.4821,1,1,55.4482
86.1417,0.927671,-7.34771,250.069,260.569,-12.4821,1,1,55.4482
86.15,0.927335,-7.34771,249.965,260.465,-12.4821,1,1,55.4482
86.1583,0.927,-7.3477,249.861,260.361,-12.482,1,1,55.4482
86.1667,0.926665,-7.3477,249.757,260.257,-12.482,1,1,55.4482
86.175,0.92633,-7.34769,249.653,260.153,-12.482,1,1,55.4482
86.1833,0.925994,-7.34769,249.549,260.049,-12.482,1,1,55.4482
86.1917,0.925659,-7.34768,249.445,259.945,-12.482,1,1,55.4482
86.2,0.925324,-7.34768,249.341,259.841,-12.4819,1,1,55.4482
86.2083,0.924989,-7.34767,249.237,259.737,-12.4819,1,1,55.4482
86.2167,0.924653,-7.34767,249.133,259.633,-12.4819,1,1,55.4482
86.225,0.924318,-7.34766,249.029,259.529,-12.4819,1,1,55.4482
86.2333,0.923983,-7.34766,248.925,259.425,-12.4819,1,1,55.4482
86.2417,0.923648,-7.34765,248.821,259.321,-12.4819,1,1,55.4482
86.25,0.923312,-7.34765,248.717,259.217,-12.4818,1,1,55.4482
86.2583,0.922977,-7.34764,248.613,259.113,-12.4818,1,1,55.4482
86.2667,0.922642,-7.34764,248.509,259.009,-12.4818,1,1,55.4482
86.275,0.922307,-7.34764,248.405,258.905,-12.4818,1,1,55.4482
86.2833,0.921971,-7.34763,248.301,258.801,-12.4818,1,1,55.4482
86.2917,0.921636,-7.34763,248.197,258.697,-12.4817,1,1,55.4482
86.3,0.921301,-7.34762,248.093,258.593,-12.4817,1,1,55.4482
86.3083,0.920966,-7.34762,247.989,258.489,-12.4817,1,1,55.4482
86.3167,0.92063,-7.34761,247.885,258.385,-12.4817,1,1,55.4482
86.325,0.920295,-7.34761,247.781,258.281,-12.4817,1,1,55.4482
86.3333,0.91996,-7.3476,247.677,258.177,-12.4816,1,1,55.4482
86.3417,0.919625,-7.3476,247.573,258.073,-12.4816,1,1,55.4482
86.35,0.91929,-7.34759,247.469,257.969,-12.4816,1,1,55.4482
86.3583,0.918954,-7.34759,247.365,257.865,-12.4816,1,1,55.4482
86.3667,0.918619,-7.34758,247.261,257.761,-12.4816,1,1,55.4482
86.375,0.918284,-7.34758,247.157,257.657,-12.4815,1,1,55.4482
86.3833,0.917949,-7.34757,247.053,257.553,-12.4815,1,1,55.4482
86.3917,0.917613,-7.34757,246.949,257.449,-12.4815,1,1,55.4482
86.4,0.917278,-7.34757,246.845,257.345,-12.4815,1,1,55.4482
86.4083,0.916943,-7.34756,246.741,257.241,-12.4815,1,1,55.4482
86.4167,0.916608,-7.34756,246.637,257.137,-12.4815,1,1,55.4482
86.425,0.916272,-7.34755,246.533,257.033,-12.4814,1,1,55.4482
86.4333,0.915937,-7.34755,246.429,256.929,-12.4814,1,1,55.4482
86.4417,0.915602,-7.34754,246.325,256.825,-12.4814,1,1,55.4482
86.45,0.915267,-7.34754,246.221,256.721,-12.4814,1,1,55.4482
86.4583,0.914931,-7.34753,246.117,256.617,-12.4814,1,1,55.4482
86.4667,0.914596,-7.34753,246.013,256.513,-12.4813,1,1,55.4482
86.475,0.914261,-7.34752,245.909,256.409,-12.4813,1,1,55.4482
86.4833,0.913926,-7.34752,245.805,256.305,-12.4813,1,1,55.4482
86.4917,0.91359,-7.34751,245.701,256.201,-12.4813,1,1,55.4482
86.5,0.913255,-7.34751,245.597,256.097,-12.4813,1,1,55.4482
86.5083,0.91292,-7.3475,245.493,255.993,-12.4812,1,1,55.4482
86.5167,0.912585,-7.3475,245.389,255.889,-12.4812,1,1,55.4482
86.525,0.91225,-7.34749,245.285,255.785,-12.4812,1,1,55.4482
86.5333,0.911914,-7.34749,245.181,255.681,-12.4812,1,1,55.4482
86.5417,0.911579,-7.34749,245.076,255.576,-12.4812,1,1,55.4482
86.55,0.911244,-7.34748,244.972,255.472,-12.4812,1,1,55.4482
86.5583,0.910909,-7.34748,244.868,255.368,-12.4811,1,1,55.4482
86.5667,0.910573,-7.34747,244.764,255.264,-12.4811,1,1,55.4482
86.575,0.910238,-7.34747,244.66,255.16,-12.4811,1,1,55.4482
86.5833,0.909903,-7.34746,244.556,255.056,-12.4811,1,1,55.4482
86.5917,0.909568,-7.34746,244.452,254.952,-12.4811,1,1,55.4482
86.6,0.909232,-7.34745,244.348,254.848,-12.481,1,1,55.4482
86.6083,0.908897,-7.34745,244.244,254.744,-12.481,1,1,55.4482
86.6167,0.908562,-7.34744,244.14,254.64,-12.481,1,1,55.4482
86.625,0.908227,-7.34744,244.036,254.536,-12.481,1,1,55.4482
86.6333,0.907892,-7.34743,243.932,254.432,-12.481,1,1,55.4482
86.6417,0.907556,-7.34743,243.828,254.328,-12.4809,1,1,55.4482
86.65,0.907221,-7.34742,243.724,254.224,-12.4809,1,1,55.4482
86.6583,0.906886,-7.34742,243.62,254.12,-12.4809,1,1,55.4482
86.6667,0.906551,-7.34742,243.516,254.016,-12.4809,1,1,55.4482
86.675,0.906215,-7.34741,243.412,253.912,-12.4809,1,1,55.4482
86.6833,0.90588,-7.34741,243.308,253.808,-12.4808,1,1,55.4482
86.6917,0.905545,-7.3474,243.204,253.704,-12.4808,1,1,55.4482
86.7,0.90521,-7.3474,243.1,253.6,-12.4808,1,1,55.4482
86.7083,0.904875,-7.34739,242.996,253.496,-12.4808,1,1,55.4482
86.7167,0.904539,-7.34739,242.892,253.392,-12.4808,1,1,55.4482
86.725,0.904204,-7.34738,242.788,253.288,-12.4808,1,1,55.4482
86.7333,0.903869,-7.34738,242.684,253.184,-12.4807,1,1,55.4482
86.7417,0.903534,-7.34737,242.58,253.08,-12.4807,1,1,55.4482
86.75,0.903198,-7.34737,242.476,252.976,-12.4807,1,1,55.4482
86.7583,0.902863,-7.34736,242.372,252.872,-12.4807,1,1,55.4482
86.7667,0.902528,-7.34736,242.268,252.768,-12.4807,1,1,55.4482
86.775,0.902193,-7.34735,242.164,252.664,-12.4806,1,1,55.4482
86.7833,0.901858,-7.34735,242.06,252.56,-12.4806,1,1,55.4482
86.7917,0.901522,-7.34735,241.956,252.456,-12.4806,1,1,55.4482
86.8,0.901187,-7.34734,241.852,252.352,-12.4806,1,1,55.4482
86.8083,0.900852,-7.34734,241.748,252.248,-12.4806,1,1,55.4482
86.8167,0.900517,-7.34733,241.644,252.144,-12.4805,1,1,55.4482
86.825,0.900181,-7.34733,241.54,252.04,-12.4805,1,1,55.4482
86.8333,0.899846,-7.34732,241.436,251.936,-12.4805,1,1,55.4482
86.8417,0.899511,-7.34732,241.332,251.832,-12.4805,1,1,55.4482
86.85,0.899176,-7.34731,241.228,251.728,-12.4805,1,1,55.4482
86.8583,0.898841,-7.34731,241.124,251.624,-12.4804,1,1,55.4482
86.8667,0.898505,-7.3473,241.02,251.52,-12.4804,1,1,55.4482
86.875,0.89817,-7.3473,240.916,251.416,-12.4804,1,1,55.4482
86.8833,0.897835,-7.34729,240.812,251.312,-12.4804,1,1,55.4482
86.8917,0.8975,-7.34729,240.708,251.208,-12.4804,1,1,55.4482
86.9,0.897165,-7.34728,240.604,251.104,-12.4804,1,1,55.4482
86.9083,0.896829,-7.34728,240.5,251,-12.4803,1,1,55.4482
86.9167,0.896494,-7.34727,240.396,250.896,-12.4803,1,1,55.4482
86.925,0.896159,-7.34727,240.292,250.792,-12.4803,1,1,55.4482
86.9333,0.895824,-7.34727,240.188,250.688,-12.4803,1,1,55.4482
86.9417,0.895489,-7.34726,240.084,250.584,-12.4803,1,1,55.4482
86.95,0.895153,-7.34726,239.98,250.48,-12.4802,1,1,55.4482
86.9583,0.894818,-7.34725,239.876,250.376,-12.4802,1,1,55.4482
86.9667,0.894483,-7.34725,239.772,250.272,-12.4802,1,1,55.4482
86.975,0.894148,-7.34724,239.668,250.168,-12.4802,1,1,55.4482
86.9833,0.893812,-7.34724,239.564,250.064,-12.4802,1,1,55.4482
86.9917,0.893477,-7.34723,239.46,249.96,-12.4801,1,1,55.4482
87,0.893142,-7.34723,239.356,249.856,-12.4801,1,1,55.4482
87.0083,0.892807,-7.34722,239.252,249.752,-12.4801,1,1,55.4482
87.0167,0.892472,-7.34722,239.148,249.648,-12.4801,1,1,55.4482
87.025,0.892136,-7.34721,239.044,249.544,-12.4801,1,1,55.4482
87.0333,0.891801,-7.34721,238.94,249.44,-12.4801,1,1,55.4482
87.0417,0.891466,-7.3472,238.836,249.336,-12.48,1,1,55.4482
87.05,0.891131,-7.3472,238.732,249.232,-12.48,1,1,55.4482
87.0583,0.890796,-7.3472,238.628,249.128,-12.48,1,1,55.4482
87.0667,0.89046,-7.34719,238.524,249.024,-12.48,1,1,55.4482
87.075,0.890125,-7.34719,238.42,248.92,-12.48,1,1,55.4482
87.0833,0.88979,-7.34718,238.316,248.816,-12.4799,1,1,55.4482
87.0917,0.889455,-7.34718,238.212,248.712,-12.4799,1,1,55.4482
87.1,0.88912,-7.34717,238.108,248.608,-12.4799,1,1,55.4482
87.1083,0.888784,-7.34717,238.004,248.504,-12.4799,1,1,55.4482
87.1167,0.888449,-7.34716,237.9,248.4,-12.4799,1,1,55.4482
87.125,0.888114,-7.34716,237.796,248.296,-12.4798,1,1,55.4482
87.1333,0.887779,-7.34715,237.692,248.192,-12.4798,1,1,55.4482
87.1417,0.887444,-7.34715,237.588,248.088,-12.4798,1,1,55.4482
87.15,0.887108,-7.34714,237.484,247.984,-12.4798,1,1,55.4482
87.1583,0.886773,-7.34714,237.38,247.88,-12.4798,1,1,55.4482
87.1667,0.886438,-7.34713,237.276,247.776,-12.4797,1,1,55.4482
87.175,0.886103,-7.34713,237.172,247.672,-12.4797,1,1,55.4482
87.1833,0.885768,-7.34713,237.068,247.568,-12.4797,1,1,55.4482
87.1917,0.885433,-7.34712,236.964,247.464,-12.4797,1,1,55.4482
87.2,0.885097,-7.34712,236.86,247.36,-12.4797,1,1,55.4482
87.2083,0.884762,-7.34711,236.756,247.256,-12.4797,1,1,55.4482
87.2167,0.884427,-7.34711,236.652,247.152,-12.4796,1,1,55.4482
87.225,0.884092,-7.3471,236.548,247.048,-12.4796,1,1,55.4482
87.2333,0.883757,-7.3471,236.444,246.944,-12.4796,1,1,55.4482
87.2417,0.883421,-7.34709,236.34,246.84,-12.4796,1,1,55.4482
87.25,0.883086,-7.34709,236.236,246.736,-12.4796,1,1,55.4482
87.2583,0.882751,-7.34708,236.132,246.632,-12.4795,1,1,55.4482
87.2667,0.882416,-7.34708,236.028,246.528,-12.4795,1,1,55.4482
87.275,0.882081,-7.34707,235.924,246.424,-12.4795,1,1,55.4482
87.2833,0.881745,-7.34707,235.82,246.32,-12.4795,1,1,55.4482
87.2917,0.88141,-7.34706,235.716,246.216,-12.4795,1,1,55.4482
87.3,0.881075,-7.34706,235.612,246.112,-12.4794,1,1,55.4482
87.3083,0.88074,-7.34705,235.508,246.008,-12.4794,1,1,55.4482
87.3167,0.880405,-7.34705,235.404,245.904,-12.4794,1,1,55.4482
87.325,0.88007,-7.34705,235.3,245.8,-12.4794,1,1,55.4482
87.3333,0.879734,-7.34704,235.196,245.696,-12.4794,1,1,55.4482
87.3417,0.879399,-7.34704,235.092,245.592,-12.4793,1,1,55.4482
87.35,0.879064,-7.34703,234.988,245.488,-12.4793,1,1,55.4482
87.3583,0.878729,-7.34703,234.884,245.384,-12.4793,1,1,55.4482
87.3667,0.878394,-7.34702,234.78,245.28,-12.4793,1,1,55.4482
87.375,0.878058,-7.34702,234.676,245.176,-12.4793,1,1,55.4482
87.3833,0.877723,-7.34701,234.572,245.072,-12.4793,1,1,55.4482
87.3917,0.877388,-7.34701,234.468,244.968,-12.4792,1,1,55.4482
87.4,0.877053,-7.347,234.364,244.864,-12.4792,1,1,55.4482
87.4083,0.876718,-7.347,234.26,244.76,-12.4792,1,1,55.4482
87.4167,0.876383,-7.34699,234.156,244.656,-12.4792,1,1,55.4482
87.425,0.876047,-7.34699,234.052,244.552,-12.4792,1,1,55.4482
87.4333,0.875712,-7.34698,233.948,244.448,-12.4791,1,1,55.4482
87.4417,0.875377,-7.34698,233.844,244.344,-12.4791,1,1,55.4482
87.45,0.875042,-7.34698,233.74,244.24,-12.4791,1,1,55.4482
87.4583,0.874707,-7.34697,233.636,244.136,-12.4791,1,1,55.4482
87.4667,0.874371,-7.34697,233.532,244.032,-12.4791,1,1,55.4482
87.475,0.874036,-7.34696,233.428,243.928,-12.479,1,1,55.4482
87.4833,0.873701,-7.34696,233.324,243.824,-12.479,1,1,55.4482
87.4917,0.873366,-7.34695,233.22,243.72,-12.479,1,1,55.4482
87.5,0.873031,-7.34695,233.116,243.616,-12.479,1,1,55.4482
87.5083,0.872696,-7.34694,233.012,243.512,-12.479,1,1,55.4482
87.5167,0.87236,-7.34694,232.908,243.408,-12.479,1,1,55.4482
87.525,0.872025,-7.34693,232.804,243.304,-12.4789,1,1,55.4482
87.5333,0.87169,-7.34693,232.7,243.2,-12.4789,1,1,55.4482
87.5417,0.871355,-7.34692,232.596,243.096,-12.4789,1,1,55.4482
87.55,0.87102,-7.34692,232.492,242.992,-12.4789,1,1,55.4482
87.5583,0.870685,-7.34691,232.388,242.888,-12.4789,1,1,55.4482
87.5667,0.870349,-7.34691,232.284,242.784,-12.4788,1,1,55.4482
87.575,0.870014,-7.34691,232.18,242.68,-12.4788,1,1,55.4482
87.5833,0.869679,-7.3469,232.076,242.576,-12.4788,1,1,55.4482
87.5917,0.869344,-7.3469,231.972,242.472,-12.4788,1,1,55.4482
87.6,0.869009,-7.34689,231.868,242.368,-12.4788,1,1,55.4482
87.6083,0.868674,-7.34689,231.764,242.264,-12.4787,1,1,55.4482
87.6167,0.868338,-7.34688,231.66,242.16,-12.4787,1,1,55.4482
87.625,0.868003,-7.34688,231.556,242.056,-12.4787,1,1,55.4482
87.6333,0.867668,-7.34687,231.453,241.953,-12.4787,1,1,55.4482
87.6417,0.867333,-7.34687,231.349,241.849,-12.4787,1,1,55.4482
87.65,0.866998,-7.34686,231.245,241.745,-12.4786,1,1,55.4482
87.6583,0.866663,-7.34686,231.141,241.641,-12.4786,1,1,55.4482
87.6667,0.866327,-7.34685,231.037,241.537,-12.4786,1,1,55.4482
87.675,0.865992,-7.34685,230.933,241.433,-12.4786,1,1,55.4482
87.6833,0.865657,-7.34684,230.829,241.329,-12.4786,1,1,55.4482
87.6917,0.865322,-7.34684,230.725,241.225,-12.4786,1,1,55.4482
87.7,0.864987,-7.34683,230.621,241.121,-12.4785,1,1,55.4482
87.7083,0.864652,-7.34683,230.517,241.017,-12.4785,1,1,55.4482
87.7167,0.864316,-7.34683,230.413,240.913,-12.4785,1,1,55.4482
87.725,0.863981,-7.34682,230.309,240.809,-12.4785,1,1,55.4482
87.7333,0.863646,-7.34682,230.205,240.705,-12.4785,1,1,55.4482
87.7417,0.863311,-7.34681,230.101,240.601,-12.4784,1,1,55.4482
87.75,0.862976,-7.34681,229.997,240.497,-12.4784,1,1,55.4482
87.7583,0.862641,-7.3468,229.893,240.393,-12.4784,1,1,55.4482
87.7667,0.862305,-7.3468,229.789,240.289,-12.4784,1,1,55.4482
87.775,0.86197,-7.34679,229.685,240.185,-12.4784,1,1,55.4482
87.7833,0.861635,-7.34679,229.581,240.081,-12.4783,1,1,55.4482
87.7917,0.8613,-7.34678,229.477,239.977,-12.4783,1,1,55.4482
87.8,0.860965,-7.34678,229.373,239.873,-12.4783,1,1,55.4482
87.8083,0.86063,-7.34677,229.269,239.769,-12.4783,1,1,55.4482
87.8167,0.860295,-7.34677,229.165,239.665,-12.4783,1,1,55.4482
87.825,0.859959,-7.34676,229.061,239.561,-12.4782,1,1,55.4482
87.8333,0.859624,-7.34676,228.957,239.457,-12.4782,1,1,55.4482
87.8417,0.859289,-7.34676,228.853,239.353,-12.4782,1,1,55.4482
87.85,0.858954,-7.34675,228.749,239.249,-12.4782,1,1,55.4482
87.8583,0.858619,-7.34675,228.645,239.145,-12.4782,1,1,55.4482
87.8667,0.858284,-7.34674,228.541,239.041,-12.4782,1,1,55.4482
87.875,0.857948,-7.34674,228.437,238.937,-12.4781,1,1,55.4482
87.8833,0.857613,-7.34673,228.333,238.833,-12.4781,1,1,55.4482
87.8917,0.857278,-7.34673,228.229,238.729,-12.4781,1,1,55.4482
87.9,0.856943,-7.34672,228.125,238.625,-12.4781,1,1,55.4482
87.9083,0.856608,-7.34672,228.021,238.521,-12.4781,1,1,55.4482
87.9167,0.856273,-7.34671,227.917,238.417,-12.478,1,1,55.4482
87.925,0.855938,-7.34671,227.813,238.313,-12.478,1,1,55.4482
87.9333,0.855602,-7.3467,227.709,238.209,-12.478,1,1,55.4482
87.9417,0.855267,-7.3467,227.605,238.105,-12.478,1,1,55.4482
87.95,0.854932,-7.34669,227.501,238.001,-12.478,1,1,55.4482
87.9583,0.854597,-7.34669,227.397,237.897,-12.4779,1,1,55.4482
87.9667,0.854262,-7.34669,227.293,237.793,-12.4779,1,1,55.4482
87.975,0.853927,-7.34668,227.189,237.689,-12.4779,1,1,55.4482
87.9833,0.853592,-7.34668,227.085,237.585,-12.4779,1,1,55.4482
87.9917,0.853256,-7.34667,226.981,237.481,-12.4779,1,1,55.4482
88,0.852921,-7.34667,226.877,237.377,-12.4779,1,1,55.4482
88.0083,0.852586,-7.34666,226.773,237.273,-12.4778,1,1,55.4482
88.0167,0.852251,-7.34666,226.669,237.169,-12.4778,1,1,55.4482
88.025,0.851916,-7.34665,226.565,237.065,-12.4778,1,1,55.4482
88.0333,0.851581,-7.34665,226.461,236.961,-12.4778,1,1,55.4482
88.0417,0.851246,-7.34664,226.357,236.857,-12.4778,1,1,55.4482
88.05,0.85091,-7.34664,226.253,236.753,-12.4777,1,1,55.4482
88.0583,0.850575,-7.34663,226.149,236.649,-12.4777,1,1,55.4482
88.0667,0.85024,-7.34663,226.045,236.545,-12.4777,1,1,55.4482
88.075,0.849905,-7.34662,225.941,236.441,-12.4777,1,1,55.4482
88.0833,0.84957,-7.34662,225.837,236.337,-12.4777,1,1,55.4482
88.0917,0.849235,-7.34661,225.733,236.233,-12.4776,1,1,55.4482
88.1,0.8489,-7.34661,225.629,236.129,-12.4776,1,1,55.4482
88.1083,0.848564,-7.34661,225.525,236.025,-12.4776,1,1,55.4482
88.1167,0.848229,-7.3466,225.421,235.921,-12.4776,1,1,55.4482
88.125,0.847894,-7.3466,225.317,235.817,-12.4776,1,1,55.4482
88.1333,0.847559,-7.34659,225.213,235.713,-12.4775,1,1,55.4482
88.1417,0.847224,-7.34659,225.109,235.609,-12.4775,1,1,55.4482
88.15,0.846889,-7.34658,225.005,235.505,-12.4775,1,1,55.4482
88.1583,0.846554,-7.34658,224.901,235.401,-12.4775,1,1,55.4482
88.1667,0.846219,-7.34657,224.797,235.297,-12.4775,1,1,55.4482
88.175,0.845883,-7.34657,224.694,235.194,-12.4775,1,1,55.4482
88.1833,0.845548,-7.34656,224.59,235.09,-12.4774,1,1,55.4482
88.1917,0.845213,-7.34656,224.486,234.986,-12.4774,1,1,55.4482
88.2,0.844878,-7.34655,224.382,234.882,-12.4774,1,1,55.4482
88.2083,0.844543,-7.34655,224.278,234.778,-12.4774,1,1,55.4482
88.2167,0.844208,-7.34654,224.174,234.674,-12.4774,1,1,55.4482
88.225,0.843873,-7.34654,224.07,234.57,-12.4773,1,1,55.4482
88.2333,0.843538,-7.34654,223.966,234.466,-12.4773,1,1,55.4482
88.2417,0.843202,-7.34653,223.862,234.362,-12.4773,1,1,55.4482
88.25,0.842867,-7.34653,223.758,234.258,-12.4773,1,1,55.4482
88.2583,0.842532,-7.34652,223.654,234.154,-12.4773,1,1,55.4482
88.2667,0.842197,-7.34652,223.55,234.05,-12.4772,1,1,55.4482
88.275,0.841862,-7.34651,223.446,233.946,-12.4772,1,1,55.4482
88.2833,0.841527,-7.34651,223.342,233.842,-12.4772,1,1,55.4482
88.2917,0.841192,-7.3465,223.238,233.738,-12.4772,1,1,55.4482
88.3,0.840856,-7.3465,223.134,233.634,-12.4772,1,1,55.4482
88.3083,0.840521,-7.34649,223.03,233.53,-12.4772,1,1,55.4482
88.3167,0.840186,-7.34649,222.926,233.426,-12.4771,1,1,55.4482
88.325,0.839851,-7.34648,222.822,233.322,-12.4771,1,1,55.4482
88.3333,0.839516,-7.34648,222.718,233.218,-12.4771,1,1,55.4482
88.3417,0.839181,-7.34647,222.614,233.114,-12.4771,1,1,55.4482
88.35,0.838846,-7.34647,222.51,233.01,-12.4771,1,1,55.4482
88.3583,0.838511,-7.34647,222.406,232.906,-12.477,1,1,55.4482
88.3667,0.838176,-7.34646,222.302,232.802,-12.477,1,1,55.4482
88.375,0.83784,-7.34646,222.198,232.698,-12.477,1,1,55.4482
88.3833,0.837505,-7.34645,222.094,232.594,-12.477,1,1,55.4482
88.3917,0.83717,-7.34645,221.99,232.49,-12.477,1,1,55.4482
88.4,0.836835,-7.34644,221.886,232.386,-12.4769,1,1,55.4482
88.4083,0.8365,-7.34644,221.782,232.282,-12.4769,1,1,55.4482
88.4167,0.836165,-7.34643,221.678,232.178,-12.4769,1,1,55.4482
88.425,0.83583,-7.34643,221.574,232.074,-12.4769,1,1,55.4482
88.4333,0.835495,-7.34642,221.47,231.97,-12.4769,1,1,55.4482
88.4417,0.835159,-7.34642,221.366,231.866,-12.4768,1,1,55.4482
88.45,0.834824,-7.34641,221.262,231.762,-12.4768,1,1,55.4482
88.4583,0.834489,-7.34641,221.158,231.658,-12.4768,1,1,55.4482
88.4667,0.834154,-7.3464,221.054,231.554,-12.4768,1,1,55.4482
88.475,0.833819,-7.3464,220.95,231.45,-12.4768,1,1,55.4482
88.4833,0.833484,-7.3464,220.846,231.346,-12.4768,1,1,55.4482
88.4917,0.833149,-7.34639,220.742,231.242,-12.4767,1,1,55.4482
88.5,0.832814,-7.34639,220.638,231.138,-12.4767,1,1,55.4482
88.5083,0.832479,-7.34638,220.534,231.034,-12.4767,1,1,55.4482
88.5167,0.832143,-7.34638,220.43,230.93,-12.4767,1,1,55.4482
88.525,0.831808,-7.34637,220.327,230.827,-12.4767,1,1,55.4482
88.5333,0.831473,-7.34637,220.223,230.723,-12.4766,1,1,55.4482
88.5417,0.831138,-7.34636,220.119,230.619,-12.4766,1,1,55.4482
88.55,0.830803,-7.34636,220.015,230.515,-12.4766,1,1,55.4482
88.5583,0.830468,-7.34635,219.911,230.411,-12.4766,1,1,55.4482
88.5667,0.830133,-7.34635,219.807,230.307,-12.4766,1,1,55.4482
88.575,0.829798,-7.34634,219.703,230.203,-12.4765,1,1,55.4482
88.5833,0.829463,-7.34634,219.599,230.099,-12.4765,1,1,55.4482
88.5917,0.829127,-7.34633,219.495,229.995,-12.4765,1,1,55.4482
88.6,0.828792,-7.34633,219.391,229.891,-12.4765,1,1,55.4482
88.6083,0.828457,-7.34632,219.287,229.787,-12.4765,1,1,55.4482
88.6167,0.828122,-7.34632,219.183,229.683,-12.4764,1,1,55.4482
88.625,0.827787,-7.34632,219.079,229.579,-12.4764,1,1,55.4482
88.6333,0.827452,-7.34631,218.975,229.475,-12.4764,1,1,55.4482
88.6417,0.827117,-7.34631,218.871,229.371,-12.4764,1,1,55.4482
88.65,0.826782,-7.3463,218.767,229.267,-12.4764,1,1,55.4482
88.6583,0.826447,-7.3463,218.663,229.163,-12.4764,1,1,55.4482
88.6667,0.826112,-7.34629,218.559,229.059,-12.4763,1,1,55.4482
88.675,0.825776,-7.34629,218.455,228.955,-12.4763,1,1,55.4482
88.6833,0.825441,-7.34628,218.351,228.851,-12.4763,1,1,55.4482
88.6917,0.825106,-7.34628,218.247,228.747,-12.4763,1,1,55.4482
88.7,0.824771,-7.34627,218.143,228.643,-12.4763,1,1,55.4482
88.7083,0.824436,-7.34627,218.039,228.539,-12.4762,1,1,55.4482
88.7167,0.824101,-7.34626,217.935,228.435,-12.4762,1,1,55.4482
88.725,0.823766,-7.34626,217.831,228.331,-12.4762,1,1,55.4482
88.7333,0.823431,-7.34625,217.727,228.227,-12.4762,1,1,55.4482
88.7417,0.823096,-7.34625,217.623,228.123,-12.4762,1,1,55.4482
88.75,0.822761,-7.34625,217.519,228.019,-12.4761,1,1,55.4482
88.7583,0.822425,-7.34624,217.415,227.915,-12.4761,1,1,55.4482
88.7667,0.82209,-7.34624,217.311,227.811,-12.4761,1,1,55.4482
88.775,0.821755,-7.34623,217.207,227.707,-12.4761,1,1,55.4482
88.7833,0.82142,-7.34623,217.103,227.603,-12.4761,1,1,55.4482
88.7917,0.821085,-7.34622,216.999,227.499,-12.4761,1,1,55.4482
88.8,0.82075,-7.34622,216.896,227.396,-12.476,1,1,55.4482
88.8083,0.820415,-7.34621,216.792,227.292,-12.476,1,1,55.4482
88.8167,0.82008,-7.34621,216.688,227.188,-12.476,1,1,55.4482
88.825,0.819745,-7.3462,216.584,227.084,-12.476,1,1,55.4482
88.8333,0.81941,-7.3462,216.48,226.98,-12.476,1,1,55.4482
88.8417,0.819074,-7.34619,216.376,226.876,-12.4759,1,1,55.4482
88.85,0.818739,-7.34619,216.272,226.772,-12.4759,1,1,55.4482
88.8583,0.818404,-7.34618,216.168,226.668,-12.4759,1,1,55.4482
88.8667,0.818069,-7.34618,216.064,226.564,-12.4759,1,1,55.4482
88.875,0.817734,-7.34618,215.96,226.46,-12.4759,1,1,55.4482
88.8833,0.817399,-7.34617,215.856,226.356,-12.4758,1,1,55.4482
88.8917,0.817064,-7.34617,215.752,226.252,-12.4758,1,1,55.4482
88.9,0.816729,-7.34616,215.648,226.148,-12.4758,1,1,55.4482
88.9083,0.816394,-7.34616,215.544,226.044,-12.4758,1,1,55.4482
88.9167,0.816059,-7.34615,215.44,225.94,-12.4758,1,1,55.4482
88.925,0.815724,-7.34615,215.336,225.836,-12.4757,1,1,55.4482
88.9333,0.815389,-7.34614,215.232,225.732,-12.4757,1,1,55.4482
88.9417,0.815053,-7.34614,215.128,225.628,-12.4757,1,1,55.4482
88.95,0.814718,-7.34613,215.024,225.524,-12.4757,1,1,55.4482
88.9583,0.814383,-7.34613,214.92,225.42,-12.4757,1,1,55.4482
88.9667,0.814048,-7.34612,214.816,225.316,-12.4757,1,1,55.4482
88.975,0.813713,-7.34612,214.712,225.212,-12.4756,1,1,55.4482
88.9833,0.813378,-7.34611,214.608,225.108,-12.4756,1,1,55.4482
88.9917,0.813043,-7.34611,214.504,225.004,-12.4756,1,1,55.4482
89,0.812708,-7.34611,214.4,224.9,-12.4756,1,1,55.4482
89.0083,0.812373,-7.3461,214.296,224.796,-12.4756,1,1,55.4482
89.0167,0.812038,-7.3461,214.192,224.692,-12.4755,1,1,55.4482
89.025,0.811703,-7.34609,214.088,224.588,-12.4755,1,1,55.4482
89.0333,0.811368,-7.34609,213.984,224.484,-12.4755,1,1,55.4482
89.0417,0.811032,-7.34608,213.881,224.381,-12.4755,1,1,55.4482
89.05,0.810697,-7.34608,213.777,224.277,-12.4755,1,1,55.4482
89.0583,0.810362,-7.34607,213.673,224.173,-12.4754,1,1,55.4482
89.0667,0.810027,-7.34607,213.569,224.069,-12.4754,1,1,55.4482
89.075,0.809692,-7.34606,213.465,223.965,-12.4754,1,1,55.4482
89.0833,0.809357,-7.34606,213.361,223.861,-12.4754,1,1,55.4482
89.0917,0.809022,-7.34605,213.257,223.757,-12.4754,1,1,55.4482
89.1,0.808687,-7.34605,213.153,223.653,-12.4754,1,1,55.4482
89.1083,0.808352,-7.34604,213.049,223.549,-12.4753,1,1,55.4482
89.1167,0.808017,-7.34604,212.945,223.445,-12.4753,1,1,55.4482
89.125,0.807682,-7.34603,212.841,223.341,-12.4753,1,1,55.4482
89.1333,0.807347,-7.34603,212.737,223.237,-12.4753,1,1,55.4482
89.1417,0.807012,-7.34603,212.633,223.133,-12.4753,1,1,55.4482
89.15,0.806676,-7.34602,212.529,223.029,-12.4752,1,1,55.4482
89.1583,0.806341,-7.34602,212.425,222.925,-12.4752,1,1,55.4482
89.1667,0.806006,-7.34601,212.321,222.821,-12.4752,1,1,55.4482
89.175,0.805671,-7.34601,212.217,222.717,-12.4752,1,1,55.4482
89.1833,0.805336,-7.346,212.113,222.613,-12.4752,1,1,55.4482
89.1917,0.805001,-7.346,212.009,222.509,-12.4751,1,1,55.4482
89.2,0.804666,-7.34599,211.905,222.405,-12.4751,1,1,55.4482
89.2083,0.804331,-7.34599,211.801,222.301,-12.4751,1,1,55.4482
89.2167,0.803996,-7.34598,211.697,222.197,-12.4751,1,1,55.4482
89.225,0.803661,-7.34598,211.593,222.093,-12.4751,1,1,55.4482
89.2333,0.803326,-7.34597,211.489,221.989,-12.475,1,1,55.4482
89.2417,0.802991,-7.34597,211.385,221.885,-12.475,1,1,55.4482
89.25,0.802656,-7.34596,211.281,221.781,-12.475,1,1,55.4482
89.2583,0.802321,-7.34596,211.178,221.678,-12.475,1,1,55.4482
89.2667,0.801985,-7.34596,211.074,221.574,-12.475,1,1,55.4482
89.275,0.80165,-7.34595,210.97,221.47,-12.475,1,1,55.4482
89.2833,0.801315,-7.34595,210.866,221.366,-12.4749,1,1,55.4482
89.2917,0.80098,-7.34594,210.762,221.262,-12.4749,1,1,55.4482
89.3,0.800645,-7.34594,210.658,221.158,-12.4749,1,1,55.4482
89.3083,0.80031,-7.34593,210.554,221.054,-12.4749,1,1,55.4482
89.3167,0.799975,-7.34593,210.45,220.95,-12.4749,1,1,55.4482
89.325,0.79964,-7.34592,210.346,220.846,-12.4748,1,1,55.4482
89.3333,0.799305,-7.34592,210.242,220.742,-12.4748,1,1,55.4482
89.3417,0.79897,-7.34591,210.138,220.638,-12.4748,1,1,55.4482
89.35,0.798635,-7.34591,210.034,220.534,-12.4748,1,1,55.4482
89.3583,0.7983,-7.3459,209.93,220.43,-12.4748,1,1,55.4482
89.3667,0.797965,-7.3459,209.826,220.326,-12.4747,1,1,55.4482
89.375,0.79763,-7.34589,209.722,220.222,-12.4747,1,1,55.4482
89.3833,0.797295,-7.34589,209.618,220.118,-12.4747,1,1,55.4482
89.3917,0.79696,-7.34589,209.514,220.014,-12.4747,1,1,55.4482
89.4,0.796625,-7.34588,209.41,219.91,-12.4747,1,1,55.4482
89.4083,0.796289,-7.34588,209.306,219.806,-12.4746,1,1,55.4482
89.4167,0.795954,-7.34587,209.202,219.702,-12.4746,1,1,55.4482
89.425,0.795619,-7.34587,209.098,219.598,-12.4746,1,1,55.4482
89.4333,0.795284,-7.34586,208.994,219.494,-12.4746,1,1,55.4482
89.4417,0.794949,-7.34586,208.89,219.39,-12.4746,1,1,55.4482
89.45,0.794614,-7.34585,208.787,219.287,-12.4746,1,1,55.4482
89.4583,0.794279,-7.34585,208.683,219.183,-12.4745,1,1,55.4482
89.4667,0.793944,-7.34584,208.579,219.079,-12.4745,1,1,55.4482
89.475,0.793609,-7.34584,208.475,218.975,-12.4745,1,1,55.4482
89.4833,0.793274,-7.34583,208.371,218.871,-12.4745,1,1,55.4482
89.4917,0.792939,-7.34583,208.267,218.767,-12.4745,1,1,55.4482
89.5,0.792604,-7.34582,208.163,218.663,-12.4744,1,1,55.4482
89.5083,0.792269,-7.34582,208.059,218.559,-12.4744,1,1,55.4482
89.5167,0.791934,-7.34582,207.955,218.455,-12.4744,1,1,55.4482
89.525,0.791599,-7.34581,207.851,218.351,-12.4744,1,1,55.4482
89.5333,0.791264,-7.34581,207.747,218.247,-12.4744,1,1,55.4482
89.5417,0.790929,-7.3458,207.643,218.143,-12.4743,1,1,55.4482
89.55,0.790594,-7.3458,207.539,218.039,-12.4743,1,1,55.4482
89.5583,0.790259,-7.34579,207.435,217.935,-12.4743,1,1,55.4482
89.5667,0.789923,-7.34579,207.331,217.831,-12.4743,1,1,55.4482
89.575,0.789588,-7.34578,207.227,217.727,-12.4743,1,1,55.4482
89.5833,0.789253,-7.34578,207.123,217.623,-12.4743,1,1,55.4482
89.5917,0.788918,-7.34577,207.019,217.519,-12.4742,1,1,55.4482
89.6,0.788583,-7.34577,206.915,217.415,-12.4742,1,1,55.4482
89.6083,0.788248,-7.34576,206.811,217.311,-12.4742,1,1,55.4482
89.6167,0.787913,-7.34576,206.707,217.207,-12.4742,1,1,55.4482
89.625,0.787578,-7.34575,206.604,217.104,-12.4742,1,1,55.4482
89.6333,0.787243,-7.34575,206.5,217,-12.4741,1,1,55.4482
89.6417,0.786908,-7.34574,206.396,216.896,-12.4741,1,1,55.4482
89.65,0.786573,-7.34574,206.292,216.792,-12.4741,1,1,55.4482
89.6583,0.786238,-7.34574,206.188,216.688,-12.4741,1,1,55.4482
89.6667,0.785903,-7.34573,206.084,216.584,-12.4741,1,1,55.4482
89.675,0.785568,-7.34573,205.98,216.48,-12.474,1,1,55.4482
89.6833,0.785233,-7.34572,205.876,216.376,-12.474,1,1,55.4482
89.6917,0.784898,-7.34572,205.772,216.272,-12.474,1,1,55.4482
89.7,0.784563,-7.34571,205.668,216.168,-12.474,1,1,55.4482
89.7083,0.784228,-7.34571,205.564,216.064,-12.474,1,1,55.4482
89.7167,0.783893,-7.3457,205.46,215.96,-12.4739,1,1,55.4482
89.725,0.783558,-7.3457,205.356,215.856,-12.4739,1,1,55.4482
89.7333,0.783223,-7.34569,205.252,215.752,-12.4739,1,1,55.4482
89.7417,0.782888,-7.34569,205.148,215.648,-12.4739,1,1,55.4482
89.75,0.782553,-7.34568,205.044,215.544,-12.4739,1,1,55.4482
89.7583,0.782218,-7.34568,204.94,215.44,-12.4739,1,1,55.4482
89.7667,0.781882,-7.34567,204.836,215.336,-12.4738,1,1,55.4482
89.775,0.781547,-7.34567,204.732,215.232,-12.4738,1,1,55.4482
89.7833,0.781212,-7.34567,204.628,215.128,-12.4738,1,1,55.4482
89.7917,0.780877,-7.34566,204.524,215.024,-12.4738,1,1,55.4482
89.8,0.780542,-7.34566,204.421,214.921,-12.4738,1,1,55.4482
89.8083,0.780207,-7.34565,204.317,214.817,-12.4737,1,1,55.4482
89.8167,0.779872,-7.34565,204.213,214.713,-12.4737,1,1,55.4482
89.825,0.779537,-7.34564,204.109,214.609,-12.4737,1,1,55.4482
89.8333,0.779202,-7.34564,204.005,214.505,-12.4737,1,1,55.4482
89.8417,0.778867,-7.34563,203.901,214.401,-12.4737,1,1,55.4482
89.85,0.778532,-7.34563,203.797,214.297,-12.4736,1,1,55.4482
89.8583,0.778197,-7.34562,203.693,214.193,-12.4736,1,1,55.4482
89.8667,0.777862,-7.34562,203.589,214.089,-12.4736,1,1,55.4482
89.875,0.777527,-7.34561,203.485,213.985,-12.4736,1,1,55.4482
89.8833,0.777192,-7.34561,203.381,213.881,-12.4736,1,1,55.4482
89.8917,0.776857,-7.3456,203.277,213.777,-12.4736,1,1,55.4482
89.9,0.776522,-7.3456,203.173,213.673,-12.4735,1,1,55.4482
89.9083,0.776187,-7.3456,203.069,213.569,-12.4735,1,1,55.4482
89.9167,0.775852,-7.34559,202.965,213.465,-12.4735,1,1,55.4482
89.925,0.775517,-7.34559,202.861,213.361,-12.4735,1,1,55.4482
89.9333,0.775182,-7.34558,202.757,213.257,-12.4735,1,1,55.4482
89.9417,0.774847,-7.34558,202.653,213.153,-12.4734,1,1,55.4482
89.95,0.774512,-7.34557,202.549,213.049,-12.4734,1,1,55.4482
89.9583,0.774177,-7.34557,202.446,212.946,-12.4734,1,1,55.4482
89.9667,0.773842,-7.34556,202.342,212.842,-12.4734,1,1,55.4482
89.975,0.773507,-7.34556,202.238,212.738,-12.4734,1,1,55.4482
89.9833,0.773172,-7.34555,202.134,212.634,-12.4733,1,1,55.4482
89.9917,0.772837,-7.34555,202.03,212.53,-12.4733,1,1,55.4482
90,0.772502,-7.34554,201.926,212.426,-12.4733,1,1,55.4482
90.0083,0.772167,-7.34554,201.822,212.322,-12.4733,1,1,55.4482
90.0167,0.771832,-7.34553,201.718,212.218,-12.4733,1,1,55.4482
90.025,0.771497,-7.34553,201.614,212.114,-12.4732,1,1,55.4482
90.0333,0.771162,-7.34553,201.51,212.01,-12.4732,1,1,55.4482
90.0417,0.770827,-7.34552,201.406,211.906,-12.4732,1,1,55.4482
90.05,0.770492,-7.34552,201.302,211.802,-12.4732,1,1,55.4482
90.0583,0.770157,-7.34551,201.198,211.698,-12.4732,1,1,55.4482
90.0667,0.769822,-7.34551,201.094,211.594,-12.4732,1,1,55.4482
90.075,0.769487,-7.3455,200.99,211.49,-12.4731,1,1,55.4482
90.0833,0.769152,-7.3455,200.886,211.386,-12.4731,1,1,55.4482
90.0917,0.768817,-7.34549,200.782,211.282,-12.4731,1,1,55.4482
90.1,0.768481,-7.34549,200.679,211.179,-12.4731,1,1,55.4482
90.1083,0.768146,-7.34548,200.575,211.075,-12.4731,1,1,55.4482
90.1167,0.767811,-7.34548,200.471,210.971,-12.473,1,1,55.4482
90.125,0.767476,-7.34547,200.367,210.867,-12.473,1,1,55.4482
90.1333,0.767141,-7.34547,200.263,210.763,-12.473,1,1,55.4482
90.1417,0.766806,-7.34546,200.159,210.659,-12.473,1,1,55.4482
90.15,0.766471,-7.34546,200.055,210.555,-12.473,1,1,55.4482
90.1583,0.766136,-7.34545,199.951,210.451,-12.4729,1,1,55.4482
90.1667,0.765801,-7.34545,199.847,210.347,-12.4729,1,1,55.4482
90.175,0.765466,-7.34545,199.743,210.243,-12.4729,1,1,55.4482
90.1833,0.765131,-7.34544,199.639,210.139,-12.4729,1,1,55.4482
90.1917,0.764796,-7.34544,199.535,210.035,-12.4729,1,1,55.4482
90.2,0.764461,-7.34543,199.431,209.931,-12.4729,1,1,55.4482
90.2083,0.764126,-7.34543,199.327,209.827,-12.4728,1,1,55.4482
90.2167,0.763791,-7.34542,199.223,209.723,-12.4728,1,1,55.4482
90.225,0.763456,-7.34542,199.119,209.619,-12.4728,1,1,55.4482
90.2333,0.763121,-7.34541,199.015,209.515,-12.4728,1,1,55.4482
90.2417,0.762786,-7.34541,198.911,209.411,-12.4728,1,1,55.4482
90.25,0.762451,-7.3454,198.808,209.308,-12.4727,1,1,55.4482
90.2583,0.762116,-7.3454,198.704,209.204,-12.4727,1,1,55.4482
90.2667,0.761781,-7.34539,198.6,209.1,-12.4727,1,1,55.4482
90.275,0.761446,-7.34539,198.496,208.996,-12.4727,1,1,55.4482
90.2833,0.761111,-7.34538,198.392,208.892,-12.4727,1,1,55.4482
90.2917,0.760776,-7.34538,198.288,208.788,-12.4726,1,1,55.4482
90.3,0.760441,-7.34538,198.184,208.684,-12.4726,1,1,55.4482
90.3083,0.760106,-7.34537,198.08,208.58,-12.4726,1,1,55.4482
90.3167,0.759771,-7.34537,197.976,208.476,-12.4726,1,1,55.4482
90.325,0.759436,-7.34536,197.872,208.372,-12.4726,1,1,55.4482
90.3333,0.759101,-7.34536,197.768,208.268,-12.4725,1,1,55.4482
90.3417,0.758766,-7.34535,197.664,208.164,-12.4725,1,1,55.4482
90.35,0.758431,-7.34535,197.56,208.06,-12.4725,1,1,55.4482
90.3583,0.758096,-7.34534,197.456,207.956,-12.4725,1,1,55.4482
90.3667,0.757761,-7.34534,197.352,207.852,-12.4725,1,1,55.4482
90.375,0.757426,-7.34533,197.248,207.748,-12.4725,1,1,55.4482
90.3833,0.757091,-7.34533,197.145,207.645,-12.4724,1,1,55.4482
90.3917,0.756756,-7.34532,197.041,207.541,-12.4724,1,1,55.4482
90.4,0.756421,-7.34532,196.937,207.437,-12.4724,1,1,55.4482
90.4083,0.756086,-7.34531,196.833,207.333,-12.4724,1,1,55.4482
90.4167,0.755751,-7.34531,196.729,207.229,-12.4724,1,1,55.4482
90.425,0.755416,-7.34531,196.625,207.125,-12.4723,1,1,55.4482
90.4333,0.755081,-7.3453,196.521,207.021,-12.4723,1,1,55.4482
90.4417,0.754746,-7.3453,196.417,206.917,-12.4723,1,1,55.4482
90.45,0.754411,-7.34529,196.313,206.813,-12.4723,1,1,55.4482
90.4583,0.754076,-7.34529,196.209,206.709,-12.4723,1,1,55.4482
90.4667,0.753741,-7.34528,196.105,206.605,-12.4722,1,1,55.4482
90.475,0.753406,-7.34528,196.001,206.501,-12.4722,1,1,55.4482
90.4833,0.753071,-7.34527,195.897,206.397,-12.4722,1,1,55.4482
90.4917,0.752736,-7.34527,195.793,206.293,-12.4722,1,1,55.4482
90.5,0.752401,-7.34526,195.689,206.189,-12.4722,1,1,55.4482
90.5083,0.752066,-7.34526,195.585,206.085,-12.4721,1,1,55.4482
90.5167,0.751731,-7.34525,195.482,205.982,-12.4721,1,1,55.4482
90.525,0.751396,-7.34525,195.378,205.878,-12.4721,1,1,55.4482
90.5333,0.751061,-7.34524,195.274,205.774,-12.4721,1,1,55.4482
90.5417,0.750726,-7.34524,195.17,205.67,-12.4721,1,1,55.4482
90.55,0.750391,-7.34524,195.066,205.566,-12.4721,1,1,55.4482
90.5583,0.750056,-7.34523,194.962,205.462,-12.472,1,1,55.4482
90.5667,0.749721,-7.34523,194.858,205.358,-12.472,1,1,55.4482
90.575,0.749386,-7.34522,194.754,205.254,-12.472,1,1,55.4482
90.5833,0.749052,-7.34522,194.65,205.15,-12.472,1,1,55.4482
90.5917,0.748717,-7.34521,194.546,205.046,-12.472,1,1,55.4482
90.6,0.748382,-7.34521,194.442,204.942,-12.4719,1,1,55.4482
90.6083,0.748047,-7.3452,194.338,204.838,-12.4719,1,1,55.4482
90.6167,0.747712,-7.3452,194.234,204.734,-12.4719,1,1,55.4482
90.625,0.747377,-7.34519,194.13,204.63,-12.4719,1,1,55.4482
90.6333,0.747042,-7.34519,194.026,204.526,-12.4719,1,1,55.4482
90.6417,0.746707,-7.34518,193.923,204.423,-12.4718,1,1,55.4482
90.65,0.746372,-7.34518,193.819,204.319,-12.4718,1,1,55.4482
90.6583,0.746037,-7.34517,193.715,204.215,-12.4718,1,1,55.4482
90.6667,0.745702,-7.34517,193.611,204.111,-12.4718,1,1,55.4482
90.675,0.745367,-7.34517,193.507,204.007,-12.4718,1,1,55.4482
90.6833,0.745032,-7.34516,193.403,203.903,-12.4718,1,1,55.4482
90.6917,0.744697,-7.34516,193.299,203.799,-12.4717,1,1,55.4482
90.7,0.744362,-7.34515,193.195,203.695,-12.4717,1,1,55.4482
90.7083,0.744027,-7.34515,193.091,203.591,-12.4717,1,1,55.4482
90.7167,0.743692,-7.34514,192.987,203.487,-12.4717,1,1,55.4482
90.725,0.743357,-7.34514,192.883,203.383,-12.4717,1,1,55.4482
90.7333,0.743022,-7.34513,192.779,203.279,-12.4716,1,1,55.4482
90.7417,0.742687,-7.34513,192.675,203.175,-12.4716,1,1,55.4482
90.75,0.742352,-7.34512,192.571,203.071,-12.4716,1,1,55.4482
90.7583,0.742017,-7.34512,192.468,202.968,-12.4716,1,1,55.4482
90.7667,0.741682,-7.34511,192.364,202.864,-12.4716,1,1,55.4482
90.775,0.741347,-7.34511,192.26,202.76,-12.4715,1,1,55.4482
90.7833,0.741012,-7.3451,192.156,202.656,-12.4715,1,1,55.4482
90.7917,0.740677,-7.3451,192.052,202.552,-12.4715,1,1,55.4482
90.8,0.740342,-7.34509,191.948,202.448,-12.4715,1,1,55.4482
90.8083,0.740007,-7.34509,191.844,202.344,-12.4715,1,1,55.4482
90.8167,0.739672,-7.34509,191.74,202.24,-12.4714,1,1,55.4482
90.825,0.739337,-7.34508,191.636,202.136,-12.4714,1,1,55.4482
90.8333,0.739002,-7.34508,191.532,202.032,-12.4714,1,1,55.4482
90.8417,0.738667,-7.34507,191.428,201.928,-12.4714,1,1,55.4482
90.85,0.738332,-7.34507,191.324,201.824,-12.4714,1,1,55.4482
90.8583,0.737997,-7.34506,191.22,201.72,-12.4714,1,1,55.4482
90.8667,0.737662,-7.34506,191.116,201.616,-12.4713,1,1,55.4482
90.875,0.737327,-7.34505,191.012,201.512,-12.4713,1,1,55.4482
90.8833,0.736992,-7.34505,190.909,201.409,-12.4713,1,1,55.4482
90.8917,0.736657,-7.34504,190.805,201.305,-12.4713,1,1,55.4482
90.9,0.736322,-7.34504,190.701,201.201,-12.4713,1,1,55.4482
90.9083,0.735987,-7.34503,190.597,201.097,-12.4712,1,1,55.4482
90.9167,0.735653,-7.34503,190.493,200.993,-12.4712,1,1,55.4482
90.925,0.735318,-7.34502,190.389,200.889,-12.4712,1,1,55.4482
90.9333,0.734983,-7.34502,190.285,200.785,-12.4712,1,1,55.4482
90.9417,0.734648,-7.34502,190.181,200.681,-12.4712,1,1,55.4482
90.95,0.734313,-7.34501,190.077,200.577,-12.4711,1,1,55.4482
90.9583,0.733978,-7.34501,189.973,200.473,-12.4711,1,1,55.4482
90.9667,0.733643,-7.345,189.869,200.369,-12.4711,1,1,55.4482
90.975,0.733308,-7.345,189.765,200.265,-12.4711,1,1,55.4482
90.9833,0.732973,-7.34499,189.661,200.161,-12.4711,1,1,55.4482
90.9917,0.732638,-7.34499,189.558,200.058,-12.4711,1,1,55.4482
91,0.732303,-7.34498,189.454,199.954,-12.471,1,1,55.4482
91.0083,0.731968,-7.34498,189.35,199.85,-12.471,1,1,55.4482
91.0167,0.731633,-7.34497,189.246,199.746,-12.471,1,1,55.4482
91.025,0.731298,-7.34497,189.142,199.642,-12.471,1,1,55.4482
91.0333,0.730963,-7.34496,189.038,199.538,-12.471,1,1,55.4482
91.0417,0.730628,-7.34496,188.934,199.434,-12.4709,1,1,55.4482
91.05,0.730293,-7.34495,188.83,199.33,-12.4709,1,1,55.4482
91.0583,0.729958,-7.34495,188.726,199.226,-12.4709,1,1,55.4482
91.0667,0.729623,-7.34495,188.622,199.122,-12.4709,1,1,55.4482
91.075,0.729288,-7.34494,188.518,199.018,-12.4709,1,1,55.4482
91.0833,0.728953,-7.34494,188.414,198.914,-12.4708,1,1,55.4482
91.0917,0.728618,-7.34493,188.31,198.81,-12.4708,1,1,55.4482
91.1,0.728283,-7.34493,188.206,198.706,-12.4708,1,1,55.4482
91.1083,0.727948,-7.34492,188.103,198.603,-12.4708,1,1,55.4482
91.1167,0.727613,-7.34492,187.999,198.499,-12.4708,1,1,55.4482
91.125,0.727279,-7.34491,187.895,198.395,-12.4707,1,1,55.4482
91.1333,0.726944,-7.34491,187.791,198.291,-12.4707,1,1,55.4482
91.1417,0.726609,-7.3449,187.687,198.187,-12.4707,1,1,55.4482
91.15,0.726274,-7.3449,187.583,198.083,-12.4707,1,1,55.4482
91.1583,0.725939,-7.34489,187.479,197.979,-12.4707,1,1,55.4482
91.1667,0.725604,-7.34489,187.375,197.875,-12.4707,1,1,55.4482
91.175,0.725269,-7.34488,187.271,197.771,-12.4706,1,1,55.4482
91.1833,0.724934,-7.34488,187.167,197.667,-12.4706,1,1,55.4482
91.1917,0.724599,-7.34488,187.063,197.563,-12.4706,1,1,55.4482
91.2,0.724264,-7.34487,186.959,197.459,-12.4706,1,1,55.4482
91.2083,0.723929,-7.34487,186.855,197.355,-12.4706,1,1,55.4482
91.2167,0.723594,-7.34486,186.752,197.252,-12.4705,1,1,55.4482
91.225,0.723259,-7.34486,186.648,197.148,-12.4705,1,1,55.4482
91.2333,0.722924,-7.34485,186.544,197.044,-12.4705,1,1,55.4482
91.2417,0.722589,-7.34485,186.44,196.94,-12.4705,1,1,55.4482
91.25,0.722254,-7.34484,186.336,196.836,-12.4705,1,1,55.4482
91.2583,0.721919,-7.34484,186.232,196.732,-12.4704,1,1,55.4482
91.2667,0.721584,-7.34483,186.128,196.628,-12.4704,1,1,55.4482
91.275,0.721249,-7.34483,186.024,196.524,-12.4704,1,1,55.4482
91.2833,0.720915,-7.34482,185.92,196.42,-12.4704,1,1,55.4482
91.2917,0.72058,-7.34482,185.816,196.316,-12.4704,1,1,55.4482
91.3,0.720245,-7.34481,185.712,196.212,-12.4704,1,1,55.4482
91.3083,0.71991,-7.34481,185.608,196.108,-12.4703,1,1,55.4482
91.3167,0.719575,-7.34481,185.505,196.005,-12.4703,1,1,55.4482
91.325,0.71924,-7.3448,185.401,195.901,-12.4703,1,1,55.4482
91.3333,0.718905,-7.3448,185.297,195.797,-12.4703,1,1,55.4482
91.3417,0.71857,-7.34479,185.193,195.693,-12.4703,1,1,55.4482
91.35,0.718235,-7.34479,185.089,195.589,-12.4702,1,1,55.4482
91.3583,0.7179,-7.34478,184.985,195.485,-12.4702,1,1,55.4482
91.3667,0.717565,-7.34478,184.881,195.381,-12.4702,1,1,55.4482
91.375,0.71723,-7.34477,184.777,195.277,-12.4702,1,1,55.4482
91.3833,0.716895,-7.34477,184.673,195.173,-12.4702,1,1,55.4482
91.3917,0.71656,-7.34476,184.569,195.069,-12.4701,1,1,55.4482
91.4,0.716225,-7.34476,184.465,194.965,-12.4701,1,1,55.4482
91.4083,0.71589,-7.34475,184.361,194.861,-12.4701,1,1,55.4482
91.4167,0.715556,-7.34475,184.258,194.758,-12.4701,1,1,55.4482
91.425,0.715221,-7.34474,184.154,194.654,-12.4701,1,1,55.4482
91.4333,0.714886,-7.34474,184.05,194.55,-12.47,1,1,55.4482
91.4417,0.714551,-7.34474,183.946,194.446,-12.47,1,1,55.4482
91.45,0.714216,-7.34473,183.842,194.342,-12.47,1,1,55.4482
91.4583,0.713881,-7.34473,183.738,194.238,-12.47,1,1,55.4482
91.4667,0.713546,-7.34472,183.634,194.134,-12.47,1,1,55.4482
91.475,0.713211,-7.34472,183.53,194.03,-12.47,1,1,55.4482
91.4833,0.712876,-7.34471,183.426,193.926,-12.4699,1,1,55.4482
91.4917,0.712541,-7.34471,183.322,193.822,-12.4699,1,1,55.4482
91.5,0.712206,-7.3447,183.218,193.718,-12.4699,1,1,55.4482
91.5083,0.711871,-7.3447,183.114,193.614,-12.4699,1,1,55.4482
91.5167,0.711536,-7.34469,183.01,193.51,-12.4699,1,1,55.4482
91.525,0.711201,-7.34469,182.907,193.407,-12.4698,1,1,55.4482
91.5333,0.710866,-7.34468,182.803,193.303,-12.4698,1,1,55.4482
91.5417,0.710532,-7.34468,182.699,193.199,-12.4698,1,1,55.4482
91.55,0.710197,-7.34467,182.595,193.095,-12.4698,1,1,55.4482
91.5583,0.709862,-7.34467,182.491,192.991,-12.4698,1,1,55.4482
91.5667,0.709527,-7.34466,182.387,192.887,-12.4697,1,1,55.4482
91.575,0.709192,-7.34466,182.283,192.783,-12.4697,1,1,55.4482
91.5833,0.708857,-7.34466,182.179,192.679,-12.4697,1,1,55.4482
91.5917,0.708522,-7.34465,182.075,192.575,-12.4697,1,1,55.4482
91.6,0.708187,-7.34465,181.971,192.471,-12.4697,1,1,55.4482
91.6083,0.707852,-7.34464,181.867,192.367,-12.4697,1,1,55.4482
91.6167,0.707517,-7.34464,181.764,192.264,-12.4696,1,1,55.4482
91.625,0.707182,-7.34463,181.66,192.16,-12.4696,1,1,55.4482
91.6333,0.706847,-7.34463,181.556,192.056,-12.4696,1,1,55.4482
91.6417,0.706512,-7.34462,181.452,191.952,-12.4696,1,1,55.4482
91.65,0.706178,-7.34462,181.348,191.848,-12.4696,1,1,55.4482
91.6583,0.705843,-7.34461,181.244,191.744,-12.4695,1,1,55.4482
91.6667,0.705508,-7.34461,181.14,191.64,-12.4695,1,1,55.4482
91.675,0.705173,-7.3446,181.036,191.536,-12.4695,1,1,55.4482
91.6833,0.704838,-7.3446,180.932,191.432,-12.4695,1,1,55.4482
91.6917,0.704503,-7.34459,180.828,191.328,-12.4695,1,1,55.4482
91.7,0.704168,-7.34459,180.724,191.224,-12.4694,1,1,55.4482
91.7083,0.703833,-7.34459,180.62,191.12,-12.4694,1,1,55.4482
91.7167,0.703498,-7.34458,180.517,191.017,-12.4694,1,1,55.4482
91.725,0.703163,-7.34458,180.413,190.913,-12.4694,1,1,55.4482
91.7333,0.702828,-7.34457,180.309,190.809,-12.4694,1,1,55.4482
91.7417,0.702493,-7.34457,180.205,190.705,-12.4693,1,1,55.4482
91.75,0.702159,-7.34456,180.101,190.601,-12.4693,1,1,55.4482
91.7583,0.701824,-7.34456,179.997,190.497,-12.4693,1,1,55.4482
91.7667,0.701489,-7.34455,179.893,190.393,-12.4693,1,1,55.4482
91.775,0.701154,-7.34455,179.789,190.289,-12.4693,1,1,55.4482
91.7833,0.700819,-7.34454,179.685,190.185,-12.4693,1,1,55.4482
91.7917,0.700484,-7.34454,179.581,190.081,-12.4692,1,1,55.4482
91.8,0.700149,-7.34453,179.477,189.977,-12.4692,1,1,55.4482
91.8083,0.699814,-7.34453,179.374,189.874,-12.4692,1,1,55.4482
91.8167,0.699479,-7.34452,179.27,189.77,-12.4692,1,1,55.4482
91.825,0.699144,-7.34452,179.166,189.666,-12.4692,1,1,55.4482
91.8333,0.698809,-7.34452,179.062,189.562,-12.4691,1,1,55.4482
91.8417,0.698475,-7.34451,178.958,189.458,-12.4691,1,1,55.4482
91.85,0.69814,-7.34451,178.854,189.354,-12.4691,1,1,55.4482
91.8583,0.697805,-7.3445,178.75,189.25,-12.4691,1,1,55.4482
91.8667,0.69747,-7.3445,178.646,189.146,-12.4691,1,1,55.4482
91.875,0.697135,-7.34449,178.542,189.042,-12.469,1,1,55.4482
91.8833,0.6968,-7.34449,178.438,188.938,-12.469,1,1,55.4482
91.8917,0.696465,-7.34448,178.334,188.834,-12.469,1,1,55.4482
91.9,0.69613,-7.34448,178.231,188.731,-12.469,1,1,55.4482
91.9083,0.695795,-7.34447,178.127,188.627,-12.469,1,1,55.4482
91.9167,0.69546,-7.34447,178.023,188.523,-12.469,1,1,55.4482
91.925,0.695125,-7.34446,177.919,188.419,-12.4689,1,1,55.4482
91.9333,0.694791,-7.34446,177.815,188.315,-12.4689,1,1,55.4482
91.9417,0.694456,-7.34445,177.711,188.211,-12.4689,1,1,55.4482
91.95,0.694121,-7.34445,177.607,188.107,-12.4689,1,1,55.4482
91.9583,0.693786,-7.34445,177.503,188.003,-12.4689,1,1,55.4482
91.9667,0.693451,-7.34444,177.399,187.899,-12.4688,1,1,55.4482
91.975,0.693116,-7.34444,177.295,187.795,-12.4688,1,1,55.4482
91.9833,0.692781,-7.34443,177.191,187.691,-12.4688,1,1,55.4482
91.9917,0.692446,-7.34443,177.088,187.588,-12.4688,1,1,55.4482
92,0.692111,-7.34442,176.984,187.484,-12.4688,1,1,55.4482
92.0083,0.691776,-7.34442,176.88,187.38,-12.4687,1,1,55.4482
92.0167,0.691442,-7.34441,176.776,187.276,-12.4687,1,1,55.4482
92.025,0.691107,-7.34441,176.672,187.172,-12.4687,1,1,55.4482
92.0333,0.690772,-7.3444,176.568,187.068,-12.4687,1,1,55.4482
92.0417,0.690437,-7.3444,176.464,186.964,-12.4687,1,1,55.4482
92.05,0.690102,-7.34439,176.36,186.86,-12.4686,1,1,55.4482
92.0583,0.689767,-7.34439,176.256,186.756,-12.4686,1,1,55.4482
92.0667,0.689432,-7.34438,176.152,186.652,-12.4686,1,1,55.4482
92.075,0.689097,-7.34438,176.048,186.548,-12.4686,1,1,55.4482
92.0833,0.688762,-7.34438,175.945,186.445,-12.4686,1,1,55.4482
92.0917,0.688428,-7.34437,175.841,186.341,-12.4686,1,1,55.4482
92.1,0.688093,-7.34437,175.737,186.237,-12.4685,1,1,55.4482
92.1083,0.687758,-7.34436,175.633,186.133,-12.4685,1,1,55.4482
92.1167,0.687423,-7.34436,175.529,186.029,-12.4685,1,1,55.4482
92.125,0.687088,-7.34435,175.425,185.925,-12.4685,1,1,55.4482
92.1333,0.686753,-7.34435,175.321,185.821,-12.4685,1,1,55.4482
92.1417,0.686418,-7.34434,175.217,185.717,-12.4684,1,1,55.4482
92.15,0.686083,-7.34434,175.113,185.613,-12.4684,1,1,55.4482
92.1583,0.685748,-7.34433,175.009,185.509,-12.4684,1,1,55.4482
92.1667,0.685413,-7.34433,174.906,185.406,-12.4684,1,1,55.4482
92.175,0.685079,-7.34432,174.802,185.302,-12.4684,1,1,55.4482
92.1833,0.684744,-7.34432,174.698,185.198,-12.4683,1,1,55.4482
92.1917,0.684409,-7.34431,174.594,185.094,-12.4683,1,1,55.4482
92.2,0.684074,-7.34431,174.49,184.99,-12.4683,1,1,55.4482
92.2083,0.683739,-7.34431,174.386,184.886,-12.4683,1,1,55.4482
92.2167,0.683404,-7.3443,174.282,184.782,-12.4683,1,1,55.4482
92.225,0.683069,-7.3443,174.178,184.678,-12.4683,1,1,55.4482
92.2333,0.682734,-7.34429,174.074,184.574,-12.4682,1,1,55.4482
92.2417,0.6824,-7.34429,173.97,184.47,-12.4682,1,1,55.4482
92.25,0.682065,-7.34428,173.866,184.366,-12.4682,1,1,55.4482
92.2583,0.68173,-7.34428,173.763,184.263,-12.4682,1,1,55.4482
92.2667,0.681395,-7.34427,173.659,184.159,-12.4682,1,1,55.4482
92.275,0.68106,-7.34427,173.555,184.055,-12.4681,1,1,55.4482
92.2833,0.680725,-7.34426,173.451,183.951,-12.4681,1,1,55.4482
92.2917,0.68039,-7.34426,173.347,183.847,-12.4681,1,1,55.4482
92.3,0.680055,-7.34425,173.243,183.743,-12.4681,1,1,55.4482
92.3083,0.67972,-7.34425,173.139,183.639,-12.4681,1,1,55.4482
92.3167,0.679386,-7.34424,173.035,183.535,-12.468,1,1,55.4482
92.325,0.679051,-7.34424,172.931,183.431,-12.468,1,1,55.4482
92.3333,0.678716,-7.34424,172.827,183.327,-12.468,1,1,55.4482
92.3417,0.678381,-7.34423,172.724,183.224,-12.468,1,1,55.4482
92.35,0.678046,-7.34423,172.62,183.12,-12.468,1,1,55.4482
92.3583,0.677711,-7.34422,172.516,183.016,-12.4679,1,1,55.4482
92.3667,0.677376,-7.34422,172.412,182.912,-12.4679,1,1,55.4482
92.375,0.677041,-7.34421,172.308,182.808,-12.4679,1,1,55.4482
92.3833,0.676707,-7.34421,172.204,182.704,-12.4679,1,1,55.4482
92.3917,0.676372,-7.3442,172.1,182.6,-12.4679,1,1,55.4482
92.4,0.676037,-7.3442,171.996,182.496,-12.4679,1,1,55.4482
92.4083,0.675702,-7.34419,171.892,182.392,-12.4678,1,1,55.4482
92.4167,0.675367,-7.34419,171.788,182.288,-12.4678,1,1,55.4482
92.425,0.675032,-7.34418,171.685,182.185,-12.4678,1,1,55.4482
92.4333,0.674697,-7.34418,171.581,182.081,-12.4678,1,1,55.4482
92.4417,0.674362,-7.34417,171.477,181.977,-12.4678,1,1,55.4482
92.45,0.674028,-7.34417,171.373,181.873,-12.4677,1,1,55.4482
92.4583,0.673693,-7.34416,171.269,181.769,-12.4677,1,1,55.4482
92.4667,0.673358,-7.34416,171.165,181.665,-12.4677,1,1,55.4482
92.475,0.673023,-7.34416,171.061,181.561,-12.4677,1,1,55.4482
92.4833,0.672688,-7.34415,170.957,181.457,-12.4677,1,1,55.4482
92.4917,0.672353,-7.34415,170.853,181.353,-12.4676,1,1,55.4482
92.5,0.672018,-7.34414,170.75,181.25,-12.4676,1,1,55.4482
92.5083,0.671683,-7.34414,170.646,181.146,-12.4676,1,1,55.4482
92.5167,0.671349,-7.34413,170.542,181.042,-12.4676,1,1,55.4482
92.525,0.671014,-7.34413,170.438,180.938,-12.4676,1,1,55.4482
92.5333,0.670679,-7.34412,170.334,180.834,-12.4676,1,1,55.4482
92.5417,0.670344,-7.34412,170.23,180.73,-12.4675,1,1,55.4482
92.55,0.670009,-7.34411,170.126,180.626,-12.4675,1,1,55.4482
92.5583,0.669674,-7.34411,170.022,180.522,-12.4675,1,1,55.4482
92.5667,0.669339,-7.3441,169.918,180.418,-12.4675,1,1,55.4482
92.575,0.669005,-7.3441,169.814,180.314,-12.4675,1,1,55.4482
92.5833,0.66867,-7.34409,169.711,180.211,-12.4674,1,1,55.4482
92.5917,0.668335,-7.34409,169.607,180.107,-12.4674,1,1,55.4482
92.6,0.668,-7.34409,169.503,180.003,-12.4674,1,1,55.4482
92.6083,0.667665,-7.34408,169.399,179.899,-12.4674,1,1,55.4482
92.6167,0.66733,-7.34408,169.295,179.795,-12.4674,1,1,55.4482
92.625,0.666995,-7.34407,169.191,179.691,-12.4673,1,1,55.4482
92.6333,0.666661,-7.34407,169.087,179.587,-12.4673,1,1,55.4482
92.6417,0.666326,-7.34406,168.983,179.483,-12.4673,1,1,55.4482
92.65,0.665991,-7.34406,168.879,179.379,-12.4673,1,1,55.4482
92.6583,0.665656,-7.34405,168.775,179.275,-12.4673,1,1,55.4482
92.6667,0.665321,-7.34405,168.672,179.172,-12.4672,1,1,55.4482
92.675,0.664986,-7.34404,168.568,179.068,-12.4672,1,1,55.4482
92.6833,0.664651,-7.34404,168.464,178.964,-12.4672,1,1,55.4482
92.6917,0.664317,-7.34403,168.36,178.86,-12.4672,1,1,55.4482
92.7,0.663982,-7.34403,168.256,178.756,-12.4672,1,1,55.4482
92.7083,0.663647,-7.34402,168.152,178.652,-12.4672,1,1,55.4482
92.7167,0.663312,-7.34402,168.048,178.548,-12.4671,1,1,55.4482
92.725,0.662977,-7.34402,167.944,178.444,-12.4671,1,1,55.4482
92.7333,0.662642,-7.34401,167.84,178.34,-12.4671,1,1,55.4482
92.7417,0.662307,-7.34401,167.737,178.237,-12.4671,1,1,55.4482
92.75,0.661973,-7.344,167.633,178.133,-12.4671,1,1,55.4482
92.7583,0.661638,-7.344,167.529,178.029,-12.467,1,1,55.4482
92.7667,0.661303,-7.34399,167.425,177.925,-12.467,1,1,55.4482
92.775,0.660968,-7.34399,167.321,177.821,-12.467,1,1,55.4482
92.7833,0.660633,-7.34398,167.217,177.717,-12.467,1,1,55.4482
92.7917,0.660298,-7.34398,167.113,177.613,-12.467,1,1,55.4482
92.8,0.659963,-7.34397,167.009,177.509,-12.4669,1,1,55.4482
92.8083,0.659629,-7.34397,166.905,177.405,-12.4669,1,1,55.4482
92.8167,0.659294,-7.34396,166.802,177.302,-12.4669,1,1,55.4482
92.825,0.658959,-7.34396,166.698,177.198,-12.4669,1,1,55.4482
92.8333,0.658624,-7.34395,166.594,177.094,-12.4669,1,1,55.4482
92.8417,0.658289,-7.34395,166.49,176.99,-12.4669,1,1,55.4482
92.85,0.657954,-7.34395,166.386,176.886,-12.4668,1,1,55.4482
92.8583,0.657619,-7.34394,166.282,176.782,-12.4668,1,1,55.4482
92.8667,0.657285,-7.34394,166.178,176.678,-12.4668,1,1,55.4482
92.875,0.65695,-7.34393,166.074,176.574,-12.4668,1,1,55.4482
92.8833,0.656615,-7.34393,165.97,176.47,-12.4668,1,1,55.4482
92.8917,0.65628,-7.34392,165.866,176.366,-12.4667,1,1,55.4482
92.9,0.655945,-7.34392,165.763,176.263,-12.4667,1,1,55.4482
92.9083,0.65561,-7.34391,165.659,176.159,-12.4667,1,1,55.4482
92.9167,0.655276,-7.34391,165.555,176.055,-12.4667,1,1,55.4482
92.925,0.654941,-7.3439,165.451,175.951,-12.4667,1,1,55.4482
92.9333,0.654606,-7.3439,165.347,175.847,-12.4666,1,1,55.4482
92.9417,0.654271,-7.34389,165.243,175.743,-12.4666,1,1,55.4482
92.95,0.653936,-7.34389,165.139,175.639,-12.4666,1,1,55.4482
92.9583,0.653601,-7.34388,165.035,175.535,-12.4666,1,1,55.4482
92.9667,0.653267,-7.34388,164.931,175.431,-12.4666,1,1,55.4482
92.975,0.652932,-7.34388,164.828,175.328,-12.4665,1,1,55.4482
92.9833,0.652597,-7.34387,164.724,175.224,-12.4665,1,1,55.4482
92.9917,0.652262,-7.34387,164.62,175.12,-12.4665,1,1,55.4482
93,0.651927,-7.34386,164.516,175.016,-12.4665,1,1,55.4482
93.0083,0.651592,-7.34386,164.412,174.912,-12.4665,1,1,55.4482
93.0167,0.651257,-7.34385,164.308,174.808,-12.4665,1,1,55.4482
93.025,0.650923,-7.34385,164.204,174.704,-12.4664,1,1,55.4482
93.0333,0.650588,-7.34384,164.1,174.6,-12.4664,1,1,55.4482
93.0417,0.650253,-7.34384,163.997,174.497,-12.4664,1,1,55.4482
93.05,0.649918,-7.34383,163.893,174.393,-12.4664,1,1,55.4482
93.0583,0.649583,-7.34383,163.789,174.289,-12.4664,1,1,55.4482
93.0667,0.649248,-7.34382,163.685,174.185,-12.4663,1,1,55.4482
93.075,0.648914,-7.34382,163.581,174.081,-12.4663,1,1,55.4482
93.0833,0.648579,-7.34381,163.477,173.977,-12.4663,1,1,55.4482
93.0917,0.648244,-7.34381,163.373,173.873,-12.4663,1,1,55.4482
93.1,0.647909,-7.34381,163.269,173.769,-12.4663,1,1,55.4482
93.1083,0.647574,-7.3438,163.165,173.665,-12.4662,1,1,55.4482
93.1167,0.647239,-7.3438,163.062,173.562,-12.4662,1,1,55.4482
93.125,0.646905,-7.34379,162.958,173.458,-12.4662,1,1,55.4482
93.1333,0.64657,-7.34379,162.854,173.354,-12.4662,1,1,55.4482
93.1417,0.646235,-7.34378,162.75,173.25,-12.4662,1,1,55.4482
93.15,0.6459,-7.34378,162.646,173.146,-12.4662,1,1,55.4482
93.1583,0.645565,-7.34377,162.542,173.042,-12.4661,1,1,55.4482
93.1667,0.645231,-7.34377,162.438,172.938,-12.4661,1,1,55.4482
93.175,0.644896,-7.34376,162.334,172.834,-12.4661,1,1,55.4482
93.1833,0.644561,-7.34376,162.23,172.73,-12.4661,1,1,55.4482
93.1917,0.644226,-7.34375,162.127,172.627,-12.4661,1,1,55.4482
93.2,0.643891,-7.34375,162.023,172.523,-12.466,1,1,55.4482
93.2083,0.643556,-7.34374,161.919,172.419,-12.466,1,1,55.4482
93.2167,0.643222,-7.34374,161.815,172.315,-12.466,1,1,55.4482
93.225,0.642887,-7.34374,161.711,172.211,-12.466,1,1,55.4482
93.2333,0.642552,-7.34373,161.607,172.107,-12.466,1,1,55.4482
93.2417,0.642217,-7.34373,161.503,172.003,-12.4659,1,1,55.4482
93.25,0.641882,-7.34372,161.399,171.899,-12.4659,1,1,55.4482
93.2583,0.641547,-7.34372,161.295,171.795,-12.4659,1,1,55.4482
93.2667,0.641213,-7.34371,161.192,171.692,-12.4659,1,1,55.4482
93.275,0.640878,-7.34371,161.088,171.588,-12.4659,1,1,55.4482
93.2833,0.640543,-7.3437,160.984,171.484,-12.4658,1,1,55.4482
93.2917,0.640208,-7.3437,160.88,171.38,-12.4658,1,1,55.4482
93.3,0.639873,-7.34369,160.776,171.276,-12.4658,1,1,55.4482
93.3083,0.639539,-7.34369,160.672,171.172,-12.4658,1,1,55.4482
93.3167,0.639204,-7.34368,160.568,171.068,-12.4658,1,1,55.4482
93.325,0.638869,-7.34368,160.464,170.964,-12.4658,1,1,55.4482
93.3333,0.638534,-7.34367,160.361,170.861,-12.4657,1,1,55.4482
93.3417,0.638199,-7.34367,160.257,170.757,-12.4657,1,1,55.4482
93.35,0.637864,-7.34367,160.153,170.653,-12.4657,1,1,55.4482
93.3583,0.63753,-7.34366,160.049,170.549,-12.4657,1,1,55.4482
93.3667,0.637195,-7.34366,159.945,170.445,-12.4657,1,1,55.4482
93.375,0.63686,-7.34365,159.841,170.341,-12.4656,1,1,55.4482
93.3833,0.636525,-7.34365,159.737,170.237,-12.4656,1,1,55.4482
93.3917,0.63619,-7.34364,159.633,170.133,-12.4656,1,1,55.4482
93.4,0.635856,-7.34364,159.529,170.029,-12.4656,1,1,55.4482
93.4083,0.635521,-7.34363,159.426,169.926,-12.4656,1,1,55.4482
93.4167,0.635186,-7.34363,159.322,169.822,-12.4655,1,1,55.4482
93.425,0.634851,-7.34362,159.218,169.718,-12.4655,1,1,55.4482
93.4333,0.634516,-7.34362,159.114,169.614,-12.4655,1,1,55.4482
93.4417,0.634181,-7.34361,159.01,169.51,-12.4655,1,1,55.4482
93.45,0.633847,-7.34361,158.906,169.406,-12.4655,1,1,55.4482
93.4583,0.633512,-7.3436,158.802,169.302,-12.4655,1,1,55.4482
93.4667,0.633177,-7.3436,158.698,169.198,-12.4654,1,1,55.4482
93.475,0.632842,-7.3436,158.595,169.095,-12.4654,1,1,55.4482
93.4833,0.632507,-7.34359,158.491,168.991,-12.4654,1,1,55.4482
93.4917,0.632173,-7.34359,158.387,168.887,-12.4654,1,1,55.4482
93.5,0.631838,-7.34358,158.283,168.783,-12.4654,1,1,55.4482
93.5083,0.631503,-7.34358,158.179,168.679,-12.4653,1,1,55.4482
93.5167,0.631168,-7.34357,158.075,168.575,-12.4653,1,1,55.4482
93.525,0.630833,-7.34357,157.971,168.471,-12.4653,1,1,55.4482
93.5333,0.630499,-7.34356,157.867,168.367,-12.4653,1,1,55.4482
93.5417,0.630164,-7.34356,157.764,168.264,-12.4653,1,1,55.4482
93.55,0.629829,-7.34355,157.66,168.16,-12.4652,1,1,55.4482
93.5583,0.629494,-7.34355,157.556,168.056,-12.4652,1,1,55.4482
93.5667,0.629159,-7.34354,157.452,167.952,-12.4652,1,1,55.4482
93.575,0.628825,-7.34354,157.348,167.848,-12.4652,1,1,55.4482
93.5833,0.62849,-7.34353,157.244,167.744,-12.4652,1,1,55.4482
93.5917,0.628155,-7.34353,157.14,167.64,-12.4651,1,1,55.4482
93.6,0.62782,-7.34353,157.036,167.536,-12.4651,1,1,55.4482
93.6083,0.627485,-7.34352,156.933,167.433,-12.4651,1,1,55.4482
93.6167,0.627151,-7.34352,156.829,167.329,-12.4651,1,1,55.4482
93.625,0.626816,-7.34351,156.725,167.225,-12.4651,1,1,55.4482
93.6333,0.626481,-7.34351,156.621,167.121,-12.4651,1,1,55.4482
93.6417,0.626146,-7.3435,156.517,167.017,-12.465,1,1,55.4482
93.65,0.625811,-7.3435,156.413,166.913,-12.465,1,1,55.4482
93.6583,0.625477,-7.34349,156.309,166.809,-12.465,1,1,55.4482
93.6667,0.625142,-7.34349,156.205,166.705,-12.465,1,1,55.4482
93.675,0.624807,-7.34348,156.102,166.602,-12.465,1,1,55.4482
93.6833,0.624472,-7.34348,155.998,166.498,-12.4649,1,1,55.4482
93.6917,0.624137,-7.34347,155.894,166.394,-12.4649,1,1,55.4482
93.7,0.623803,-7.34347,155.79,166.29,-12.4649,1,1,55.4482
93.7083,0.623468,-7.34346,155.686,166.186,-12.4649,1,1,55.4482
93.7167,0.623133,-7.34346,155.582,166.082,-12.4649,1,1,55.4482
93.725,0.622798,-7.34345,155.478,165.978,-12.4648,1,1,55.4482
93.7333,0.622463,-7.34345,155.374,165.874,-12.4648,1,1,55.4482
93.7417,0.622129,-7.34345,155.271,165.771,-12.4648,1,1,55.4482
93.75,0.621794,-7.34344,155.167,165.667,-12.4648,1,1,55.4482
93.7583,0.621459,-7.34344,155.063,165.563,-12.4648,1,1,55.4482
93.7667,0.621124,-7.34343,154.959,165.459,-12.4648,1,1,55.4482
93.775,0.620789,-7.34343,154.855,165.355,-12.4647,1,1,55.4482
93.7833,0.620455,-7.34342,154.751,165.251,-12.4647,1,1,55.4482
93.7917,0.62012,-7.34342,154.647,165.147,-12.4647,1,1,55.4482
93.8,0.619785,-7.34341,154.543,165.043,-12.4647,1,1,55.4482
93.8083,0.61945,-7.34341,154.44,164.94,-12.4647,1,1,55.4482
93.8167,0.619115,-7.3434,154.336,164.836,-12.4646,1,1,55.4482
93.825,0.618781,-7.3434,154.232,164.732,-12.4646,1,1,55.4482
93.8333,0.618446,-7.34339,154.128,164.628,-12.4646,1,1,55.4482
93.8417,0.618111,-7.34339,154.024,164.524,-12.4646,1,1,55.4482
93.85,0.617776,-7.34338,153.92,164.42,-12.4646,1,1,55.4482
93.8583,0.617442,-7.34338,153.816,164.316,-12.4645,1,1,55.4482
93.8667,0.617107,-7.34338,153.712,164.212,-12.4645,1,1,55.4482
93.875,0.616772,-7.34337,153.609,164.109,-12.4645,1,1,55.4482
93.8833,0.616437,-7.34337,153.505,164.005,-12.4645,1,1,55.4482
93.8917,0.616102,-7.34336,153.401,163.901,-12.4645,1,1,55.4482
93.9,0.615768,-7.34336,153.297,163.797,-12.4645,1,1,55.4482
93.9083,0.615433,-7.34335,153.193,163.693,-12.4644,1,1,55.4482
93.9167,0.615098,-7.34335,153.089,163.589,-12.4644,1,1,55.4482
93.925,0.614763,-7.34334,152.985,163.485,-12.4644,1,1,55.4482
93.9333,0.614428,-7.34334,152.881,163.381,-12.4644,1,1,55.4482
93.9417,0.614094,-7.34333,152.778,163.278,-12.4644,1,1,55.4482
93.95,0.613759,-7.34333,152.674,163.174,-12.4643,1,1,55.4482
93.9583,0.613424,-7.34332,152.57,163.07,-12.4643,1,1,55.4482
93.9667,0.613089,-7.34332,152.466,162.966,-12.4643,1,1,55.4482
93.975,0.612755,-7.34331,152.362,162.862,-12.4643,1,1,55.4482
93.9833,0.61242,-7.34331,152.258,162.758,-12.4643,1,1,55.4482
93.9917,0.612085,-7.34331,152.154,162.654,-12.4642,1,1,55.4482
94,0.61175,-7.3433,152.051,162.551,-12.4642,1,1,55.4482
94.0083,0.611415,-7.3433,151.947,162.447,-12.4642,1,1,55.4482
94.0167,0.611081,-7.34329,151.843,162.343,-12.4642,1,1,55.4482
94.025,0.610746,-7.34329,151.739,162.239,-12.4642,1,1,55.4482
94.0333,0.610411,-7.34328,151.635,162.135,-12.4641,1,1,55.4482
94.0417,0.610076,-7.34328,151.531,162.031,-12.4641,1,1,55.4482
94.05,0.609742,-7.34327,151.427,161.927,-12.4641,1,1,55.4482
94.0583,0.609407,-7.34327,151.323,161.823,-12.4641,1,1,55.4482
94.0667,0.609072,-7.34326,151.22,161.72,-12.4641,1,1,55.4482
94.075,0.608737,-7.34326,151.116,161.616,-12.4641,1,1,55.4482
94.0833,0.608403,-7.34325,151.012,161.512,-12.464,1,1,55.4482
94.0917,0.608068,-7.34325,150.908,161.408,-12.464,1,1,55.4482
94.1,0.607733,-7.34324,150.804,161.304,-12.464,1,1,55.4482
94.1083,0.607398,-7.34324,150.7,161.2,-12.464,1,1,55.4482
94.1167,0.607063,-7.34324,150.596,161.096,-12.464,1,1,55.4482
94.125,0.606729,-7.34323,150.492,160.992,-12.4639,1,1,55.4482
94.1333,0.606394,-7.34323,150.389,160.889,-12.4639,1,1,55.4482
94.1417,0.606059,-7.34322,150.285,160.785,-12.4639,1,1,55.4482
94.15,0.605724,-7.34322,150.181,160.681,-12.4639,1,1,55.4482
94.1583,0.60539,-7.34321,150.077,160.577,-12.4639,1,1,55.4482
94.1667,0.605055,-7.34321,149.973,160.473,-12.4638,1,1,55.4482
94.175,0.60472,-7.3432,149.869,160.369,-12.4638,1,1,55.4482
94.1833,0.604385,-7.3432,149.765,160.265,-12.4638,1,1,55.4482
94.1917,0.604051,-7.34319,149.662,160.162,-12.4638,1,1,55.4482
94.2,0.603716,-7.34319,149.558,160.058,-12.4638,1,1,55.4482
94.2083,0.603381,-7.34318,149.454,159.954,-12.4638,1,1,55.4482
94.2167,0.603046,-7.34318,149.35,159.85,-12.4637,1,1,55.4482
94.225,0.602711,-7.34317,149.246,159.746,-12.4637,1,1,55.4482
94.2333,0.602377,-7.34317,149.142,159.642,-12.4637,1,1,55.4482
94.2417,0.602042,-7.34317,149.038,159.538,-12.4637,1,1,55.4482
94.25,0.601707,-7.34316,148.935,159.435,-12.4637,1,1,55.4482
94.2583,0.601372,-7.34316,148.831,159.331,-12.4636,1,1,55.4482
94.2667,0.601038,-7.34315,148.727,159.227,-12.4636,1,1,55.4482
94.275,0.600703,-7.34315,148.623,159.123,-12.4636,1,1,55.4482
94.2833,0.600368,-7.34314,148.519,159.019,-12.4636,1,1,55.4482
94.2917,0.600033,-7.34314,148.415,158.915,-12.4636,1,1,55.4482
94.3,0.599699,-7.34313,148.311,158.811,-12.4635,1,1,55.4482
94.3083,0.599364,-7.34313,148.207,158.707,-12.4635,1,1,55.4482
94.3167,0.599029,-7.34312,148.104,158.604,-12.4635,1,1,55.4482
94.325,0.598694,-7.34312,148,158.5,-12.4635,1,1,55.4482
94.3333,0.59836,-7.34311,147.896,158.396,-12.4635,1,1,55.4482
94.3417,0.598025,-7.34311,147.792,158.292,-12.4634,1,1,55.4482
94.35,0.59769,-7.3431,147.688,158.188,-12.4634,1,1,55.4482
94.3583,0.597355,-7.3431,147.584,158.084,-12.4634,1,1,55.4482
94.3667,0.597021,-7.3431,147.48,157.98,-12.4634,1,1,55.4482
94.375,0.596686,-7.34309,147.377,157.877,-12.4634,1,1,55.4482
94.3833,0.596351,-7.34309,147.273,157.773,-12.4634,1,1,55.4482
94.3917,0.596016,-7.34308,147.169,157.669,-12.4633,1,1,55.4482
94.4,0.595682,-7.34308,147.065,157.565,-12.4633,1,1,55.4482
94.4083,0.595347,-7.34307,146.961,157.461,-12.4633,1,1,55.4482
94.4167,0.595012,-7.34307,146.857,157.357,-12.4633,1,1,55.4482
94.425,0.594677,-7.34306,146.753,157.253,-12.4633,1,1,55.4482
94.4333,0.594343,-7.34306,146.65,157.15,-12.4632,1,1,55.4482
94.4417,0.594008,-7.34305,146.546,157.046,-12.4632,1,1,55.4482
94.45,0.593673,-7.34305,146.442,156.942,-12.4632,1,1,55.4482
94.4583,0.593338,-7.34304,146.338,156.838,-12.4632,1,1,55.4482
94.4667,0.593004,-7.34304,146.234,156.734,-12.4632,1,1,55.4482
94.475,0.592669,-7.34303,146.13,156.63,-12.4631,1,1,55.4482
94.4833,0.592334,-7.34303,146.026,156.526,-12.4631,1,1,55.4482
94.4917,0.591999,-7.34303,145.923,156.423,-12.4631,1,1,55.4482
94.5,0.591665,-7.34302,145.819,156.319,-12.4631,1,1,55.4482
94.5083,0.59133,-7.34302,145.715,156.215,-12.4631,1,1,55.4482
94.5167,0.590995,-7.34301,145.611,156.111,-12.4631,1,1,55.4482
94.525,0.59066,-7.34301,145.507,156.007,-12.463,1,1,55.4482
94.5333,0.590326,-7.343,145.403,155.903,-12.463,1,1,55.4482
94.5417,0.589991,-7.343,145.299,155.799,-12.463,1,1,55.4482
94.55,0.589656,-7.34299,145.196,155.696,-12.463,1,1,55.4482
94.5583,0.589321,-7.34299,145.092,155.592,-12.463,1,1,55.4482
94.5667,0.588987,-7.34298,144.988,155.488,-12.4629,1,1,55.4482
94.575,0.588652,-7.34298,144.884,155.384,-12.4629,1,1,55.4482
94.5833,0.588317,-7.34297,144.78,155.28,-12.4629,1,1,55.4482
94.5917,0.587982,-7.34297,144.676,155.176,-12.4629,1,1,55.4482
94.6,0.587648,-7.34296,144.572,155.072,-12.4629,1,1,55.4482
94.6083,0.587313,-7.34296,144.468,154.968,-12.4628,1,1,55.4482
94.6167,0.586978,-7.34296,144.365,154.865,-12.4628,1,1,55.4482
94.625,0.586643,-7.34295,144.261,154.761,-12.4628,1,1,55.4482
94.6333,0.586309,-7.34295,144.157,154.657,-12.4628,1,1,55.4482
94.6417,0.585974,-7.34294,144.053,154.553,-12.4628,1,1,55.4482
94.65,0.585639,-7.34294,143.949,154.449,-12.4627,1,1,55.4482
94.6583,0.585304,-7.34293,143.845,154.345,-12.4627,1,1,55.4482
94.6667,0.58497,-7.34293,143.741,154.241,-12.4627,1,1,55.4482
94.675,0.584635,-7.34292,143.638,154.138,-12.4627,1,1,55.4482
94.6833,0.5843,-7.34292,143.534,154.034,-12.4627,1,1,55.4482
94.6917,0.583966,-7.34291,143.43,153.93,-12.4627,1,1,55.4482
94.7,0.583631,-7.34291,143.326,153.826,-12.4626,1,1,55.4482
94.7083,0.583296,-7.3429,143.222,153.722,-12.4626,1,1,55.4482
94.7167,0.582961,-7.3429,143.118,153.618,-12.4626,1,1,55.4482
94.725,0.582627,-7.34289,143.015,153.515,-12.4626,1,1,55.4482
94.7333,0.582292,-7.34289,142.911,153.411,-12.4626,1,1,55.4482
94.7417,0.581957,-7.34289,142.807,153.307,-12.4625,1,1,55.4482
94.75,0.581622,-7.34288,142.703,153.203,-12.4625,1,1,55.4482
94.7583,0.581288,-7.34288,142.599,153.099,-12.4625,1,1,55.4482
94.7667,0.580953,-7.34287,142.495,152.995,-12.4625,1,1,55.4482
94.775,0.580618,-7.34287,142.391,152.891,-12.4625,1,1,55.4482
94.7833,0.580283,-7.34286,142.288,152.788,-12.4624,1,1,55.4482
94.7917,0.579949,-7.34286,142.184,152.684,-12.4624,1,1,55.4482
94.8,0.579614,-7.34285,142.08,152.58,-12.4624,1,1,55.4482
94.8083,0.579279,-7.34285,141.976,152.476,-12.4624,1,1,55.4482
94.8167,0.578945,-7.34284,141.872,152.372,-12.4624,1,1,55.4482
94.825,0.57861,-7.34284,141.768,152.268,-12.4624,1,1,55.4482
94.8333,0.578275,-7.34283,141.664,152.164,-12.4623,1,1,55.4482
94.8417,0.57794,-7.34283,141.561,152.061,-12.4623,1,1,55.4482
94.85,0.577606,-7.34282,141.457,151.957,-12.4623,1,1,55.4482
94.8583,0.577271,-7.34282,141.353,151.853,-12.4623,1,1,55.4482
94.8667,0.576936,-7.34282,141.249,151.749,-12.4623,1,1,55.4482
94.875,0.576601,-7.34281,141.145,151.645,-12.4622,1,1,55.4482
94.8833,0.576267,-7.34281,141.041,151.541,-12.4622,1,1,55.4482
94.8917,0.575932,-7.3428,140.937,151.437,-12.4622,1,1,55.4482
94.9,0.575597,-7.3428,140.834,151.334,-12.4622,1,1,55.4482
94.9083,0.575263,-7.34279,140.73,151.23,-12.4622,1,1,55.4482
94.9167,0.574928,-7.34279,140.626,151.126,-12.4621,1,1,55.4482
94.925,0.574593,-7.34278,140.522,151.022,-12.4621,1,1,55.4482
94.9333,0.574258,-7.34278,140.418,150.918,-12.4621,1,1,55.4482
94.9417,0.573924,-7.34277,140.314,150.814,-12.4621,1,1,55.4482
94.95,0.573589,-7.34277,140.21,150.71,-12.4621,1,1,55.4482
94.9583,0.573254,-7.34276,140.107,150.607,-12.4621,1,1,55.4482
94.9667,0.57292,-7.34276,140.003,150.503,-12.462,1,1,55.4482
94.975,0.572585,-7.34275,139.899,150.399,-12.462,1,1,55.4482
94.9833,0.57225,-7.34275,139.795,150.295,-12.462,1,1,55.4482
94.9917,0.571915,-7.34275,139.691,150.191,-12.462,1,1,55.4482
95,0.571581,-7.34274,139.587,150.087,-12.462,1,1,55.4482
95.0083,0.571246,-7.34274,139.484,149.984,-12.4619,1,1,55.4482
95.0167,0.570911,-7.34273,139.38,149.88,-12.4619,1,1,55.4482
95.025,0.570577,-7.34273,139.276,149.776,-12.4619,1,1,55.4482
95.0333,0.570242,-7.34272,139.172,149.672,-12.4619,1,1,55.4482
95.0417,0.569907,-7.34272,139.068,149.568,-12.4619,1,1,55.4482
95.05,0.569572,-7.34271,138.964,149.464,-12.4618,1,1,55.4482
95.0583,0.569238,-7.34271,138.86,149.36,-12.4618,1,1,55.4482
95.0667,0.568903,-7.3427,138.757,149.257,-12.4618,1,1,55.4482
95.075,0.568568,-7.3427,138.653,149.153,-12.4618,1,1,55.4482
95.0833,0.568234,-7.34269,138.549,149.049,-12.4618,1,1,55.4482
95.0917,0.567899,-7.34269,138.445,148.945,-12.4617,1,1,55.4482
95.1,0.567564,-7.34268,138.341,148.841,-12.4617,1,1,55.4482
95.1083,0.567229,-7.34268,138.237,148.737,-12.4617,1,1,55.4482
95.1167,0.566895,-7.34268,138.133,148.633,-12.4617,1,1,55.4482
95.125,0.56656,-7.34267,138.03,148.53,-12.4617,1,1,55.4482
95.1333,0.566225,-7.34267,137.926,148.426,-12.4617,1,1,55.4482
95.1417,0.565891,-7.34266,137.822,148.322,-12.4616,1,1,55.4482
95.15,0.565556,-7.34266,137.718,148.218,-12.4616,1,1,55.4482
95.1583,0.565221,-7.34265,137.614,148.114,-12.4616,1,1,55.4482
95.1667,0.564886,-7.34265,137.51,148.01,-12.4616,1,1,55.4482
95.175,0.564552,-7.34264,137.407,147.907,-12.4616,1,1,55.4482
95.1833,0.564217,-7.34264,137.303,147.803,-12.4615,1,1,55.4482
95.1917,0.563882,-7.34263,137.199,147.699,-12.4615,1,1,55.4482
95.2,0.563548,-7.34263,137.095,147.595,-12.4615,1,1,55.4482
95.2083,0.563213,-7.34262,136.991,147.491,-12.4615,1,1,55.4482
95.2167,0.562878,-7.34262,136.887,147.387,-12.4615,1,1,55.4482
95.225,0.562543,-7.34261,136.783,147.283,-12.4614,1,1,55.4482
95.2333,0.562209,-7.34261,136.68,147.18,-12.4614,1,1,55.4482
95.2417,0.561874,-7.34261,136.576,147.076,-12.4614,1,1,55.4482
95.25,0.561539,-7.3426,136.472,146.972,-12.4614,1,1,55.4482
95.2583,0.561205,-7.3426,136.368,146.868,-12.4614,1,1,55.4482
95.2667,0.56087,-7.34259,136.264,146.764,-12.4614,1,1,55.4482
95.275,0.560535,-7.34259,136.16,146.66,-12.4613,1,1,55.4482
95.2833,0.560201,-7.34258,136.057,146.557,-12.4613,1,1,55.4482
95.2917,0.559866,-7.34258,135.953,146.453,-12.4613,1,1,55.4482
95.3,0.559531,-7.34257,135.849,146.349,-12.4613,1,1,55.4482
95.3083,0.559197,-7.34257,135.745,146.245,-12.4613,1,1,55.4482
95.3167,0.558862,-7.34256,135.641,146.141,-12.4612,1,1,55.4482
95.325,0.558527,-7.34256,135.537,146.037,-12.4612,1,1,55.4482
95.3333,0.558192,-7.34255,135.433,145.933,-12.4612,1,1,55.4482
95.3417,0.557858,-7.34255,135.33,145.83,-12.4612,1,1,55.4482
95.35,0.557523,-7.34254,135.226,145.726,-12.4612,1,1,55.4482
95.3583,0.557188,-7.34254,135.122,145.622,-12.4611,1,1,55.4482
95.3667,0.556854,-7.34254,135.018,145.518,-12.4611,1,1,55.4482
95.375,0.556519,-7.34253,134.914,145.414,-12.4611,1,1,55.4482
95.3833,0.556184,-7.34253,134.81,145.31,-12.4611,1,1,55.4482
95.3917,0.55585,-7.34252,134.707,145.207,-12.4611,1,1,55.4482
95.4,0.555515,-7.34252,134.603,145.103,-12.461,1,1,55.4482
95.4083,0.55518,-7.34251,134.499,144.999,-12.461,1,1,55.4482
95.4167,0.554845,-7.34251,134.395,144.895,-12.461,1,1,55.4482
95.425,0.554511,-7.3425,134.291,144.791,-12.461,1,1,55.4482
95.4333,0.554176,-7.3425,134.187,144.687,-12.461,1,1,55.4482
95.4417,0.553841,-7.34249,134.084,144.584,-12.461,1,1,55.4482
95.45,0.553507,-7.34249,133.98,144.48,-12.4609,1,1,55.4482
95.4583,0.553172,-7.34248,133.876,144.376,-12.4609,1,1,55.4482
95.4667,0.552837,-7.34248,133.772,144.272,-12.4609,1,1,55.4482
95.475,0.552503,-7.34247,133.668,144.168,-12.4609,1,1,55.4482
95.4833,0.552168,-7.34247,133.564,144.064,-12.4609,1,1,55.4482
95.4917,0.551833,-7.34247,133.46,143.96,-12.4608,1,1,55.4482
95.5,0.551499,-7.34246,133.357,143.857,-12.4608,1,1,55.4482
95.5083,0.551164,-7.34246,133.253,143.753,-12.4608,1,1,55.4482
95.5167,0.550829,-7.34245,133.149,143.649,-12.4608,1,1,55.4482
95.525,0.550495,-7.34245,133.045,143.545,-12.4608,1,1,55.4482
95.5333,0.55016,-7.34244,132.941,143.441,-12.4607,1,1,55.4482
95.5417,0.549825,-7.34244,132.837,143.337,-12.4607,1,1,55.4482
95.55,0.54949,-7.34243,132.734,143.234,-12.4607,1,1,55.4482
95.5583,0.549156,-7.34243,132.63,143.13,-12.4607,1,1,55.4482
95.5667,0.548821,-7.34242,132.526,143.026,-12.4607,1,1,55.4482
95.575,0.548486,-7.34242,132.422,142.922,-12.4607,1,1,55.4482
95.5833,0.548152,-7.34241,132.318,142.818,-12.4606,1,1,55.4482
95.5917,0.547817,-7.34241,132.214,142.714,-12.4606,1,1,55.4482
95.6,0.547482,-7.3424,132.111,142.611,-12.4606,1,1,55.4482
95.6083,0.547148,-7.3424,132.007,142.507,-12.4606,1,1,55.4482
95.6167,0.546813,-7.3424,131.903,142.403,-12.4606,1,1,55.4482
95.625,0.546478,-7.34239,131.799,142.299,-12.4605,1,1,55.4482
95.6333,0.546144,-7.34239,131.695,142.195,-12.4605,1,1,55.4482
95.6417,0.545809,-7.34238,131.591,142.091,-12.4605,1,1,55.4482
95.65,0.545474,-7.34238,131.488,141.988,-12.4605,1,1,55.4482
95.6583,0.54514,-7.34237,131.384,141.884,-12.4605,1,1,55.4482
95.6667,0.544805,-7.34237,131.28,141.78,-12.4604,1,1,55.4482
95.675,0.54447,-7.34236,131.176,141.676,-12.4604,1,1,55.4482
95.6833,0.544136,-7.34236,131.072,141.572,-12.4604,1,1,55.4482
95.6917,0.543801,-7.34235,130.968,141.468,-12.4604,1,1,55.4482
95.7,0.543466,-7.34235,130.865,141.365,-12.4604,1,1,55.4482
95.7083,0.543132,-7.34234,130.761,141.261,-12.4604,1,1,55.4482
95.7167,0.542797,-7.34234,130.657,141.157,-12.4603,1,1,55.4482
95.725,0.542462,-7.34233,130.553,141.053,-12.4603,1,1,55.4482
95.7333,0.542128,-7.34233,130.449,140.949,-12.4603,1,1,55.4482
95.7417,0.541793,-7.34233,130.345,140.845,-12.4603,1,1,55.4482
95.75,0.541458,-7.34232,130.241,140.741,-12.4603,1,1,55.4482
95.7583,0.541124,-7.34232,130.138,140.638,-12.4602,1,1,55.4482
95.7667,0.540789,-7.34231,130.034,140.534,-12.4602,1,1,55.4482
95.775,0.540454,-7.34231,129.93,140.43,-12.4602,1,1,55.4482
95.7833,0.54012,-7.3423,129.826,140.326,-12.4602,1,1,55.4482
95.7917,0.539785,-7.3423,129.722,140.222,-12.4602,1,1,55.4482
95.8,0.53945,-7.34229,129.618,140.118,-12.4601,1,1,55.4482
95.8083,0.539116,-7.34229,129.515,140.015,-12.4601,1,1,55.4482
95.8167,0.538781,-7.34228,129.411,139.911,-12.4601,1,1,55.4482
95.825,0.538446,-7.34228,129.307,139.807,-12.4601,1,1,55.4482
95.8333,0.538112,-7.34227,129.203,139.703,-12.4601,1,1,55.4482
95.8417,0.537777,-7.34227,129.099,139.599,-12.46,1,1,55.4482
95.85,0.537442,-7.34226,128.995,139.495,-12.46,1,1,55.4482
95.8583,0.537108,-7.34226,128.892,139.392,-12.46,1,1,55.4482
95.8667,0.536773,-7.34226,128.788,139.288,-12.46,1,1,55.4482
95.875,0.536438,-7.34225,128.684,139.184,-12.46,1,1,55.4482
95.8833,0.536104,-7.34225,128.58,139.08,-12.46,1,1,55.4482
95.8917,0.535769,-7.34224,128.476,138.976,-12.4599,1,1,55.4482
95.9,0.535434,-7.34224,128.372,138.872,-12.4599,1,1,55.4482
95.9083,0.5351,-7.34223,128.269,138.769,-12.4599,1,1,55.4482
95.9167,0.534765,-7.34223,128.165,138.665,-12.4599,1,1,55.4482
95.925,0.53443,-7.34222,128.061,138.561,-12.4599,1,1,55.4482
95.9333,0.534096,-7.34222,127.957,138.457,-12.4598,1,1,55.4482
95.9417,0.533761,-7.34221,127.853,138.353,-12.4598,1,1,55.4482
95.95,0.533426,-7.34221,127.749,138.249,-12.4598,1,1,55.4482
95.9583,0.533092,-7.3422,127.646,138.146,-12.4598,1,1,55.4482
95.9667,0.532757,-7.3422,127.542,138.042,-12.4598,1,1,55.4482
95.975,0.532422,-7.34219,127.438,137.938,-12.4597,1,1,55.4482
95.9833,0.532088,-7.34219,127.334,137.834,-12.4597,1,1,55.4482
95.9917,0.531753,-7.34219,127.23,137.73,-12.4597,1,1,55.4482
96,0.531418,-7.34218,127.126,137.626,-12.4597,1,1,55.4482
96.0083,0.531084,-7.34218,127.023,137.523,-12.4597,1,1,55.4482
96.0167,0.530749,-7.34217,126.919,137.419,-12.4597,1,1,55.4482
96.025,0.530414,-7.34217,126.815,137.315,-12.4596,1,1,55.4482
96.0333,0.53008,-7.34216,126.711,137.211,-12.4596,1,1,55.4482
96.0417,0.529745,-7.34216,126.607,137.107,-12.4596,1,1,55.4482
96.05,0.52941,-7.34215,126.503,137.003,-12.4596,1,1,55.4482
96.0583,0.529076,-7.34215,126.4,136.9,-12.4596,1,1,55.4482
96.0667,0.528741,-7.34214,126.296,136.796,-12.4595,1,1,55.4482
96.075,0.528406,-7.34214,126.192,136.692,-12.4595,1,1,55.4482
96.0833,0.528072,-7.34213,126.088,136.588,-12.4595,1,1,55.4482
96.0917,0.527737,-7.34213,125.984,136.484,-12.4595,1,1,55.4482
96.1,0.527403,-7.34212,125.881,136.381,-12.4595,1,1,55.4482
96.1083,0.527068,-7.34212,125.777,136.277,-12.4594,1,1,55.4482
96.1167,0.526733,-7.34212,125.673,136.173,-12.4594,1,1,55.4482
96.125,0.526399,-7.34211,125.569,136.069,-12.4594,1,1,55.4482
96.1333,0.526064,-7.34211,125.465,135.965,-12.4594,1,1,55.4482
96.1417,0.525729,-7.3421,125.361,135.861,-12.4594,1,1,55.4482
96.15,0.525395,-7.3421,125.258,135.758,-12.4593,1,1,55.4482
96.1583,0.52506,-7.34209,125.154,135.654,-12.4593,1,1,55.4482
96.1667,0.524725,-7.34209,125.05,135.55,-12.4593,1,1,55.4482
96.175,0.524391,-7.34208,124.946,135.446,-12.4593,1,1,55.4482
96.1833,0.524056,-7.34208,124.842,135.342,-12.4593,1,1,55.4482
96.1917,0.523721,-7.34207,124.738,135.238,-12.4593,1,1,55.4482
96.2,0.523387,-7.34207,124.635,135.135,-12.4592,1,1,55.4482
96.2083,0.523052,-7.34206,124.531,135.031,-12.4592,1,1,55.4482
96.2167,0.522717,-7.34206,124.427,134.927,-12.4592,1,1,55.4482
96.225,0.522383,-7.34205,124.323,134.823,-12.4592,1,1,55.4482
96.2333,0.522048,-7.34205,124.219,134.719,-12.4592,1,1,55.4482
96.2417,0.521714,-7.34205,124.115,134.615,-12.4591,1,1,55.4482
96.25,0.521379,-7.34204,124.012,134.512,-12.4591,1,1,55.4482
96.2583,0.521044,-7.34204,123.908,134.408,-12.4591,1,1,55.4482
96.2667,0.52071,-7.34203,123.804,134.304,-12.4591,1,1,55.4482
96.275,0.520375,-7.34203,123.7,134.2,-12.4591,1,1,55.4482
96.2833,0.52004,-7.34202,123.596,134.096,-12.459,1,1,55.4482
96.2917,0.519706,-7.34202,123.492,133.992,-12.459,1,1,55.4482
96.3,0.519371,-7.34201,123.389,133.889,-12.459,1,1,55.4482
96.3083,0.519036,-7.34201,123.285,133.785,-12.459,1,1,55.4482
96.3167,0.518702,-7.342,123.181,133.681,-12.459,1,1,55.4482
96.325,0.518367,-7.342,123.077,133.577,-12.459,1,1,55.4482
96.3333,0.518033,-7.34199,122.973,133.473,-12.4589,1,1,55.4482
96.3417,0.517698,-7.34199,122.87,133.37,-12.4589,1,1,55.4482
96.35,0.517363,-7.34198,122.766,133.266,-12.4589,1,1,55.4482
96.3583,0.517029,-7.34198,122.662,133.162,-12.4589,1,1,55.4482
96.3667,0.516694,-7.34198,122.558,133.058,-12.4589,1,1,55.4482
96.375,0.516359,-7.34197,122.454,132.954,-12.4588,1,1,55.4482
96.3833,0.516025,-7.34197,122.35,132.85,-12.4588,1,1,55.4482
96.3917,0.51569,-7.34196,122.247,132.747,-12.4588,1,1,55.4482
96.4,0.515355,-7.34196,122.143,132.643,-12.4588,1,1,55.4482
96.4083,0.515021,-7.34195,122.039,132.539,-12.4588,1,1,55.4482
96.4167,0.514686,-7.34195,121.935,132.435,-12.4587,1,1,55.4482
96.425,0.514352,-7.34194,121.831,132.331,-12.4587,1,1,55.4482
96.4333,0.514017,-7.34194,121.727,132.227,-12.4587,1,1,55.4482
96.4417,0.513682,-7.34193,121.624,132.124,-12.4587,1,1,55.4482
96.45,0.513348,-7.34193,121.52,132.02,-12.4587,1,1,55.4482
96.4583,0.513013,-7.34192,121.416,131.916,-12.4587,1,1,55.4482
96.4667,0.512678,-7.34192,121.312,131.812,-12.4586,1,1,55.4482
96.475,0.512344,-7.34191,121.208,131.708,-12.4586,1,1,55.4482
96.4833,0.512009,-7.34191,121.105,131.605,-12.4586,1,1,55.4482
96.4917,0.511675,-7.34191,121.001,131.501,-12.4586,1,1,55.4482
96.5,0.51134,-7.3419,120.897,131.397,-12.4586,1,1,55.4482
96.5083,0.511005,-7.3419,120.793,131.293,-12.4585,1,1,55.4482
96.5167,0.510671,-7.34189,120.689,131.189,-12.4585,1,1,55.4482
96.525,0.510336,-7.34189,120.585,131.085,-12.4585,1,1,55.4482
96.5333,0.510001,-7.34188,120.482,130.982,-12.4585,1,1,55.4482
96.5417,0.509667,-7.34188,120.378,130.878,-12.4585,1,1,55.4482
96.55,0.509332,-7.34187,120.274,130.774,-12.4584,1,1,55.4482
96.5583,0.508998,-7.34187,120.17,130.67,-12.4584,1,1,55.4482
96.5667,0.508663,-7.34186,120.066,130.566,-12.4584,1,1,55.4482
96.575,0.508328,-7.34186,119.962,130.462,-12.4584,1,1,55.4482
96.5833,0.507994,-7.34185,119.859,130.359,-12.4584,1,1,55.4482
96.5917,0.507659,-7.34185,119.755,130.255,-12.4583,1,1,55.4482
96.6,0.507324,-7.34184,119.651,130.151,-12.4583,1,1,55.4482
96.6083,0.50699,-7.34184,119.547,130.047,-12.4583,1,1,55.4482
96.6167,0.506655,-7.34184,119.443,129.943,-12.4583,1,1,55.4482
96.625,0.506321,-7.34183,119.34,129.84,-12.4583,1,1,55.4482
96.6333,0.505986,-7.34183,119.236,129.736,-12.4583,1,1,55.4482
96.6417,0.505651,-7.34182,119.132,129.632,-12.4582,1,1,55.4482
96.65,0.505317,-7.34182,119.028,129.528,-12.4582,1,1,55.4482
96.6583,0.504982,-7.34181,118.924,129.424,-12.4582,1,1,55.4482
96.6667,0.504648,-7.34181,118.82,129.32,-12.4582,1,1,55.4482
96.675,0.504313,-7.3418,118.717,129.217,-12.4582,1,1,55.4482
96.6833,0.503978,-7.3418,118.613,129.113,-12.4581,1,1,55.4482
96.6917,0.503644,-7.34179,118.509,129.009,-12.4581,1,1,55.4482
96.7,0.503309,-7.34179,118.405,128.905,-12.4581,1,1,55.4482
96.7083,0.502974,-7.34178,118.301,128.801,-12.4581,1,1,55.4482
96.7167,0.50264,-7.34178,118.198,128.698,-12.4581,1,1,55.4482
96.725,0.502305,-7.34177,118.094,128.594,-12.458,1,1,55.4482
96.7333,0.501971,-7.34177,117.99,128.49,-12.458,1,1,55.4482
96.7417,0.501636,-7.34177,117.886,128.386,-12.458,1,1,55.4482
96.75,0.501301,-7.34176,117.782,128.282,-12.458,1,1,55.4482
96.7583,0.500967,-7.34176,117.678,128.178,-12.458,1,1,55.4482
96.7667,0.500632,-7.34175,117.575,128.075,-12.458,1,1,55.4482
96.775,0.500298,-7.34175,117.471,127.971,-12.4579,1,1,55.4482
96.7833,0.499963,-7.34174,117.367,127.867,-12.4579,1,1,55.4482
96.7917,0.499628,-7.34174,117.263,127.763,-12.4579,1,1,55.4482
96.8,0.499294,-7.34173,117.159,127.659,-12.4579,1,1,55.4482
96.8083,0.498959,-7.34173,117.056,127.556,-12.4579,1,1,55.4482
96.8167,0.498625,-7.34172,116.952,127.452,-12.4578,1,1,55.4482
96.825,0.49829,-7.34172,116.848,127.348,-12.4578,1,1,55.4482
96.8333,0.497955,-7.34171,116.744,127.244,-12.4578,1,1,55.4482
96.8417,0.497621,-7.34171,116.64,127.14,-12.4578,1,1,55.4482
96.85,0.497286,-7.3417,116.537,127.037,-12.4578,1,1,55.4482
96.8583,0.496952,-7.3417,116.433,126.933,-12.4577,1,1,55.4482
96.8667,0.496617,-7.3417,116.329,126.829,-12.4577,1,1,55.4482
96.875,0.496282,-7.34169,116.225,126.725,-12.4577,1,1,55.4482
96.8833,0.495948,-7.34169,116.121,126.621,-12.4577,1,1,55.4482
96.8917,0.495613,-7.34168,116.017,126.517,-12.4577,1,1,55.4482
96.9,0.495279,-7.34168,115.914,126.414,-12.4577,1,1,55.4482
96.9083,0.494944,-7.34167,115.81,126.31,-12.4576,1,1,55.4482
96.9167,0.494609,-7.34167,115.706,126.206,-12.4576,1,1,55.4482
96.925,0.494275,-7.34166,115.602,126.102,-12.4576,1,1,55.4482
96.9333,0.49394,-7.34166,115.498,125.998,-12.4576,1,1,55.4482
96.9417,0.493606,-7.34165,115.395,125.895,-12.4576,1,1,55.4482
96.95,0.493271,-7.34165,115.291,125.791,-12.4575,1,1,55.4482
96.9583,0.492936,-7.34164,115.187,125.687,-12.4575,1,1,55.4482
96.9667,0.492602,-7.34164,115.083,125.583,-12.4575,1,1,55.4482
96.975,0.492267,-7.34163,114.979,125.479,-12.4575,1,1,55.4482
96.9833,0.491933,-7.34163,114.875,125.375,-12.4575,1,1,55.4482
96.9917,0.491598,-7.34163,114.772,125.272,-12.4574,1,1,55.4482
97,0.491263,-7.34162,114.668,125.168,-12.4574,1,1,55.4482
97.0083,0.490929,-7.34162,114.564,125.064,-12.4574,1,1,55.4482
97.0167,0.490594,-7.34161,114.46,124.96,-12.4574,1,1,55.4482
97.025,0.49026,-7.34161,114.356,124.856,-12.4574,1,1,55.4482
97.0333,0.489925,-7.3416,114.253,124.753,-12.4573,1,1,55.4482
97.0417,0.48959,-7.3416,114.149,124.649,-12.4573,1,1,55.4482
97.05,0.489256,-7.34159,114.045,124.545,-12.4573,1,1,55.4482
97.0583,0.488921,-7.34159,113.941,124.441,-12.4573,1,1,55.4482
97.0667,0.488587,-7.34158,113.837,124.337,-12.4573,1,1,55.4482
97.075,0.488252,-7.34158,113.734,124.234,-12.4573,1,1,55.4482
97.0833,0.487917,-7.34157,113.63,124.13,-12.4572,1,1,55.4482
97.0917,0.487583,-7.34157,113.526,124.026,-12.4572,1,1,55.4482
97.1,0.487248,-7.34156,113.422,123.922,-12.4572,1,1,55.4482
97.1083,0.486914,-7.34156,113.318,123.818,-12.4572,1,1,55.4482
97.1167,0.486579,-7.34156,113.214,123.714,-12.4572,1,1,55.4482
97.125,0.486244,-7.34155,113.111,123.611,-12.4571,1,1,55.4482
97.1333,0.48591,-7.34155,113.007,123.507,-12.4571,1,1,55.4482
97.1417,0.485575,-7.34154,112.903,123.403,-12.4571,1,1,55.4482
97.15,0.485241,-7.34154,112.799,123.299,-12.4571,1,1,55.4482
97.1583,0.484906,-7.34153,112.695,123.195,-12.4571,1,1,55.4482
97.1667,0.484572,-7.34153,112.592,123.092,-12.457,1,1,55.4482
97.175,0.484237,-7.34152,112.488,122.988,-12.457,1,1,55.4482
97.1833,0.483902,-7.34152,112.384,122.884,-12.457,1,1,55.4482
97.1917,0.483568,-7.34151,112.28,122.78,-12.457,1,1,55.4482
97.2,0.483233,-7.34151,112.176,122.676,-12.457,1,1,55.4482
97.2083,0.482899,-7.3415,112.073,122.573,-12.457,1,1,55.4482
97.2167,0.482564,-7.3415,111.969,122.469,-12.4569,1,1,55.4482
97.225,0.482229,-7.34149,111.865,122.365,-12.4569,1,1,55.4482
97.2333,0.481895,-7.34149,111.761,122.261,-12.4569,1,1,55.4482
97.2417,0.48156,-7.34149,111.657,122.157,-12.4569,1,1,55.4482
97.25,0.481226,-7.34148,111.554,122.054,-12.4569,1,1,55.4482
97.2583,0.480891,-7.34148,111.45,121.95,-12.4568,1,1,55.4482
97.2667,0.480557,-7.34147,111.346,121.846,-12.4568,1,1,55.4482
97.275,0.480222,-7.34147,111.242,121.742,-12.4568,1,1,55.4482
97.2833,0.479887,-7.34146,111.138,121.638,-12.4568,1,1,55.4482
97.2917,0.479553,-7.34146,111.035,121.535,-12.4568,1,1,55.4482
97.3,0.479218,-7.34145,110.931,121.431,-12.4567,1,1,55.4482
97.3083,0.478884,-7.34145,110.827,121.327,-12.4567,1,1,55.4482
97.3167,0.478549,-7.34144,110.723,121.223,-12.4567,1,1,55.4482
97.325,0.478215,-7.34144,110.619,121.119,-12.4567,1,1,55.4482
97.3333,0.47788,-7.34143,110.515,121.015,-12.4567,1,1,55.4482
97.3417,0.477545,-7.34143,110.412,120.912,-12.4566,1,1,55.4482
97.35,0.477211,-7.34142,110.308,120.808,-12.4566,1,1,55.4482
97.3583,0.476876,-7.34142,110.204,120.704,-12.4566,1,1,55.4482
97.3667,0.476542,-7.34142,110.1,120.6,-12.4566,1,1,55.4482
97.375,0.476207,-7.34141,109.996,120.496,-12.4566,1,1,55.4482
97.3833,0.475873,-7.34141,109.893,120.393,-12.4566,1,1,55.4482
97.3917,0.475538,-7.3414,109.789,120.289,-12.4565,1,1,55.4482
97.4,0.475203,-7.3414,109.685,120.185,-12.4565,1,1,55.4482
97.4083,0.474869,-7.34139,109.581,120.081,-12.4565,1,1,55.4482
97.4167,0.474534,-7.34139,109.477,119.977,-12.4565,1,1,55.4482
97.425,0.4742,-7.34138,109.374,119.874,-12.4565,1,1,55.4482
97.4333,0.473865,-7.34138,109.27,119.77,-12.4564,1,1,55.4482
97.4417,0.473531,-7.34137,109.166,119.666,-12.4564,1,1,55.4482
97.45,0.473196,-7.34137,109.062,119.562,-12.4564,1,1,55.4482
97.4583,0.472861,-7.34136,108.958,119.458,-12.4564,1,1,55.4482
97.4667,0.472527,-7.34136,108.855,119.355,-12.4564,1,1,55.4482
97.475,0.472192,-7.34136,108.751,119.251,-12.4563,1,1,55.4482
97.4833,0.471858,-7.34135,108.647,119.147,-12.4563,1,1,55.4482
97.4917,0.471523,-7.34135,108.543,119.043,-12.4563,1,1,55.4482
97.5,0.471189,-7.34134,108.439,118.939,-12.4563,1,1,55.4482
97.5083,0.470854,-7.34134,108.336,118.836,-12.4563,1,1,55.4482
97.5167,0.470519,-7.34133,108.232,118.732,-12.4563,1,1,55.4482
97.525,0.470185,-7.34133,108.128,118.628,-12.4562,1,1,55.4482
97.5333,0.46985,-7.34132,108.024,118.524,-12.4562,1,1,55.4482
97.5417,0.469516,-7.34132,107.92,118.42,-12.4562,1,1,55.4482
97.55,0.469181,-7.34131,107.817,118.317,-12.4562,1,1,55.4482
97.5583,0.468847,-7.34131,107.713,118.213,-12.4562,1,1,55.4482
97.5667,0.468512,-7.3413,107.609,118.109,-12.4561,1,1,55.4482
97.575,0.468178,-7.3413,107.505,118.005,-12.4561,1,1,55.4482
97.5833,0.467843,-7.34129,107.401,117.901,-12.4561,1,1,55.4482
97.5917,0.467508,-7.34129,107.298,117.798,-12.4561,1,1,55.4482
97.6,0.467174,-7.34129,107.194,117.694,-12.4561,1,1,55.4482
97.6083,0.466839,-7.34128,107.09,117.59,-12.456,1,1,55.4482
97.6167,0.466505,-7.34128,106.986,117.486,-12.456,1,1,55.4482
97.625,0.46617,-7.34127,106.882,117.382,-12.456,1,1,55.4482
97.6333,0.465836,-7.34127,106.779,117.279,-12.456,1,1,55.4482
97.6417,0.465501,-7.34126,106.675,117.175,-12.456,1,1,55.4482
97.65,0.465166,-7.34126,106.571,117.071,-12.456,1,1,55.4482
97.6583,0.464832,-7.34125,106.467,116.967,-12.4559,1,1,55.4482
97.6667,0.464497,-7.34125,106.363,116.863,-12.4559,1,1,55.4482
97.675,0.464163,-7.34124,106.26,116.76,-12.4559,1,1,55.4482
97.6833,0.463828,-7.34124,106.156,116.656,-12.4559,1,1,55.4482
97.6917,0.463494,-7.34123,106.052,116.552,-12.4559,1,1,55.4482
97.7,0.463159,-7.34123,105.948,116.448,-12.4558,1,1,55.4482
97.7083,0.462825,-7.34122,105.844,116.344,-12.4558,1,1,55.4482
97.7167,0.46249,-7.34122,105.741,116.241,-12.4558,1,1,55.4482
97.725,0.462156,-7.34122,105.637,116.137,-12.4558,1,1,55.4482
97.7333,0.461821,-7.34121,105.533,116.033,-12.4558,1,1,55.4482
97.7417,0.461486,-7.34121,105.429,115.929,-12.4557,1,1,55.4482
97.75,0.461152,-7.3412,105.325,115.825,-12.4557,1,1,55.4482
97.7583,0.460817,-7.3412,105.222,115.722,-12.4557,1,1,55.4482
97.7667,0.460483,-7.34119,105.118,115.618,-12.4557,1,1,55.4482
97.775,0.460148,-7.34119,105.014,115.514,-12.4557,1,1,55.4482
97.7833,0.459814,-7.34118,104.91,115.41,-12.4556,1,1,55.4482
97.7917,0.459479,-7.34118,104.806,115.306,-12.4556,1,1,55.4482
97.8,0.459145,-7.34117,104.703,115.203,-12.4556,1,1,55.4482
97.8083,0.45881,-7.34117,104.599,115.099,-12.4556,1,1,55.4482
97.8167,0.458475,-7.34116,104.495,114.995,-12.4556,1,1,55.4482
97.825,0.458141,-7.34116,104.391,114.891,-12.4556,1,1,55.4482
97.8333,0.457806,-7.34115,104.287,114.787,-12.4555,1,1,55.4482
97.8417,0.457472,-7.34115,104.184,114.684,-12.4555,1,1,55.4482
97.85,0.457137,-7.34115,104.08,114.58,-12.4555,1,1,55.4482
97.8583,0.456803,-7.34114,103.976,114.476,-12.4555,1,1,55.4482
97.8667,0.456468,-7.34114,103.872,114.372,-12.4555,1,1,55.4482
97.875,0.456134,-7.34113,103.768,114.268,-12.4554,1,1,55.4482
97.8833,0.455799,-7.34113,103.665,114.165,-12.4554,1,1,55.4482
97.8917,0.455465,-7.34112,103.561,114.061,-12.4554,1,1,55.4482
97.9,0.45513,-7.34112,103.457,113.957,-12.4554,1,1,55.4482
97.9083,0.454796,-7.34111,103.353,113.853,-12.4554,1,1,55.4482
97.9167,0.454461,-7.34111,103.249,113.749,-12.4553,1,1,55.4482
97.925,0.454126,-7.3411,103.146,113.646,-12.4553,1,1,55.4482
97.9333,0.453792,-7.3411,103.042,113.542,-12.4553,1,1,55.4482
97.9417,0.453457,-7.34109,102.938,113.438,-12.4553,1,1,55.4482
97.95,0.453123,-7.34109,102.834,113.334,-12.4553,1,1,55.4482
97.9583,0.452788,-7.34108,102.73,113.23,-12.4553,1,1,55.4482
97.9667,0.452454,-7.34108,102.627,113.127,-12.4552,1,1,55.4482
97.975,0.452119,-7.34108,102.523,113.023,-12.4552,1,1,55.4482
97.9833,0.451785,-7.34107,102.419,112.919,-12.4552,1,1,55.4482
97.9917,0.45145,-7.34107,102.315,112.815,-12.4552,1,1,55.4482
98,0.451116,-7.34106,102.211,112.711,-12.4552,1,1,55.4482
98.0083,0.450781,-7.34106,102.108,112.608,-12.4551,1,1,55.4482
98.0167,0.450447,-7.34105,102.004,112.504,-12.4551,1,1,55.4482
98.025,0.450112,-7.34105,101.9,112.4,-12.4551,1,1,55.4482
98.0333,0.449778,-7.34104,101.796,112.296,-12.4551,1,1,55.4482
98.0417,0.449443,-7.34104,101.693,112.193,-12.4551,1,1,55.4482
98.05,0.449108,-7.34103,101.589,112.089,-12.455,1,1,55.4482
98.0583,0.448774,-7.34103,101.485,111.985,-12.455,1,1,55.4482
98.0667,0.448439,-7.34102,101.381,111.881,-12.455,1,1,55.4482
98.075,0.448105,-7.34102,101.277,111.777,-12.455,1,1,55.4482
98.0833,0.44777,-7.34101,101.174,111.674,-12.455,1,1,55.4482
98.0917,0.447436,-7.34101,101.07,111.57,-12.455,1,1,55.4482
98.1,0.447101,-7.34101,100.966,111.466,-12.4549,1,1,55.4482
98.1083,0.446767,-7.341,100.862,111.362,-12.4549,1,1,55.4482
98.1167,0.446432,-7.341,100.758,111.258,-12.4549,1,1,55.4482
98.125,0.446098,-7.34099,100.655,111.155,-12.4549,1,1,55.4482
98.1333,0.445763,-7.34099,100.551,111.051,-12.4549,1,1,55.4482
98.1417,0.445429,-7.34098,100.447,110.947,-12.4548,1,1,55.4482
98.15,0.445094,-7.34098,100.343,110.843,-12.4548,1,1,55.4482
98.1583,0.44476,-7.34097,100.239,110.739,-12.4548,1,1,55.4482
98.1667,0.444425,-7.34097,100.136,110.636,-12.4548,1,1,55.4482
98.175,0.444091,-7.34096,100.032,110.532,-12.4548,1,1,55.4482
98.1833,0.443756,-7.34096,99.9281,110.428,-12.4547,1,1,55.4482
98.1917,0.443421,-7.34095,99.8243,110.324,-12.4547,1,1,55.4482
98.2,0.443087,-7.34095,99.7205,110.22,-12.4547,1,1,55.4482
98.2083,0.442752,-7.34094,99.6167,110.117,-12.4547,1,1,55.4482
98.2167,0.442418,-7.34094,99.5129,110.013,-12.4547,1,1,55.4482
98.225,0.442083,-7.34094,99.4091,109.909,-12.4546,1,1,55.4482
98.2333,0.441749,-7.34093,99.3053,109.805,-12.4546,1,1,55.4482
98.2417,0.441414,-7.34093,99.2016,109.702,-12.4546,1,1,55.4482
98.25,0.44108,-7.34092,99.0978,109.598,-12.4546,1,1,55.4482
98.2583,0.440745,-7.34092,98.994,109.494,-12.4546,1,1,55.4482
98.2667,0.440411,-7.34091,98.8902,109.39,-12.4546,1,1,55.4482
98.275,0.440076,-7.34091,98.7864,109.286,-12.4545,1,1,55.4482
98.2833,0.439742,-7.3409,98.6826,109.183,-12.4545,1,1,55.4482
98.2917,0.439407,-7.3409,98.5788,109.079,-12.4545,1,1,55.4482
98.3,0.439073,-7.34089,98.475,108.975,-12.4545,1,1,55.4482
98.3083,0.438738,-7.34089,98.3712,108.871,-12.4545,1,1,55.4482
98.3167,0.438404,-7.34088,98.2675,108.767,-12.4544,1,1,55.4482
98.325,0.438069,-7.34088,98.1637,108.664,-12.4544,1,1,55.4482
98.3333,0.437735,-7.34087,98.0599,108.56,-12.4544,1,1,55.4482
98.3417,0.4374,-7.34087,97.9561,108.456,-12.4544,1,1,55.4482
98.35,0.437066,-7.34087,97.8523,108.352,-12.4544,1,1,55.4482
98.3583,0.436731,-7.34086,97.7485,108.249,-12.4543,1,1,55.4482
98.3667,0.436397,-7.34086,97.6447,108.145,-12.4543,1,1,55.4482
98.375,0.436062,-7.34085,97.5409,108.041,-12.4543,1,1,55.4482
98.3833,0.435728,-7.34085,97.4372,107.937,-12.4543,1,1,55.4482
98.3917,0.435393,-7.34084,97.3334,107.833,-12.4543,1,1,55.4482
98.4,0.435059,-7.34084,97.2296,107.73,-12.4543,1,1,55.4482
98.4083,0.434724,-7.34083,97.1258,107.626,-12.4542,1,1,55.4482
98.4167,0.43439,-7.34083,97.022,107.522,-12.4542,1,1,55.4482
98.425,0.434055,-7.34082,96.9182,107.418,-12.4542,1,1,55.4482
98.4333,0.433721,-7.34082,96.8144,107.314,-12.4542,1,1,55.4482
98.4417,0.433386,-7.34081,96.7107,107.211,-12.4542,1,1,55.4482
98.45,0.433052,-7.34081,96.6069,107.107,-12.4541,1,1,55.4482
98.4583,0.432717,-7.3408,96.5031,107.003,-12.4541,1,1,55.4482
98.4667,0.432383,-7.3408,96.3993,106.899,-12.4541,1,1,55.4482
98.475,0.432048,-7.3408,96.2955,106.796,-12.4541,1,1,55.4482
98.4833,0.431714,-7.34079,96.1917,106.692,-12.4541,1,1,55.4482
98.4917,0.431379,-7.34079,96.088,106.588,-12.454,1,1,55.4482
98.5,0.431045,-7.34078,95.9842,106.484,-12.454,1,1,55.4482
98.5083,0.43071,-7.34078,95.8804,106.38,-12.454,1,1,55.4482
98.5167,0.430376,-7.34077,95.7766,106.277,-12.454,1,1,55.4482
98.525,0.430041,-7.34077,95.6728,106.173,-12.454,1,1,55.4482
98.5333,0.429707,-7.34076,95.569,106.069,-12.454,1,1,55.4482
98.5417,0.429372,-7.34076,95.4652,105.965,-12.4539,1,1,55.4482
98.55,0.429037,-7.34075,95.3615,105.861,-12.4539,1,1,55.4482
98.5583,0.428703,-7.34075,95.2577,105.758,-12.4539,1,1,55.4482
98.5667,0.428368,-7.34074,95.1539,105.654,-12.4539,1,1,55.4482
98.575,0.428034,-7.34074,95.0501,105.55,-12.4539,1,1,55.4482
98.5833,0.427699,-7.34073,94.9463,105.446,-12.4538,1,1,55.4482
98.5917,0.427365,-7.34073,94.8426,105.343,-12.4538,1,1,55.4482
98.6,0.427031,-7.34073,94.7388,105.239,-12.4538,1,1,55.4482
98.6083,0.426696,-7.34072,94.635,105.135,-12.4538,1,1,55.4482
98.6167,0.426362,-7.34072,94.5312,105.031,-12.4538,1,1,55.4482
98.625,0.426027,-7.34071,94.4274,104.927,-12.4537,1,1,55.4482
98.6333,0.425693,-7.34071,94.3236,104.824,-12.4537,1,1,55.4482
98.6417,0.425358,-7.3407,94.2199,104.72,-12.4537,1,1,55.4482
98.65,0.425024,-7.3407,94.1161,104.616,-12.4537,1,1,55.4482
98.6583,0.424689,-7.34069,94.0123,104.512,-12.4537,1,1,55.4482
98.6667,0.424355,-7.34069,93.9085,104.409,-12.4536,1,1,55.4482
98.675,0.42402,-7.34068,93.8047,104.305,-12.4536,1,1,55.4482
98.6833,0.423686,-7.34068,93.701,104.201,-12.4536,1,1,55.4482
98.6917,0.423351,-7.34067,93.5972,104.097,-12.4536,1,1,55.4482
98.7,0.423017,-7.34067,93.4934,103.993,-12.4536,1,1,55.4482
98.7083,0.422682,-7.34066,93.3896,103.89,-12.4536,1,1,55.4482
98.7167,0.422348,-7.34066,93.2858,103.786,-12.4535,1,1,55.4482
98.725,0.422013,-7.34066,93.1821,103.682,-12.4535,1,1,55.4482
98.7333,0.421679,-7.34065,93.0783,103.578,-12.4535,1,1,55.4482
98.7417,0.421344,-7.34065,92.9745,103.474,-12.4535,1,1,55.4482
98.75,0.42101,-7.34064,92.8707,103.371,-12.4535,1,1,55.4482
98.7583,0.420675,-7.34064,92.7669,103.267,-12.4534,1,1,55.4482
98.7667,0.420341,-7.34063,92.6632,103.163,-12.4534,1,1,55.4482
98.775,0.420006,-7.34063,92.5594,103.059,-12.4534,1,1,55.4482
98.7833,0.419672,-7.34062,92.4556,102.956,-12.4534,1,1,55.4482
98.7917,0.419337,-7.34062,92.3518,102.852,-12.4534,1,1,55.4482
98.8,0.419003,-7.34061,92.248,102.748,-12.4533,1,1,55.4482
98.8083,0.418668,-7.34061,92.1443,102.644,-12.4533,1,1,55.4482
98.8167,0.418334,-7.3406,92.0405,102.54,-12.4533,1,1,55.4482
98.825,0.417999,-7.3406,91.9367,102.437,-12.4533,1,1,55.4482
98.8333,0.417665,-7.3406,91.8329,102.333,-12.4533,1,1,55.4482
98.8417,0.41733,-7.34059,91.7292,102.229,-12.4533,1,1,55.4482
98.85,0.416996,-7.34059,91.6254,102.125,-12.4532,1,1,55.4482
98.8583,0.416661,-7.34058,91.5216,102.022,-12.4532,1,1,55.4482
98.8667,0.416327,-7.34058,91.4178,101.918,-12.4532,1,1,55.4482
98.875,0.415992,-7.34057,91.314,101.814,-12.4532,1,1,55.4482
98.8833,0.415658,-7.34057,91.2103,101.71,-12.4532,1,1,55.4482
98.8917,0.415323,-7.34056,91.1065,101.606,-12.4531,1,1,55.4482
98.9,0.414989,-7.34056,91.0027,101.503,-12.4531,1,1,55.4482
98.9083,0.414654,-7.34055,90.8989,101.399,-12.4531,1,1,55.4482
98.9167,0.41432,-7.34055,90.7952,101.295,-12.4531,1,1,55.4482
98.925,0.413985,-7.34054,90.6914,101.191,-12.4531,1,1,55.4482
98.9333,0.413651,-7.34054,90.5876,101.088,-12.453,1,1,55.4482
98.9417,0.413317,-7.34053,90.4838,100.984,-12.453,1,1,55.4482
98.95,0.412982,-7.34053,90.3801,100.88,-12.453,1,1,55.4482
98.9583,0.412648,-7.34053,90.2763,100.776,-12.453,1,1,55.4482
98.9667,0.412313,-7.34052,90.1725,100.673,-12.453,1,1,55.4482
98.975,0.411979,-7.34052,90.0687,100.569,-12.453,1,1,55.4482
98.9833,0.411644,-7.34051,89.965,100.465,-12.4529,1,1,55.4482
98.9917,0.41131,-7.34051,89.8612,100.361,-12.4529,1,1,55.4482
99,0.410975,-7.3405,89.7574,100.257,-12.4529,1,1,55.4482
99.0083,0.410641,-7.3405,89.6536,100.154,-12.4529,1,1,55.4482
99.0167,0.410306,-7.34049,89.5499,100.05,-12.4529,1,1,55.4482
99.025,0.409972,-7.34049,89.4461,99.9461,-12.4528,1,1,55.4482
99.0333,0.409637,-7.34048,89.3423,99.8423,-12.4528,1,1,55.4482
99.0417,0.409303,-7.34048,89.2385,99.7385,-12.4528,1,1,55.4482
99.05,0.408968,-7.34047,89.1348,99.6348,-12.4528,1,1,55.4482
99.0583,0.408634,-7.34047,89.031,99.531,-12.4528,1,1,55.4482
99.0667,0.408299,-7.34046,88.9272,99.4272,-12.4527,1,1,55.4482
99.075,0.407965,-7.34046,88.8234,99.3234,-12.4527,1,1,55.4482
99.0833,0.40763,-7.34046,88.7197,99.2197,-12.4527,1,1,55.4482
99.0917,0.407296,-7.34045,88.6159,99.1159,-12.4527,1,1,55.4482
99.1,0.406962,-7.34045,88.5121,99.0121,-12.4527,1,1,55.4482
99.1083,0.406627,-7.34044,88.4083,98.9083,-12.4526,1,1,55.4482
99.1167,0.406293,-7.34044,88.3046,98.8046,-12.4526,1,1,55.4482
99.125,0.405958,-7.34043,88.2008,98.7008,-12.4526,1,1,55.4482
99.1333,0.405624,-7.34043,88.097,98.597,-12.4526,1,1,55.4482
99.1417,0.405289,-7.34042,87.9933,98.4933,-12.4526,1,1,55.4482
99.15,0.404955,-7.34042,87.8895,98.3895,-12.4526,1,1,55.4482
99.1583,0.40462,-7.34041,87.7857,98.2857,-12.4525,1,1,55.4482
99.1667,0.404286,-7.34041,87.6819,98.1819,-12.4525,1,1,55.4482
99.175,0.403951,-7.3404,87.5782,98.0782,-12.4525,1,1,55.4482
99.1833,0.403617,-7.3404,87.4744,97.9744,-12.4525,1,1,55.4482
99.1917,0.403282,-7.34039,87.3706,97.8706,-12.4525,1,1,55.4482
99.2,0.402948,-7.34039,87.2669,97.7669,-12.4524,1,1,55.4482
99.2083,0.402614,-7.34039,87.1631,97.6631,-12.4524,1,1,55.4482
99.2167,0.402279,-7.34038,87.0593,97.5593,-12.4524,1,1,55.4482
99.225,0.401945,-7.34038,86.9555,97.4555,-12.4524,1,1,55.4482
99.2333,0.40161,-7.34037,86.8518,97.3518,-12.4524,1,1,55.4482
99.2417,0.401276,-7.34037,86.748,97.248,-12.4523,1,1,55.4482
99.25,0.400941,-7.34036,86.6442,97.1442,-12.4523,1,1,55.4482
99.2583,0.400607,-7.34036,86.5405,97.0405,-12.4523,1,1,55.4482
99.2667,0.400272,-7.34035,86.4367,96.9367,-12.4523,1,1,55.4482
99.275,0.399938,-7.34035,86.3329,96.8329,-12.4523,1,1,55.4482
99.2833,0.399603,-7.34034,86.2292,96.7292,-12.4523,1,1,55.4482
99.2917,0.399269,-7.34034,86.1254,96.6254,-12.4522,1,1,55.4482
99.3,0.398934,-7.34033,86.0216,96.5216,-12.4522,1,1,55.4482
99.3083,0.3986,-7.34033,85.9178,96.4178,-12.4522,1,1,55.4482
99.3167,0.398266,-7.34032,85.8141,96.3141,-12.4522,1,1,55.4482
99.325,0.397931,-7.34032,85.7103,96.2103,-12.4522,1,1,55.4482
99.3333,0.397597,-7.34032,85.6065,96.1065,-12.4521,1,1,55.4482
99.3417,0.397262,-7.34031,85.5028,96.0028,-12.4521,1,1,55.4482
99.35,0.396928,-7.34031,85.399,95.899,-12.4521,1,1,55.4482
99.3583,0.396593,-7.3403,85.2952,95.7952,-12.4521,1,1,55.4482
99.3667,0.396259,-7.3403,85.1915,95.6915,-12.4521,1,1,55.4482
99.375,0.395924,-7.34029,85.0877,95.5877,-12.452,1,1,55.4482
99.3833,0.39559,-7.34029,84.9839,95.4839,-12.452,1,1,55.4482
99.3917,0.395256,-7.34028,84.8802,95.3802,-12.452,1,1,55.4482
99.4,0.394921,-7.34028,84.7764,95.2764,-12.452,1,1,55.4482
99.4083,0.394587,-7.34027,84.6726,95.1726,-12.452,1,1,55.4482
99.4167,0.394252,-7.34027,84.5689,95.0689,-12.452,1,1,55.4482
99.425,0.393918,-7.34026,84.4651,94.9651,-12.4519,1,1,55.4482
99.4333,0.393583,-7.34026,84.3613,94.8613,-12.4519,1,1,55.4482
99.4417,0.393249,-7.34025,84.2576,94.7576,-12.4519,1,1,55.4482
99.45,0.392914,-7.34025,84.1538,94.6538,-12.4519,1,1,55.4482
99.4583,0.39258,-7.34025,84.05,94.55,-12.4519,1,1,55.4482
99.4667,0.392245,-7.34024,83.9463,94.4463,-12.4518,1,1,55.4482
99.475,0.391911,-7.34024,83.8425,94.3425,-12.4518,1,1,55.4482
99.4833,0.391577,-7.34023,83.7387,94.2387,-12.4518,1,1,55.4482
99.4917,0.391242,-7.34023,83.635,94.135,-12.4518,1,1,55.4482
99.5,0.390908,-7.34022,83.5312,94.0312,-12.4518,1,1,55.4482
99.5083,0.390573,-7.34022,83.4274,93.9274,-12.4517,1,1,55.4482
99.5167,0.390239,-7.34021,83.3237,93.8237,-12.4517,1,1,55.4482
99.525,0.389904,-7.34021,83.2199,93.7199,-12.4517,1,1,55.4482
99.5333,0.38957,-7.3402,83.1161,93.6161,-12.4517,1,1,55.4482
99.5417,0.389236,-7.3402,83.0124,93.5124,-12.4517,1,1,55.4482
99.55,0.388901,-7.34019,82.9086,93.4086,-12.4517,1,1,55.4482
99.5583,0.388567,-7.34019,82.8049,93.3049,-12.4516,1,1,55.4482
99.5667,0.388232,-7.34018,82.7011,93.2011,-12.4516,1,1,55.4482
99.575,0.387898,-7.34018,82.5973,93.0973,-12.4516,1,1,55.4482
99.5833,0.387563,-7.34018,82.4936,92.9936,-12.4516,1,1,55.4482
99.5917,0.387229,-7.34017,82.3898,92.8898,-12.4516,1,1,55.4482
99.6,0.386894,-7.34017,82.286,92.786,-12.4515,1,1,55.4482
99.6083,0.38656,-7.34016,82.1823,92.6823,-12.4515,1,1,55.4482
99.6167,0.386226,-7.34016,82.0785,92.5785,-12.4515,1,1,55.4482
99.625,0.385891,-7.34015,81.9747,92.4747,-12.4515,1,1,55.4482
99.6333,0.385557,-7.34015,81.871,92.371,-12.4515,1,1,55.4482
99.6417,0.385222,-7.34014,81.7672,92.2672,-12.4514,1,1,55.4482
99.65,0.384888,-7.34014,81.6635,92.1635,-12.4514,1,1,55.4482
99.6583,0.384553,-7.34013,81.5597,92.0597,-12.4514,1,1,55.4482
99.6667,0.384219,-7.34013,81.4559,91.9559,-12.4514,1,1,55.4482
99.675,0.383885,-7.34012,81.3522,91.8522,-12.4514,1,1,55.4482
99.6833,0.38355,-7.34012,81.2484,91.7484,-12.4513,1,1,55.4482
99.6917,0.383216,-7.34012,81.1446,91.6446,-12.4513,1,1,55.4482
99.7,0.382881,-7.34011,81.0409,91.5409,-12.4513,1,1,55.4482
99.7083,0.382547,-7.34011,80.9371,91.4371,-12.4513,1,1,55.4482
99.7167,0.382212,-7.3401,80.8334,91.3334,-12.4513,1,1,55.4482
99.725,0.381878,-7.3401,80.7296,91.2296,-12.4513,1,1,55.4482
99.7333,0.381544,-7.34009,80.6258,91.1258,-12.4512,1,1,55.4482
99.7417,0.381209,-7.34009,80.5221,91.0221,-12.4512,1,1,55.4482
99.75,0.380875,-7.34008,80.4183,90.9183,-12.4512,1,1,55.4482
99.7583,0.38054,-7.34008,80.3146,90.8146,-12.4512,1,1,55.4482
99.7667,0.380206,-7.34007,80.2108,90.7108,-12.4512,1,1,55.4482
99.775,0.379871,-7.34007,80.107,90.607,-12.4511,1,1,55.4482
99.7833,0.379537,-7.34006,80.0033,90.5033,-12.4511,1,1,55.4482
99.7917,0.379203,-7.34006,79.8995,90.3995,-12.4511,1,1,55.4482
99.8,0.378868,-7.34005,79.7958,90.2958,-12.4511,1,1,55.4482
99.8083,0.378534,-7.34005,79.692,90.192,-12.4511,1,1,55.4482
99.8167,0.378199,-7.34005,79.5882,90.0882,-12.451,1,1,55.4482
99.825,0.377865,-7.34004,79.4845,89.9845,-12.451,1,1,55.4482
99.8333,0.37753,-7.34004,79.3807,89.8807,-12.451,1,1,55.4482
99.8417,0.377196,-7.34003,79.277,89.777,-12.451,1,1,55.4482
99.85,0.376862,-7.34003,79.1732,89.6732,-12.451,1,1,55.4482
99.8583,0.376527,-7.34002,79.0694,89.5694,-12.451,1,1,55.4482
99.8667,0.376193,-7.34002,78.9657,89.4657,-12.4509,1,1,55.4482
99.875,0.375858,-7.34001,78.8619,89.3619,-12.4509,1,1,55.4482
99.8833,0.375524,-7.34001,78.7582,89.2582,-12.4509,1,1,55.4482
99.8917,0.375189,-7.34,78.6544,89.1544,-12.4509,1,1,55.4482
99.9,0.374855,-7.34,78.5507,89.0507,-12.4509,1,1,55.4482
99.9083,0.374521,-7.33999,78.4469,88.9469,-12.4508,1,1,55.4482
99.9167,0.374186,-7.33999,78.3431,88.8431,-12.4508,1,1,55.4482
99.925,0.373852,-7.33998,78.2394,88.7394,-12.4508,1,1,55.4482
99.9333,0.373517,-7.33998,78.1356,88.6356,-12.4508,1,1,55.4482
99.9417,0.373183,-7.33998,78.0319,88.5319,-12.4508,1,1,55.4482
99.95,0.372849,-7.33997,77.9281,88.4281,-12.4507,1,1,55.4482
99.9583,0.372514,-7.33997,77.8244,88.3244,-12.4507,1,1,55.4482
99.9667,0.37218,-7.33996,77.7206,88.2206,-12.4507,1,1,55.4482
99.975,0.371845,-7.33996,77.6168,88.1168,-12.4507,1,1,55.4482
99.9833,0.371511,-7.33995,77.5131,88.0131,-12.4507,1,1,55.4482
99.9917,0.371176,-7.33995,77.4093,87.9093,-12.4507,1,1,55.4482
100,0.370842,-7.33994,77.3056,87.8056,-12.4506,1,1,55.4482
100.008,0.370508,-7.33994,77.2018,87.7018,-12.4506,1,1,55.4482
100.017,0.370173,-7.33993,77.0981,87.5981,-12.4506,1,1,55.4482
100.025,0.369839,-7.33993,76.9943,87.4943,-12.4506,1,1,55.4482
100.033,0.369504,-7.33992,76.8906,87.3906,-12.4506,1,1,55.4482
100.042,0.36917,-7.33992,76.7868,87.2868,-12.4505,1,1,55.4482
100.05,0.368836,-7.33991,76.683,87.183,-12.4505,1,1,55.4482
100.058,0.368501,-7.33991,76.5793,87.0793,-12.4505,1,1,55.4482
100.067,0.368167,-7.33991,76.4755,86.9755,-12.4505,1,1,55.4482
100.075,0.367832,-7.3399,76.3718,86.8718,-12.4505,1,1,55.4482
100.083,0.367498,-7.3399,76.268,86.768,-12.4504,1,1,55.4482
100.092,0.367164,-7.33989,76.1643,86.6643,-12.4504,1,1,55.4482
100.1,0.366829,-7.33989,76.0605,86.5605,-12.4504,1,1,55.4482
100.108,0.366495,-7.33988,75.9568,86.4568,-12.4504,1,1,55.4482
100.117,0.36616,-7.33988,75.853,86.353,-12.4504,1,1,55.4482
100.125,0.365826,-7.33987,75.7493,86.2493,-12.4503,1,1,55.4482
100.133,0.365492,-7.33987,75.6455,86.1455,-12.4503,1,1,55.4482
100.142,0.365157,-7.33986,75.5417,86.0417,-12.4503,1,1,55.4482
100.15,0.364823,-7.33986,75.438,85.938,-12.4503,1,1,55.4482
100.158,0.364488,-7.33985,75.3342,85.8342,-12.4503,1,1,55.4482
100.167,0.364154,-7.33985,75.2305,85.7305,-12.4503,1,1,55.4482
100.175,0.363819,-7.33984,75.1267,85.6267,-12.4502,1,1,55.4482
100.183,0.363485,-7.33984,75.023,85.523,-12.4502,1,1,55.4482
100.192,0.363151,-7.33984,74.9192,85.4192,-12.4502,1,1,55.4482
100.2,0.362816,-7.33983,74.8155,85.3155,-12.4502,1,1,55.4482
100.208,0.362482,-7.33983,74.7117,85.2117,-12.4502,1,1,55.4482
100.217,0.362147,-7.33982,74.608,85.108,-12.4501,1,1,55.4482
100.225,0.361813,-7.33982,74.5042,85.0042,-12.4501,1,1,55.4482
100.233,0.361479,-7.33981,74.4005,84.9005,-12.4501,1,1,55.4482
100.242,0.361144,-7.33981,74.2967,84.7967,-12.4501,1,1,55.4482
100.25,0.36081,-7.3398,74.193,84.693,-12.4501,1,1,55.4482
100.258,0.360476,-7.3398,74.0892,84.5892,-12.45,1,1,55.4482
100.267,0.360141,-7.33979,73.9855,84.4855,-12.45,1,1,55.4482
100.275,0.359807,-7.33979,73.8817,84.3817,-12.45,1,1,55.4482
100.283,0.359472,-7.33978,73.778,84.278,-12.45,1,1,55.4482
100.292,0.359138,-7.33978,73.6742,84.1742,-12.45,1,1,55.4482
100.3,0.358804,-7.33977,73.5705,84.0705,-12.45,1,1,55.4482
100.308,0.358469,-7.33977,73.4667,83.9667,-12.4499,1,1,55.4482
100.317,0.358135,-7.33977,73.363,83.863,-12.4499,1,1,55.4482
100.325,0.3578,-7.33976,73.2592,83.7592,-12.4499,1,1,55.4482
100.333,0.357466,-7.33976,73.1555,83.6555,-12.4499,1,1,55.4482
100.342,0.357132,-7.33975,73.0517,83.5517,-12.4499,1,1,55.4482
100.35,0.356797,-7.33975,72.948,83.448,-12.4498,1,1,55.4482
100.358,0.356463,-7.33974,72.8442,83.3442,-12.4498,1,1,55.4482
100.367,0.356128,-7.33974,72.7405,83.2405,-12.4498,1,1,55.4482
100.375,0.355794,-7.33973,72.6367,83.1367,-12.4498,1,1,55.4482
100.383,0.35546,-7.33973,72.533,83.033,-12.4498,1,1,55.4482
100.392,0.355125,-7.33972,72.4292,82.9292,-12.4497,1,1,55.4482
100.4,0.354791,-7.33972,72.3255,82.8255,-12.4497,1,1,55.4482
100.408,0.354456,-7.33971,72.2217,82.7217,-12.4497,1,1,55.4482
100.417,0.354122,-7.33971,72.118,82.618,-12.4497,1,1,55.4482
100.425,0.353788,-7.33971,72.0142,82.5142,-12.4497,1,1,55.4482
100.433,0.353453,-7.3397,71.9105,82.4105,-12.4497,1,1,55.4482
100.442,0.353119,-7.3397,71.8067,82.3067,-12.4496,1,1,55.4482
100.45,0.352785,-7.33969,71.703,82.203,-12.4496,1,1,55.4482
100.458,0.35245,-7.33969,71.5992,82.0992,-12.4496,1,1,55.4482
100.467,0.352116,-7.33968,71.4955,81.9955,-12.4496,1,1,55.4482
100.475,0.351781,-7.33968,71.3917,81.8917,-12.4496,1,1,55.4482
100.483,0.351447,-7.33967,71.288,81.788,-12.4495,1,1,55.4482
100.492,0.351113,-7.33967,71.1843,81.6843,-12.4495,1,1,55.4482
100.5,0.350778,-7.33966,71.0805,81.5805,-12.4495,1,1,55.4482
100.508,0.350444,-7.33966,70.9768,81.4768,-12.4495,1,1,55.4482
100.517,0.350109,-7.33965,70.873,81.373,-12.4495,1,1,55.4482
100.525,0.349775,-7.33965,70.7693,81.2693,-12.4494,1,1,55.4482
100.533,0.349441,-7.33964,70.6655,81.1655,-12.4494,1,1,55.4482
100.542,0.349106,-7.33964,70.5618,81.0618,-12.4494,1,1,55.4482
100.55,0.348772,-7.33964,70.458,80.958,-12.4494,1,1,55.4482
100.558,0.348438,-7.33963,70.3543,80.8543,-12.4494,1,1,55.4482
100.567,0.348103,-7.33963,70.2505,80.7505,-12.4494,1,1,55.4482
100.575,0.347769,-7.33962,70.1468,80.6468,-12.4493,1,1,55.4482
100.583,0.347434,-7.33962,70.0431,80.5431,-12.4493,1,1,55.4482
100.592,0.3471,-7.33961,69.9393,80.4393,-12.4493,1,1,55.4482
100.6,0.346766,-7.33961,69.8356,80.3356,-12.4493,1,1,55.4482
100.608,0.346431,-7.3396,69.7318,80.2318,-12.4493,1,1,55.4482
100.617,0.346097,-7.3396,69.6281,80.1281,-12.4492,1,1,55.4482
100.625,0.345763,-7.33959,69.5243,80.0243,-12.4492,1,1,55.4482
100.633,0.345428,-7.33959,69.4206,79.9206,-12.4492,1,1,55.4482
100.642,0.345094,-7.33958,69.3168,79.8168,-12.4492,1,1,55.4482
100.65,0.344759,-7.33958,69.2131,79.7131,-12.4492,1,1,55.4482
100.658,0.344425,-7.33957,69.1094,79.6094,-12.4491,1,1,55.4482
100.667,0.344091,-7.33957,69.0056,79.5056,-12.4491,1,1,55.4482
100.675,0.343756,-7.33957,68.9019,79.4019,-12.4491,1,1,55.4482
100.683,0.343422,-7.33956,68.7981,79.2981,-12.4491,1,1,55.4482
100.692,0.343088,-7.33956,68.6944,79.1944,-12.4491,1,1,55.4482
100.7,0.342753,-7.33955,68.5906,79.0906,-12.449,1,1,55.4482
100.708,0.342419,-7.33955,68.4869,78.9869,-12.449,1,1,55.4482
100.717,0.342084,-7.33954,68.3832,78.8832,-12.449,1,1,55.4482
100.725,0.34175,-7.33954,68.2794,78.7794,-12.449,1,1,55.4482
100.733,0.341416,-7.33953,68.1757,78.6757,-12.449,1,1,55.4482
100.742,0.341081,-7.33953,68.0719,78.5719,-12.449,1,1,55.4482
100.75,0.340747,-7.33952,67.9682,78.4682,-12.4489,1,1,55.4482
100.758,0.340413,-7.33952,67.8644,78.3644,-12.4489,1,1,55.4482
100.767,0.340078,-7.33951,67.7607,78.2607,-12.4489,1,1,55.4482
100.775,0.339744,-7.33951,67.657,78.157,-12.4489,1,1,55.4482
100.783,0.33941,-7.3395,67.5532,78.0532,-12.4489,1,1,55.4482
100.792,0.339075,-7.3395,67.4495,77.9495,-12.4488,1,1,55.4482
100.8,0.338741,-7.3395,67.3457,77.8457,-12.4488,1,1,55.4482
100.808,0.338406,-7.33949,67.242,77.742,-12.4488,1,1,55.4482
100.817,0.338072,-7.33949,67.1383,77.6383,-12.4488,1,1,55.4482
100.825,0.337738,-7.33948,67.0345,77.5345,-12.4488,1,1,55.4482
100.833,0.337403,-7.33948,66.9308,77.4308,-12.4487,1,1,55.4482
100.842,0.337069,-7.33947,66.827,77.327,-12.4487,1,1,55.4482
100.85,0.336735,-7.33947,66.7233,77.2233,-12.4487,1,1,55.4482
100.858,0.3364,-7.33946,66.6196,77.1196,-12.4487,1,1,55.4482
100.867,0.336066,-7.33946,66.5158,77.0158,-12.4487,1,1,55.4482
100.875,0.335732,-7.33945,66.4121,76.9121,-12.4487,1,1,55.4482
100.883,0.335397,-7.33945,66.3083,76.8083,-12.4486,1,1,55.4482
100.892,0.335063,-7.33944,66.2046,76.7046,-12.4486,1,1,55.4482
100.9,0.334728,-7.33944,66.1009,76.6009,-12.4486,1,1,55.4482
100.908,0.334394,-7.33943,65.9971,76.4971,-12.4486,1,1,55.4482
100.917,0.33406,-7.33943,65.8934,76.3934,-12.4486,1,1,55.4482
100.925,0.333725,-7.33943,65.7896,76.2896,-12.4485,1,1,55.4482
100.933,0.333391,-7.33942,65.6859,76.1859,-12.4485,1,1,55.4482
100.942,0.333057,-7.33942,65.5822,76.0822,-12.4485,1,1,55.4482
100.95,0.332722,-7.33941,65.4784,75.9784,-12.4485,1,1,55.4482
100.958,0.332388,-7.33941,65.3747,75.8747,-12.4485,1,1,55.4482
100.967,0.332054,-7.3394,65.271,75.771,-12.4484,1,1,55.4482
100.975,0.331719,-7.3394,65.1672,75.6672,-12.4484,1,1,55.4482
100.983,0.331385,-7.33939,65.0635,75.5635,-12.4484,1,1,55.4482
100.992,0.331051,-7.33939,64.9597,75.4597,-12.4484,1,1,55.4482
101,0.330716,-7.33938,64.856,75.356,-12.4484,1,1,55.4482
101.008,0.330382,-7.33938,64.7523,75.2523,-12.4484,1,1,55.4482
101.017,0.330047,-7.33937,64.6485,75.1485,-12.4483,1,1,55.4482
101.025,0.329713,-7.33937,64.5448,75.0448,-12.4483,1,1,55.4482
101.033,0.329379,-7.33937,64.4411,74.9411,-12.4483,1,1,55.4482
101.042,0.329044,-7.33936,64.3373,74.8373,-12.4483,1,1,55.4482
101.05,0.32871,-7.33936,64.2336,74.7336,-12.4483,1,1,55.4482
101.058,0.328376,-7.33935,64.1299,74.6299,-12.4482,1,1,55.4482
101.067,0.328041,-7.33935,64.0261,74.5261,-12.4482,1,1,55.4482
101.075,0.327707,-7.33934,63.9224,74.4224,-12.4482,1,1,55.4482
101.083,0.327373,-7.33934,63.8186,74.3186,-12.4482,1,1,55.4482
101.092,0.327038,-7.33933,63.7149,74.2149,-12.4482,1,1,55.4482
101.1,0.326704,-7.33933,63.6112,74.1112,-12.4481,1,1,55.4482
101.108,0.32637,-7.33932,63.5074,74.0074,-12.4481,1,1,55.4482
101.117,0.326035,-7.33932,63.4037,73.9037,-12.4481,1,1,55.4482
101.125,0.325701,-7.33931,63.3,73.8,-12.4481,1,1,55.4482
101.133,0.325367,-7.33931,63.1962,73.6962,-12.4481,1,1,55.4482
101.142,0.325032,-7.3393,63.0925,73.5925,-12.4481,1,1,55.4482
101.15,0.324698,-7.3393,62.9888,73.4888,-12.448,1,1,55.4482
101.158,0.324364,-7.3393,62.885,73.385,-12.448,1,1,55.4482
101.167,0.324029,-7.33929,62.7813,73.2813,-12.448,1,1,55.4482
101.175,0.323695,-7.33929,62.6776,73.1776,-12.448,1,1,55.4482
101.183,0.323361,-7.33928,62.5738,73.0738,-12.448,1,1,55.4482
101.192,0.323026,-7.33928,62.4701,72.9701,-12.4479,1,1,55.4482
101.2,0.322692,-7.33927,62.3664,72.8664,-12.4479,1,1,55.4482
101.208,0.322358,-7.33927,62.2626,72.7626,-12.4479,1,1,55.4482
101.217,0.322023,-7.33926,62.1589,72.6589,-12.4479,1,1,55.4482
101.225,0.321689,-7.33926,62.0552,72.5552,-12.4479,1,1,55.4482
101.233,0.321355,-7.33925,61.9514,72.4514,-12.4478,1,1,55.4482
101.242,0.32102,-7.33925,61.8477,72.3477,-12.4478,1,1,55.4482
101.25,0.320686,-7.33924,61.744,72.244,-12.4478,1,1,55.4482
101.258,0.320352,-7.33924,61.6402,72.1402,-12.4478,1,1,55.4482
101.267,0.320017,-7.33923,61.5365,72.0365,-12.4478,1,1,55.4482
101.275,0.319683,-7.33923,61.4328,71.9328,-12.4477,1,1,55.4482
101.283,0.319349,-7.33923,61.329,71.829,-12.4477,1,1,55.4482
101.292,0.319014,-7.33922,61.2253,71.7253,-12.4477,1,1,55.4482
101.3,0.31868,-7.33922,61.1216,71.6216,-12.4477,1,1,55.4482
101.308,0.318346,-7.33921,61.0178,71.5178,-12.4477,1,1,55.4482
101.317,0.318011,-7.33921,60.9141,71.4141,-12.4477,1,1,55.4482
101.325,0.317677,-7.3392,60.8104,71.3104,-12.4476,1,1,55.4482
101.333,0.317343,-7.3392,60.7067,71.2067,-12.4476,1,1,55.4482
101.342,0.317008,-7.33919,60.6029,71.1029,-12.4476,1,1,55.4482
101.35,0.316674,-7.33919,60.4992,70.9992,-12.4476,1,1,55.4482
101.358,0.31634,-7.33918,60.3955,70.8955,-12.4476,1,1,55.4482
101.367,0.316005,-7.33918,60.2917,70.7917,-12.4475,1,1,55.4482
101.375,0.315671,-7.33917,60.188,70.688,-12.4475,1,1,55.4482
101.383,0.315337,-7.33917,60.0843,70.5843,-12.4475,1,1,55.4482
101.392,0.315002,-7.33916,59.9805,70.4805,-12.4475,1,1,55.4482
101.4,0.314668,-7.33916,59.8768,70.3768,-12.4475,1,1,55.4482
101.408,0.314334,-7.33916,59.7731,70.2731,-12.4474,1,1,55.4482
101.417,0.313999,-7.33915,59.6694,70.1694,-12.4474,1,1,55.4482
101.425,0.313665,-7.33915,59.5656,70.0656,-12.4474,1,1,55.4482
101.433,0.313331,-7.33914,59.4619,69.9619,-12.4474,1,1,55.4482
101.442,0.312996,-7.33914,59.3582,69.8582,-12.4474,1,1,55.4482
101.45,0.312662,-7.33913,59.2544,69.7544,-12.4474,1,1,55.4482
101.458,0.312328,-7.33913,59.1507,69.6507,-12.4473,1,1,55.4482
101.467,0.311993,-7.33912,59.047,69.547,-12.4473,1,1,55.4482
101.475,0.311659,-7.33912,58.9433,69.4433,-12.4473,1,1,55.4482
101.483,0.311325,-7.33911,58.8395,69.3395,-12.4473,1,1,55.4482
101.492,0.31099,-7.33911,58.7358,69.2358,-12.4473,1,1,55.4482
101.5,0.310656,-7.3391,58.6321,69.1321,-12.4472,1,1,55.4482
101.508,0.310322,-7.3391,58.5283,69.0283,-12.4472,1,1,55.4482
101.517,0.309987,-7.33909,58.4246,68.9246,-12.4472,1,1,55.4482
101.525,0.309653,-7.33909,58.3209,68.8209,-12.4472,1,1,55.4482
101.533,0.309319,-7.33909,58.2172,68.7172,-12.4472,1,1,55.4482
101.542,0.308984,-7.33908,58.1134,68.6134,-12.4471,1,1,55.4482
101.55,0.30865,-7.33908,58.0097,68.5097,-12.4471,1,1,55.4482
101.558,0.308316,-7.33907,57.906,68.406,-12.4471,1,1,55.4482
101.567,0.307981,-7.33907,57.8023,68.3023,-12.4471,1,1,55.4482
101.575,0.307647,-7.33906,57.6985,68.1985,-12.4471,1,1,55.4482
101.583,0.307313,-7.33906,57.5948,68.0948,-12.4471,1,1,55.4482
101.592,0.306978,-7.33905,57.4911,67.9911,-12.447,1,1,55.4482
101.6,0.306644,-7.33905,57.3874,67.8874,-12.447,1,1,55.4482
101.608,0.30631,-7.33904,57.2836,67.7836,-12.447,1,1,55.4482
101.617,0.305976,-7.33904,57.1799,67.6799,-12.447,1,1,55.4482
101.625,0.305641,-7.33903,57.0762,67.5762,-12.447,1,1,55.4482
101.633,0.305307,-7.33903,56.9725,67.4725,-12.4469,1,1,55.4482
101.642,0.304973,-7.33903,56.8687,67.3687,-12.4469,1,1,55.4482
101.65,0.304638,-7.33902,56.765,67.265,-12.4469,1,1,55.4482
101.658,0.304304,-7.33902,56.6613,67.1613,-12.4469,1,1,55.4482
101.667,0.30397,-7.33901,56.5576,67.0576,-12.4469,1,1,55.4482
101.675,0.303635,-7.33901,56.4538,66.9538,-12.4468,1,1,55.4482
101.683,0.303301,-7.339,56.3501,66.8501,-12.4468,1,1,55.4482
101.692,0.302967,-7.339,56.2464,66.7464,-12.4468,1,1,55.4482
101.7,0.302632,-7.33899,56.1427,66.6427,-12.4468,1,1,55.4482
101.708,0.302298,-7.33899,56.0389,66.5389,-12.4468,1,1,55.4482
101.717,0.301964,-7.33898,55.9352,66.4352,-12.4468,1,1,55.4482
101.725,0.301629,-7.33898,55.8315,66.3315,-12.4467,1,1,55.4482
101.733,0.301295,-7.33897,55.7278,66.2278,-12.4467,1,1,55.4482
101.742,0.300961,-7.33897,55.624,66.124,-12.4467,1,1,55.4482
101.75,0.300627,-7.33896,55.5203,66.0203,-12.4467,1,1,55.4482
101.758,0.300292,-7.33896,55.4166,65.9166,-12.4467,1,1,55.4482
101.767,0.299958,-7.33896,55.3129,65.8129,-12.4466,1,1,55.4482
101.775,0.299624,-7.33895,55.2092,65.7092,-12.4466,1,1,55.4482
101.783,0.299289,-7.33895,55.1054,65.6054,-12.4466,1,1,55.4482
101.792,0.298955,-7.33894,55.0017,65.5017,-12.4466,1,1,55.4482
101.8,0.298621,-7.33894,54.898,65.398,-12.4466,1,1,55.4482
101.808,0.298286,-7.33893,54.7943,65.2943,-12.4465,1,1,55.4482
101.817,0.297952,-7.33893,54.6905,65.1905,-12.4465,1,1,55.4482
101.825,0.297618,-7.33892,54.5868,65.0868,-12.4465,1,1,55.4482
101.833,0.297284,-7.33892,54.4831,64.9831,-12.4465,1,1,55.4482
101.842,0.296949,-7.33891,54.3794,64.8794,-12.4465,1,1,55.4482
101.85,0.296615,-7.33891,54.2757,64.7757,-12.4464,1,1,55.4482
101.858,0.296281,-7.3389,54.1719,64.6719,-12.4464,1,1,55.4482
101.867,0.295946,-7.3389,54.0682,64.5682,-12.4464,1,1,55.4482
101.875,0.295612,-7.33889,53.9645,64.4645,-12.4464,1,1,55.4482
101.883,0.295278,-7.33889,53.8608,64.3608,-12.4464,1,1,55.4482
101.892,0.294943,-7.33889,53.7571,64.2571,-12.4464,1,1,55.4482
101.9,0.294609,-7.33888,53.6533,64.1533,-12.4463,1,1,55.4482
101.908,0.294275,-7.33888,53.5496,64.0496,-12.4463,1,1,55.4482
101.917,0.293941,-7.33887,53.4459,63.9459,-12.4463,1,1,55.4482
101.925,0.293606,-7.33887,53.3422,63.8422,-12.4463,1,1,55.4482
101.933,0.293272,-7.33886,53.2385,63.7385,-12.4463,1,1,55.4482
101.942,0.292938,-7.33886,53.1347,63.6347,-12.4462,1,1,55.4482
101.95,0.292603,-7.33885,53.031,63.531,-12.4462,1,1,55.4482
101.958,0.292269,-7.33885,52.9273,63.4273,-12.4462,1,1,55.4482
101.967,0.291935,-7.33884,52.8236,63.3236,-12.4462,1,1,55.4482
101.975,0.2916,-7.33884,52.7199,63.2199,-12.4462,1,1,55.4482
101.983,0.291266,-7.33883,52.6161,63.1161,-12.4461,1,1,55.4482
101.992,0.290932,-7.33883,52.5124,63.0124,-12.4461,1,1,55.4482
102,0.290598,-7.33882,52.4087,62.9087,-12.4461,1,1,55.4482
102.008,0.290263,-7.33882,52.305,62.805,-12.4461,1,1,55.4482
102.017,0.289929,-7.33882,52.2013,62.7013,-12.4461,1,1,55.4482
102.025,0.289595,-7.33881,52.0976,62.5976,-12.4461,1,1,55.4482
102.033,0.28926,-7.33881,51.9938,62.4938,-12.446,1,1,55.4482
102.042,0.288926,-7.3388,51.8901,62.3901,-12.446,1,1,55.4482
102.05,0.288592,-7.3388,51.7864,62.2864,-12.446,1,1,55.4482
102.058,0.288258,-7.33879,51.6827,62.1827,-12.446,1,1,55.4482
102.067,0.287923,-7.33879,51.579,62.079,-12.446,1,1,55.4482
102.075,0.287589,-7.33878,51.4752,61.9752,-12.4459,1,1,55.4482
102.083,0.287255,-7.33878,51.3715,61.8715,-12.4459,1,1,55.4482
102.092,0.28692,-7.33877,51.2678,61.7678,-12.4459,1,1,55.4482
102.1,0.286586,-7.33877,51.1641,61.6641,-12.4459,1,1,55.4482
102.108,0.286252,-7.33876,51.0604,61.5604,-12.4459,1,1,55.4482
102.117,0.285918,-7.33876,50.9567,61.4567,-12.4458,1,1,55.4482
102.125,0.285583,-7.33876,50.8529,61.3529,-12.4458,1,1,55.4482
102.133,0.285249,-7.33875,50.7492,61.2492,-12.4458,1,1,55.4482
102.142,0.284915,-7.33875,50.6455,61.1455,-12.4458,1,1,55.4482
102.15,0.28458,-7.33874,50.5418,61.0418,-12.4458,1,1,55.4482
102.158,0.284246,-7.33874,50.4381,60.9381,-12.4458,1,1,55.4482
102.167,0.283912,-7.33873,50.3344,60.8344,-12.4457,1,1,55.4482
102.175,0.283578,-7.33873,50.2307,60.7307,-12.4457,1,1,55.4482
102.183,0.283243,-7.33872,50.1269,60.6269,-12.4457,1,1,55.4482
102.192,0.282909,-7.33872,50.0232,60.5232,-12.4457,1,1,55.4482
102.2,0.282575,-7.33871,49.9195,60.4195,-12.4457,1,1,55.4482
102.208,0.28224,-7.33871,49.8158,60.3158,-12.4456,1,1,55.4482
102.217,0.281906,-7.3387,49.7121,60.2121,-12.4456,1,1,55.4482
102.225,0.281572,-7.3387,49.6084,60.1084,-12.4456,1,1,55.4482
102.233,0.281238,-7.33869,49.5047,60.0047,-12.4456,1,1,55.4482
102.242,0.280903,-7.33869,49.4009,59.9009,-12.4456,1,1,55.4482
102.25,0.280569,-7.33869,49.2972,59.7972,-12.4455,1,1,55.4482
102.258,0.280235,-7.33868,49.1935,59.6935,-12.4455,1,1,55.4482
102.267,0.279901,-7.33868,49.0898,59.5898,-12.4455,1,1,55.4482
102.275,0.279566,-7.33867,48.9861,59.4861,-12.4455,1,1,55.4482
102.283,0.279232,-7.33867,48.8824,59.3824,-12.4455,1,1,55.4482
102.292,0.278898,-7.33866,48.7787,59.2787,-12.4455,1,1,55.4482
102.3,0.278563,-7.33866,48.675,59.175,-12.4454,1,1,55.4482
102.308,0.278229,-7.33865,48.5712,59.0712,-12.4454,1,1,55.4482
102.317,0.277895,-7.33865,48.4675,58.9675,-12.4454,1,1,55.4482
102.325,0.277561,-7.33864,48.3638,58.8638,-12.4454,1,1,55.4482
102.333,0.277226,-7.33864,48.2601,58.7601,-12.4454,1,1,55.4482
102.342,0.276892,-7.33863,48.1564,58.6564,-12.4453,1,1,55.4482
102.35,0.276558,-7.33863,48.0527,58.5527,-12.4453,1,1,55.4482
102.358,0.276224,-7.33862,47.949,58.449,-12.4453,1,1,55.4482
102.367,0.275889,-7.33862,47.8453,58.3453,-12.4453,1,1,55.4482
102.375,0.275555,-7.33862,47.7415,58.2415,-12.4453,1,1,55.4482
102.383,0.275221,-7.33861,47.6378,58.1378,-12.4452,1,1,55.4482
102.392,0.274886,-7.33861,47.5341,58.0341,-12.4452,1,1,55.4482
102.4,0.274552,-7.3386,47.4304,57.9304,-12.4452,1,1,55.4482
102.408,0.274218,-7.3386,47.3267,57.8267,-12.4452,1,1,55.4482
102.417,0.273884,-7.33859,47.223,57.723,-12.4452,1,1,55.4482
102.425,0.273549,-7.33859,47.1193,57.6193,-12.4451,1,1,55.4482
102.433,0.273215,-7.33858,47.0156,57.5156,-12.4451,1,1,55.4482
102.442,0.272881,-7.33858,46.9119,57.4119,-12.4451,1,1,55.4482
102.45,0.272547,-7.33857,46.8082,57.3082,-12.4451,1,1,55.4482
102.458,0.272212,-7.33857,46.7044,57.2044,-12.4451,1,1,55.4482
102.467,0.271878,-7.33856,46.6007,57.1007,-12.4451,1,1,55.4482
102.475,0.271544,-7.33856,46.497,56.997,-12.445,1,1,55.4482
102.483,0.27121,-7.33855,46.3933,56.8933,-12.445,1,1,55.4482
102.492,0.270875,-7.33855,46.2896,56.7896,-12.445,1,1,55.4482
102.5,0.270541,-7.33855,46.1859,56.6859,-12.445,1,1,55.4482
102.508,0.270207,-7.33854,46.0822,56.5822,-12.445,1,1,55.4482
102.517,0.269873,-7.33854,45.9785,56.4785,-12.4449,1,1,55.4482
102.525,0.269538,-7.33853,45.8748,56.3748,-12.4449,1,1,55.4482
102.533,0.269204,-7.33853,45.7711,56.2711,-12.4449,1,1,55.4482
102.542,0.26887,-7.33852,45.6674,56.1674,-12.4449,1,1,55.4482
102.55,0.268535,-7.33852,45.5636,56.0636,-12.4449,1,1,55.4482
102.558,0.268201,-7.33851,45.4599,55.9599,-12.4448,1,1,55.4482
102.567,0.267867,-7.33851,45.3562,55.8562,-12.4448,1,1,55.4482
102.575,0.267533,-7.3385,45.2525,55.7525,-12.4448,1,1,55.4482
102.583,0.267198,-7.3385,45.1488,55.6488,-12.4448,1,1,55.4482
102.592,0.266864,-7.33849,45.0451,55.5451,-12.4448,1,1,55.4482
102.6,0.26653,-7.33849,44.9414,55.4414,-12.4448,1,1,55.4482
102.608,0.266196,-7.33849,44.8377,55.3377,-12.4447,1,1,55.4482
102.617,0.265861,-7.33848,44.734,55.234,-12.4447,1,1,55.4482
102.625,0.265527,-7.33848,44.6303,55.1303,-12.4447,1,1,55.4482
102.633,0.265193,-7.33847,44.5266,55.0266,-12.4447,1,1,55.4482
102.642,0.264859,-7.33847,44.4229,54.9229,-12.4447,1,1,55.4482
102.65,0.264524,-7.33846,44.3192,54.8192,-12.4446,1,1,55.4482
102.658,0.26419,-7.33846,44.2155,54.7155,-12.4446,1,1,55.4482
102.667,0.263856,-7.33845,44.1118,54.6118,-12.4446,1,1,55.4482
102.675,0.263522,-7.33845,44.0081,54.5081,-12.4446,1,1,55.4482
102.683,0.263187,-7.33844,43.9043,54.4043,-12.4446,1,1,55.4482
102.692,0.262853,-7.33844,43.8006,54.3006,-12.4445,1,1,55.4482
102.7,0.262519,-7.33843,43.6969,54.1969,-12.4445,1,1,55.4482
102.708,0.262185,-7.33843,43.5932,54.0932,-12.4445,1,1,55.4482
102.717,0.26185,-7.33842,43.4895,53.9895,-12.4445,1,1,55.4482
102.725,0.261516,-7.33842,43.3858,53.8858,-12.4445,1,1,55.4482
102.733,0.261182,-7.33842,43.2821,53.7821,-12.4445,1,1,55.4482
102.742,0.260848,-7.33841,43.1784,53.6784,-12.4444,1,1,55.4482
102.75,0.260513,-7.33841,43.0747,53.5747,-12.4444,1,1,55.4482
102.758,0.260179,-7.3384,42.971,53.471,-12.4444,1,1,55.4482
102.767,0.259845,-7.3384,42.8673,53.3673,-12.4444,1,1,55.4482
102.775,0.259511,-7.33839,42.7636,53.2636,-12.4444,1,1,55.4482
102.783,0.259176,-7.33839,42.6599,53.1599,-12.4443,1,1,55.4482
102.792,0.258842,-7.33838,42.5562,53.0562,-12.4443,1,1,55.4482
102.8,0.258508,-7.33838,42.4525,52.9525,-12.4443,1,1,55.4482
102.808,0.258174,-7.33837,42.3488,52.8488,-12.4443,1,1,55.4482
102.817,0.257839,-7.33837,42.2451,52.7451,-12.4443,1,1,55.4482
102.825,0.257505,-7.33836,42.1414,52.6414,-12.4442,1,1,55.4482
102.833,0.257171,-7.33836,42.0377,52.5377,-12.4442,1,1,55.4482
102.842,0.256837,-7.33835,41.934,52.434,-12.4442,1,1,55.4482
102.85,0.256503,-7.33835,41.8303,52.3303,-12.4442,1,1,55.4482
102.858,0.256168,-7.33835,41.7266,52.2266,-12.4442,1,1,55.4482
102.867,0.255834,-7.33834,41.6229,52.1229,-12.4442,1,1,55.4482
102.875,0.2555,-7.33834,41.5192,52.0192,-12.4441,1,1,55.4482
102.883,0.255166,-7.33833,41.4155,51.9155,-12.4441,1,1,55.4482
102.892,0.254831,-7.33833,41.3118,51.8118,-12.4441,1,1,55.4482
102.9,0.254497,-7.33832,41.2081,51.7081,-12.4441,1,1,55.4482
102.908,0.254163,-7.33832,41.1044,51.6044,-12.4441,1,1,55.4482
102.917,0.253829,-7.33831,41.0007,51.5007,-12.444,1,1,55.4482
102.925,0.253494,-7.33831,40.897,51.397,-12.444,1,1,55.4482
102.933,0.25316,-7.3383,40.7933,51.2933,-12.444,1,1,55.4482
102.942,0.252826,-7.3383,40.6896,51.1896,-12.444,1,1,55.4482
102.95,0.252492,-7.33829,40.5859,51.0859,-12.444,1,1,55.4482
102.958,0.252157,-7.33829,40.4822,50.9822,-12.4439,1,1,55.4482
102.967,0.251823,-7.33828,40.3785,50.8785,-12.4439,1,1,55.4482
102.975,0.251489,-7.33828,40.2748,50.7748,-12.4439,1,1,55.4482
102.983,0.251155,-7.33828,40.1711,50.6711,-12.4439,1,1,55.4482
102.992,0.250821,-7.33827,40.0674,50.5674,-12.4439,1,1,55.4482
103,0.250486,-7.33827,39.9637,50.4637,-12.4439,1,1,55.4482
103.008,0.250152,-7.33826,39.86,50.36,-12.4438,1,1,55.4482
103.017,0.249818,-7.33826,39.7563,50.2563,-12.4438,1,1,55.4482
103.025,0.249484,-7.33825,39.6526,50.1526,-12.4438,1,1,55.4482
103.033,0.249149,-7.33825,39.5489,50.0489,-12.4438,1,1,55.4482
103.042,0.248815,-7.33824,39.4452,49.9452,-12.4438,1,1,55.4482
103.05,0.248481,-7.33824,39.3415,49.8415,-12.4437,1,1,55.4482
103.058,0.248147,-7.33823,39.2378,49.7378,-12.4437,1,1,55.4482
103.067,0.247812,-7.33823,39.1341,49.6341,-12.4437,1,1,55.4482
103.075,0.247478,-7.33822,39.0304,49.5304,-12.4437,1,1,55.4482
103.083,0.247144,-7.33822,38.9267,49.4267,-12.4437,1,1,55.4482
103.092,0.24681,-7.33822,38.823,49.323,-12.4436,1,1,55.4482
103.1,0.246476,-7.33821,38.7193,49.2193,-12.4436,1,1,55.4482
103.108,0.246141,-7.33821,38.6156,49.1156,-12.4436,1,1,55.4482
103.117,0.245807,-7.3382,38.5119,49.0119,-12.4436,1,1,55.4482
103.125,0.245473,-7.3382,38.4082,48.9082,-12.4436,1,1,55.4482
103.133,0.245139,-7.33819,38.3045,48.8045,-12.4435,1,1,55.4482
103.142,0.244804,-7.33819,38.2008,48.7008,-12.4435,1,1,55.4482
103.15,0.24447,-7.33818,38.0971,48.5971,-12.4435,1,1,55.4482
103.158,0.244136,-7.33818,37.9934,48.4934,-12.4435,1,1,55.4482
103.167,0.243802,-7.33817,37.8897,48.3897,-12.4435,1,1,55.4482
103.175,0.243468,-7.33817,37.786,48.286,-12.4435,1,1,55.4482
103.183,0.243133,-7.33816,37.6823,48.1823,-12.4434,1,1,55.4482
103.192,0.242799,-7.33816,37.5786,48.0786,-12.4434,1,1,55.4482
103.2,0.242465,-7.33815,37.4749,47.9749,-12.4434,1,1,55.4482
103.208,0.242131,-7.33815,37.3712,47.8712,-12.4434,1,1,55.4482
103.217,0.241796,-7.33815,37.2675,47.7675,-12.4434,1,1,55.4482
103.225,0.241462,-7.33814,37.1638,47.6638,-12.4433,1,1,55.4482
103.233,0.241128,-7.33814,37.0601,47.5601,-12.4433,1,1,55.4482
103.242,0.240794,-7.33813,36.9564,47.4564,-12.4433,1,1,55.4482
103.25,0.24046,-7.33813,36.8528,47.3528,-12.4433,1,1,55.4482
103.258,0.240125,-7.33812,36.7491,47.2491,-12.4433,1,1,55.4482
103.267,0.239791,-7.33812,36.6454,47.1454,-12.4432,1,1,55.4482
103.275,0.239457,-7.33811,36.5417,47.0417,-12.4432,1,1,55.4482
103.283,0.239123,-7.33811,36.438,46.938,-12.4432,1,1,55.4482
103.292,0.238789,-7.3381,36.3343,46.8343,-12.4432,1,1,55.4482
103.3,0.238454,-7.3381,36.2306,46.7306,-12.4432,1,1,55.4482
103.308,0.23812,-7.33809,36.1269,46.6269,-12.4432,1,1,55.4482
103.317,0.237786,-7.33809,36.0232,46.5232,-12.4431,1,1,55.4482
103.325,0.237452,-7.33808,35.9195,46.4195,-12.4431,1,1,55.4482
103.333,0.237117,-7.33808,35.8158,46.3158,-12.4431,1,1,55.4482
103.342,0.236783,-7.33808,35.7121,46.2121,-12.4431,1,1,55.4482
103.35,0.236449,-7.33807,35.6084,46.1084,-12.4431,1,1,55.4482
103.358,0.236115,-7.33807,35.5047,46.0047,-12.443,1,1,55.4482
103.367,0.235781,-7.33806,35.401,45.901,-12.443,1,1,55.4482
103.375,0.235446,-7.33806,35.2973,45.7973,-12.443,1,1,55.4482
103.383,0.235112,-7.33805,35.1937,45.6937,-12.443,1,1,55.4482
103.392,0.234778,-7.33805,35.09,45.59,-12.443,1,1,55.4482
103.4,0.234444,-7.33804,34.9863,45.4863,-12.4429,1,1,55.4482
103.408,0.23411,-7.33804,34.8826,45.3826,-12.4429,1,1,55.4482
103.417,0.233775,-7.33803,34.7789,45.2789,-12.4429,1,1,55.4482
103.425,0.233441,-7.33803,34.6752,45.1752,-12.4429,1,1,55.4482
103.433,0.233107,-7.33802,34.5715,45.0715,-12.4429,1,1,55.4482
103.442,0.232773,-7.33802,34.4678,44.9678,-12.4429,1,1,55.4482
103.45,0.232439,-7.33801,34.3641,44.8641,-12.4428,1,1,55.4482
103.458,0.232104,-7.33801,34.2604,44.7604,-12.4428,1,1,55.4482
103.467,0.23177,-7.33801,34.1567,44.6567,-12.4428,1,1,55.4482
103.475,0.231436,-7.338,34.0531,44.5531,-12.4428,1,1,55.4482
103.483,0.231102,-7.338,33.9494,44.4494,-12.4428,1,1,55.4482
103.492,0.230768,-7.33799,33.8457,44.3457,-12.4427,1,1,55.4482
103.5,0.230433,-7.33799,33.742,44.242,-12.4427,1,1,55.4482
103.508,0.230099,-7.33798,33.6383,44.1383,-12.4427,1,1,55.4482
103.517,0.229765,-7.33798,33.5346,44.0346,-12.4427,1,1,55.4482
103.525,0.229431,-7.33797,33.4309,43.9309,-12.4427,1,1,55.4482
103.533,0.229097,-7.33797,33.3272,43.8272,-12.4426,1,1,55.4482
103.542,0.228762,-7.33796,33.2235,43.7235,-12.4426,1,1,55.4482
103.55,0.228428,-7.33796,33.1198,43.6198,-12.4426,1,1,55.4482
103.558,0.228094,-7.33795,33.0162,43.5162,-12.4426,1,1,55.4482
103.567,0.22776,-7.33795,32.9125,43.4125,-12.4426,1,1,55.4482
103.575,0.227426,-7.33795,32.8088,43.3088,-12.4426,1,1,55.4482
103.583,0.227091,-7.33794,32.7051,43.2051,-12.4425,1,1,55.4482
103.592,0.226757,-7.33794,32.6014,43.1014,-12.4425,1,1,55.4482
103.6,0.226423,-7.33793,32.4977,42.9977,-12.4425,1,1,55.4482
103.608,0.226089,-7.33793,32.394,42.894,-12.4425,1,1,55.4482
103.617,0.225755,-7.33792,32.2903,42.7903,-12.4425,1,1,55.4482
103.625,0.22542,-7.33792,32.1867,42.6867,-12.4424,1,1,55.4482
103.633,0.225086,-7.33791,32.083,42.583,-12.4424,1,1,55.4482
103.642,0.224752,-7.33791,31.9793,42.4793,-12.4424,1,1,55.4482
103.65,0.224418,-7.3379,31.8756,42.3756,-12.4424,1,1,55.4482
103.658,0.224084,-7.3379,31.7719,42.2719,-12.4424,1,1,55.4482
103.667,0.223749,-7.33789,31.6682,42.1682,-12.4423,1,1,55.4482
103.675,0.223415,-7.33789,31.5645,42.0645,-12.4423,1,1,55.4482
103.683,0.223081,-7.33788,31.4608,41.9608,-12.4423,1,1,55.4482
103.692,0.222747,-7.33788,31.3572,41.8572,-12.4423,1,1,55.4482
103.7,0.222413,-7.33788,31.2535,41.7535,-12.4423,1,1,55.4482
103.708,0.222079,-7.33787,31.1498,41.6498,-12.4423,1,1,55.4482
103.717,0.221744,-7.33787,31.0461,41.5461,-12.4422,1,1,55.4482
103.725,0.22141,-7.33786,30.9424,41.4424,-12.4422,1,1,55.4482
103.733,0.221076,-7.33786,30.8387,41.3387,-12.4422,1,1,55.4482
103.742,0.220742,-7.33785,30.735,41.235,-12.4422,1,1,55.4482
103.75,0.220408,-7.33785,30.6314,41.1314,-12.4422,1,1,55.4482
103.758,0.220073,-7.33784,30.5277,41.0277,-12.4421,1,1,55.4482
103.767,0.219739,-7.33784,30.424,40.924,-12.4421,1,1,55.4482
103.775,0.219405,-7.33783,30.3203,40.8203,-12.4421,1,1,55.4482
103.783,0.219071,-7.33783,30.2166,40.7166,-12.4421,1,1,55.4482
103.792,0.218737,-7.33782,30.1129,40.6129,-12.4421,1,1,55.4482
103.8,0.218402,-7.33782,30.0092,40.5092,-12.442,1,1,55.4482
103.808,0.218068,-7.33781,29.9056,40.4056,-12.442,1,1,55.4482
103.817,0.217734,-7.33781,29.8019,40.3019,-12.442,1,1,55.4482
103.825,0.2174,-7.33781,29.6982,40.1982,-12.442,1,1,55.4482
103.833,0.217066,-7.3378,29.5945,40.0945,-12.442,1,1,55.4482
103.842,0.216732,-7.3378,29.4908,39.9908,-12.4419,1,1,55.4482
103.85,0.216397,-7.33779,29.3871,39.8871,-12.4419,1,1,55.4482
103.858,0.216063,-7.33779,29.2835,39.7835,-12.4419,1,1,55.4482
103.867,0.215729,-7.33778,29.1798,39.6798,-12.4419,1,1,55.4482
103.875,0.215395,-7.33778,29.0761,39.5761,-12.4419,1,1,55.4482
103.883,0.215061,-7.33777,28.9724,39.4724,-12.4419,1,1,55.4482
103.892,0.214727,-7.33777,28.8687,39.3687,-12.4418,1,1,55.4482
103.9,0.214392,-7.33776,28.7651,39.2651,-12.4418,1,1,55.4482
103.908,0.214058,-7.33776,28.6614,39.1614,-12.4418,1,1,55.4482
103.917,0.213724,-7.33775,28.5577,39.0577,-12.4418,1,1,55.4482
103.925,0.21339,-7.33775,28.454,38.954,-12.4418,1,1,55.4482
103.933,0.213056,-7.33775,28.3503,38.8503,-12.4417,1,1,55.4482
103.942,0.212721,-7.33774,28.2466,38.7466,-12.4417,1,1,55.4482
103.95,0.212387,-7.33774,28.143,38.643,-12.4417,1,1,55.4482
103.958,0.212053,-7.33773,28.0393,38.5393,-12.4417,1,1,55.4482
103.967,0.211719,-7.33773,27.9356,38.4356,-12.4417,1,1,55.4482
103.975,0.211385,-7.33772,27.8319,38.3319,-12.4416,1,1,55.4482
103.983,0.211051,-7.33772,27.7282,38.2282,-12.4416,1,1,55.4482
103.992,0.210716,-7.33771,27.6246,38.1246,-12.4416,1,1,55.4482
104,0.210382,-7.33771,27.5209,38.0209,-12.4416,1,1,55.4482
104.008,0.210048,-7.3377,27.4172,37.9172,-12.4416,1,1,55.4482
104.017,0.209714,-7.3377,27.3135,37.8135,-12.4416,1,1,55.4482
104.025,0.20938,-7.33769,27.2098,37.7098,-12.4415,1,1,55.4482
104.033,0.209046,-7.33769,27.1062,37.6062,-12.4415,1,1,55.4482
104.042,0.208711,-7.33768,27.0025,37.5025,-12.4415,1,1,55.4482
104.05,0.208377,-7.33768,26.8988,37.3988,-12.4415,1,1,55.4482
104.058,0.208043,-7.33768,26.7951,37.2951,-12.4415,1,1,55.4482
104.067,0.207709,-7.33767,26.6914,37.1914,-12.4414,1,1,55.4482
104.075,0.207375,-7.33767,26.5878,37.0878,-12.4414,1,1,55.4482
104.083,0.207041,-7.33766,26.4841,36.9841,-12.4414,1,1,55.4482
104.092,0.206706,-7.33766,26.3804,36.8804,-12.4414,1,1,55.4482
104.1,0.206372,-7.33765,26.2767,36.7767,-12.4414,1,1,55.4482
104.108,0.206038,-7.33765,26.173,36.673,-12.4413,1,1,55.4482
104.117,0.205704,-7.33764,26.0694,36.5694,-12.4413,1,1,55.4482
104.125,0.20537,-7.33764,25.9657,36.4657,-12.4413,1,1,55.4482
104.133,0.205036,-7.33763,25.862,36.362,-12.4413,1,1,55.4482
104.142,0.204701,-7.33763,25.7583,36.2583,-12.4413,1,1,55.4482
104.15,0.204367,-7.33762,25.6546,36.1546,-12.4413,1,1,55.4482
104.158,0.204033,-7.33762,25.551,36.051,-12.4412,1,1,55.4482
104.167,0.203699,-7.33761,25.4473,35.9473,-12.4412,1,1,55.4482
104.175,0.203365,-7.33761,25.3436,35.8436,-12.4412,1,1,55.4482
104.183,0.203031,-7.33761,25.2399,35.7399,-12.4412,1,1,55.4482
104.192,0.202696,-7.3376,25.1363,35.6363,-12.4412,1,1,55.4482
104.2,0.202362,-7.3376,25.0326,35.5326,-12.4411,1,1,55.4482
104.208,0.202028,-7.33759,24.9289,35.4289,-12.4411,1,1,55.4482
104.217,0.201694,-7.33759,24.8252,35.3252,-12.4411,1,1,55.4482
104.225,0.20136,-7.33758,24.7216,35.2216,-12.4411,1,1,55.4482
104.233,0.201026,-7.33758,24.6179,35.1179,-12.4411,1,1,55.4482
104.242,0.200692,-7.33757,24.5142,35.0142,-12.441,1,1,55.4482
104.25,0.200357,-7.33757,24.4105,34.9105,-12.441,1,1,55.4482
104.258,0.200023,-7.33756,24.3069,34.8069,-12.441,1,1,55.4482
104.267,0.199689,-7.33756,24.2032,34.7032,-12.441,1,1,55.4482
104.275,0.199355,-7.33755,24.0995,34.5995,-12.441,1,1,55.4482
104.283,0.199021,-7.33755,23.9958,34.4958,-12.441,1,1,55.4482
104.292,0.198687,-7.33755,23.8922,34.3922,-12.4409,1,1,55.4482
104.3,0.198352,-7.33754,23.7885,34.2885,-12.4409,1,1,55.4482
104.308,0.198018,-7.33754,23.6848,34.1848,-12.4409,1,1,55.4482
104.317,0.197684,-7.33753,23.5811,34.0811,-12.4409,1,1,55.4482
104.325,0.19735,-7.33753,23.4775,33.9775,-12.4409,1,1,55.4482
104.333,0.197016,-7.33752,23.3738,33.8738,-12.4408,1,1,55.4482
104.342,0.196682,-7.33752,23.2701,33.7701,-12.4408,1,1,55.4482
104.35,0.196348,-7.33751,23.1664,33.6664,-12.4408,1,1,55.4482
104.358,0.196013,-7.33751,23.0628,33.5628,-12.4408,1,1,55.4482
104.367,0.195679,-7.3375,22.9591,33.4591,-12.4408,1,1,55.4482
104.375,0.195345,-7.3375,22.8554,33.3554,-12.4407,1,1,55.4482
104.383,0.195011,-7.33749,22.7517,33.2517,-12.4407,1,1,55.4482
104.392,0.194677,-7.33749,22.6481,33.1481,-12.4407,1,1,55.4482
104.4,0.194343,-7.33748,22.5444,33.0444,-12.4407,1,1,55.4482
104.408,0.194009,-7.33748,22.4407,32.9407,-12.4407,1,1,55.4482
104.417,0.193674,-7.33748,22.337,32.837,-12.4407,1,1,55.4482
104.425,0.19334,-7.33747,22.2334,32.7334,-12.4406,1,1,55.4482
104.433,0.193006,-7.33747,22.1297,32.6297,-12.4406,1,1,55.4482
104.442,0.192672,-7.33746,22.026,32.526,-12.4406,1,1,55.4482
104.45,0.192338,-7.33746,21.9224,32.4224,-12.4406,1,1,55.4482
104.458,0.192004,-7.33745,21.8187,32.3187,-12.4406,1,1,55.4482
104.467,0.19167,-7.33745,21.715,32.215,-12.4405,1,1,55.4482
104.475,0.191335,-7.33744,21.6113,32.1113,-12.4405,1,1,55.4482
104.483,0.191001,-7.33744,21.5077,32.0077,-12.4405,1,1,55.4482
104.492,0.190667,-7.33743,21.404,31.904,-12.4405,1,1,55.4482
104.5,0.190333,-7.33743,21.3003,31.8003,-12.4405,1,1,55.4482
104.508,0.189999,-7.33742,21.1967,31.6967,-12.4404,1,1,55.4482
104.517,0.189665,-7.33742,21.093,31.593,-12.4404,1,1,55.4482
104.525,0.189331,-7.33741,20.9893,31.4893,-12.4404,1,1,55.4482
104.533,0.188996,-7.33741,20.8856,31.3856,-12.4404,1,1,55.4482
104.542,0.188662,-7.33741,20.782,31.282,-12.4404,1,1,55.4482
104.55,0.188328,-7.3374,20.6783,31.1783,-12.4403,1,1,55.4482
104.558,0.187994,-7.3374,20.5746,31.0746,-12.4403,1,1,55.4482
104.567,0.18766,-7.33739,20.471,30.971,-12.4403,1,1,55.4482
104.575,0.187326,-7.33739,20.3673,30.8673,-12.4403,1,1,55.4482
104.583,0.186992,-7.33738,20.2636,30.7636,-12.4403,1,1,55.4482
104.592,0.186657,-7.33738,20.16,30.66,-12.4403,1,1,55.4482
104.6,0.186323,-7.33737,20.0563,30.5563,-12.4402,1,1,55.4482
104.608,0.185989,-7.33737,19.9526,30.4526,-12.4402,1,1,55.4482
104.617,0.185655,-7.33736,19.8489,30.3489,-12.4402,1,1,55.4482
104.625,0.185321,-7.33736,19.7453,30.2453,-12.4402,1,1,55.4482
104.633,0.184987,-7.33735,19.6416,30.1416,-12.4402,1,1,55.4482
104.642,0.184653,-7.33735,19.5379,30.0379,-12.4401,1,1,55.4482
104.65,0.184319,-7.33735,19.4343,29.9343,-12.4401,1,1,55.4482
104.658,0.183984,-7.33734,19.3306,29.8306,-12.4401,1,1,55.4482
104.667,0.18365,-7.33734,19.2269,29.7269,-12.4401,1,1,55.4482
104.675,0.183316,-7.33733,19.1233,29.6233,-12.4401,1,1,55.4482
104.683,0.182982,-7.33733,19.0196,29.5196,-12.44,1,1,55.4482
104.692,0.182648,-7.33732,18.9159,29.4159,-12.44,1,1,55.4482
104.7,0.182314,-7.33732,18.8123,29.3123,-12.44,1,1,55.4482
104.708,0.18198,-7.33731,18.7086,29.2086,-12.44,1,1,55.4482
104.717,0.181645,-7.33731,18.6049,29.1049,-12.44,1,1,55.4482
104.725,0.181311,-7.3373,18.5013,29.0013,-12.44,1,1,55.4482
104.733,0.180977,-7.3373,18.3976,28.8976,-12.4399,1,1,55.4482
104.742,0.180643,-7.33729,18.2939,28.7939,-12.4399,1,1,55.4482
104.75,0.180309,-7.33729,18.1903,28.6903,-12.4399,1,1,55.4482
104.758,0.179975,-7.33728,18.0866,28.5866,-12.4399,1,1,55.4482
104.767,0.179641,-7.33728,17.9829,28.4829,-12.4399,1,1,55.4482
104.775,0.179307,-7.33728,17.8793,28.3793,-12.4398,1,1,55.4482
104.783,0.178972,-7.33727,17.7756,28.2756,-12.4398,1,1,55.4482
104.792,0.178638,-7.33727,17.6719,28.1719,-12.4398,1,1,55.4482
104.8,0.178304,-7.33726,17.5683,28.0683,-12.4398,1,1,55.4482
104.808,0.17797,-7.33726,17.4646,27.9646,-12.4398,1,1,55.4482
104.817,0.177636,-7.33725,17.3609,27.8609,-12.4397,1,1,55.4482
104.825,0.177302,-7.33725,17.2573,27.7573,-12.4397,1,1,55.4482
104.833,0.176968,-7.33724,17.1536,27.6536,-12.4397,1,1,55.4482
104.842,0.176634,-7.33724,17.0499,27.5499,-12.4397,1,1,55.4482
104.85,0.1763,-7.33723,16.9463,27.4463,-12.4397,1,1,55.4482
104.858,0.175965,-7.33723,16.8426,27.3426,-12.4397,1,1,55.4482
104.867,0.175631,-7.33722,16.739,27.239,-12.4396,1,1,55.4482
104.875,0.175297,-7.33722,16.6353,27.1353,-12.4396,1,1,55.4482
104.883,0.174963,-7.33721,16.5316,27.0316,-12.4396,1,1,55.4482
104.892,0.174629,-7.33721,16.428,26.928,-12.4396,1,1,55.4482
104.9,0.174295,-7.33721,16.3243,26.8243,-12.4396,1,1,55.4482
104.908,0.173961,-7.3372,16.2206,26.7206,-12.4395,1,1,55.4482
104.917,0.173627,-7.3372,16.117,26.617,-12.4395,1,1,55.4482
104.925,0.173292,-7.33719,16.0133,26.5133,-12.4395,1,1,55.4482
104.933,0.172958,-7.33719,15.9096,26.4096,-12.4395,1,1,55.4482
104.942,0.172624,-7.33718,15.806,26.306,-12.4395,1,1,55.4482
104.95,0.17229,-7.33718,15.7023,26.2023,-12.4394,1,1,55.4482
104.958,0.171956,-7.33717,15.5987,26.0987,-12.4394,1,1,55.4482
104.967,0.171622,-7.33717,15.495,25.995,-12.4394,1,1,55.4482
104.975,0.171288,-7.33716,15.3913,25.8913,-12.4394,1,1,55.4482
104.983,0.170954,-7.33716,15.2877,25.7877,-12.4394,1,1,55.4482
104.992,0.17062,-7.33715,15.184,25.684,-12.4394,1,1,55.4482
105,0.170285,-7.33715,15.0803,25.5803,-12.4393,1,1,55.4482
105.008,0.169951,-7.33715,14.9767,25.4767,-12.4393,1,1,55.4482
105.017,0.169617,-7.33714,14.873,25.373,-12.4393,1,1,55.4482
105.025,0.169283,-7.33714,14.7694,25.2694,-12.4393,1,1,55.4482
105.033,0.168949,-7.33713,14.6657,25.1657,-12.4393,1,1,55.4482
105.042,0.168615,-7.33713,14.562,25.062,-12.4392,1,1,55.4482
105.05,0.168281,-7.33712,14.4584,24.9584,-12.4392,1,1,55.4482
105.058,0.167947,-7.33712,14.3547,24.8547,-12.4392,1,1,55.4482
105.067,0.167613,-7.33711,14.2511,24.7511,-12.4392,1,1,55.4482
105.075,0.167279,-7.33711,14.1474,24.6474,-12.4392,1,1,55.4482
105.083,0.166944,-7.3371,14.0437,24.5437,-12.4391,1,1,55.4482
105.092,0.16661,-7.3371,13.9401,24.4401,-12.4391,1,1,55.4482
105.1,0.166276,-7.33709,13.8364,24.3364,-12.4391,1,1,55.4482
105.108,0.165942,-7.33709,13.7328,24.2328,-12.4391,1,1,55.4482
105.117,0.165608,-7.33708,13.6291,24.1291,-12.4391,1,1,55.4482
105.125,0.165274,-7.33708,13.5254,24.0254,-12.4391,1,1,55.4482
105.133,0.16494,-7.33708,13.4218,23.9218,-12.439,1,1,55.4482
105.142,0.164606,-7.33707,13.3181,23.8181,-12.439,1,1,55.4482
105.15,0.164272,-7.33707,13.2145,23.7145,-12.439,1,1,55.4482
105.158,0.163937,-7.33706,13.1108,23.6108,-12.439,1,1,55.4482
105.167,0.163603,-7.33706,13.0071,23.5071,-12.439,1,1,55.4482
105.175,0.163269,-7.33705,12.9035,23.4035,-12.4389,1,1,55.4482
105.183,0.162935,-7.33705,12.7998,23.2998,-12.4389,1,1,55.4482
105.192,0.162601,-7.33704,12.6962,23.1962,-12.4389,1,1,55.4482
105.2,0.162267,-7.33704,12.5925,23.0925,-12.4389,1,1,55.4482
105.208,0.161933,-7.33703,12.4889,22.9889,-12.4389,1,1,55.4482
105.217,0.161599,-7.33703,12.3852,22.8852,-12.4388,1,1,55.4482
105.225,0.161265,-7.33702,12.2815,22.7815,-12.4388,1,1,55.4482
105.233,0.160931,-7.33702,12.1779,22.6779,-12.4388,1,1,55.4482
105.242,0.160597,-7.33701,12.0742,22.5742,-12.4388,1,1,55.4482
105.25,0.160262,-7.33701,11.9706,22.4706,-12.4388,1,1,55.4482
105.258,0.159928,-7.33701,11.8669,22.3669,-12.4388,1,1,55.4482
105.267,0.159594,-7.337,11.7633,22.2633,-12.4387,1,1,55.4482
105.275,0.15926,-7.337,11.6596,22.1596,-12.4387,1,1,55.4482
105.283,0.158926,-7.33699,11.5559,22.0559,-12.4387,1,1,55.4482
105.292,0.158592,-7.33699,11.4523,21.9523,-12.4387,1,1,55.4482
105.3,0.158258,-7.33698,11.3486,21.8486,-12.4387,1,1,55.4482
105.308,0.157924,-7.33698,11.245,21.745,-12.4386,1,1,55.4482
105.317,0.15759,-7.33697,11.1413,21.6413,-12.4386,1,1,55.4482
105.325,0.157256,-7.33697,11.0377,21.5377,-12.4386,1,1,55.4482
105.333,0.156922,-7.33696,10.934,21.434,-12.4386,1,1,55.4482
105.342,0.156587,-7.33696,10.8303,21.3303,-12.4386,1,1,55.4482
105.35,0.156253,-7.33695,10.7267,21.2267,-12.4385,1,1,55.4482
105.358,0.155919,-7.33695,10.623,21.123,-12.4385,1,1,55.4482
105.367,0.155585,-7.33695,10.5194,21.0194,-12.4385,1,1,55.4482
105.375,0.155251,-7.33694,10.4157,20.9157,-12.4385,1,1,55.4482
105.383,0.154917,-7.33694,10.3121,20.8121,-12.4385,1,1,55.4482
105.392,0.154583,-7.33693,10.2084,20.7084,-12.4385,1,1,55.4482
105.4,0.154249,-7.33693,10.1048,20.6048,-12.4384,1,1,55.4482
105.408,0.153915,-7.33692,10.0011,20.5011,-12.4384,1,1,55.4482
105.417,0.153581,-7.33692,9.89746,20.3975,-12.4384,1,1,55.4482
105.425,0.153247,-7.33691,9.7938,20.2938,-12.4384,1,1,55.4482
105.433,0.152912,-7.33691,9.69015,20.1902,-12.4384,1,1,55.4482
105.442,0.152578,-7.3369,9.5865,20.0865,-12.4383,1,1,55.4482
105.45,0.152244,-7.3369,9.48284,19.9828,-12.4383,1,1,55.4482
105.458,0.15191,-7.33689,9.37919,19.8792,-12.4383,1,1,55.4482
105.467,0.151576,-7.33689,9.27554,19.7755,-12.4383,1,1,55.4482
105.475,0.151242,-7.33688,9.17189,19.6719,-12.4383,1,1,55.4482
105.483,0.150908,-7.33688,9.06823,19.5682,-12.4382,1,1,55.4482
105.492,0.150574,-7.33688,8.96458,19.4646,-12.4382,1,1,55.4482
105.5,0.15024,-7.33687,8.86093,19.3609,-12.4382,1,1,55.4482
105.508,0.149906,-7.33687,8.75728,19.2573,-12.4382,1,1,55.4482
105.517,0.149572,-7.33686,8.65362,19.1536,-12.4382,1,1,55.4482
105.525,0.149238,-7.33686,8.54997,19.05,-12.4381,1,1,55.4482
105.533,0.148904,-7.33685,8.44632,18.9463,-12.4381,1,1,55.4482
105.542,0.148569,-7.33685,8.34267,18.8427,-12.4381,1,1,55.4482
105.55,0.148235,-7.33684,8.23902,18.739,-12.4381,1,1,55.4482
105.558,0.147901,-7.33684,8.13537,18.6354,-12.4381,1,1,55.4482
105.567,0.147567,-7.33683,8.03171,18.5317,-12.4381,1,1,55.4482
105.575,0.147233,-7.33683,7.92806,18.4281,-12.438,1,1,55.4482
105.583,0.146899,-7.33682,7.82441,18.3244,-12.438,1,1,55.4482
105.592,0.146565,-7.33682,7.72076,18.2208,-12.438,1,1,55.4482
105.6,0.146231,-7.33681,7.61711,18.1171,-12.438,1,1,55.4482
105.608,0.145897,-7.33681,7.51346,18.0135,-12.438,1,1,55.4482
105.617,0.145563,-7.33681,7.40981,17.9098,-12.4379,1,1,55.4482
105.625,0.145229,-7.3368,7.30616,17.8062,-12.4379,1,1,55.4482
105.633,0.144895,-7.3368,7.20251,17.7025,-12.4379,1,1,55.4482
105.642,0.144561,-7.33679,7.09886,17.5989,-12.4379,1,1,55.4482
105.65,0.144226,-7.33679,6.99521,17.4952,-12.4379,1,1,55.4482
105.658,0.143892,-7.33678,6.89156,17.3916,-12.4378,1,1,55.4482
105.667,0.143558,-7.33678,6.78791,17.2879,-12.4378,1,1,55.4482
105.675,0.143224,-7.33677,6.68426,17.1843,-12.4378,1,1,55.4482
105.683,0.14289,-7.33677,6.58062,17.0806,-12.4378,1,1,55.4482
105.692,0.142556,-7.33676,6.47697,16.977,-12.4378,1,1,55.4482
105.7,0.142222,-7.33676,6.37332,16.8733,-12.4378,1,1,55.4482
105.708,0.141888,-7.33675,6.26967,16.7697,-12.4377,1,1,55.4482
105.717,0.141554,-7.33675,6.16602,16.666,-12.4377,1,1,55.4482
105.725,0.14122,-7.33675,6.06237,16.5624,-12.4377,1,1,55.4482
105.733,0.140886,-7.33674,5.95873,16.4587,-12.4377,1,1,55.4482
105.742,0.140552,-7.33674,5.85508,16.3551,-12.4377,1,1,55.4482
105.75,0.140218,-7.33673,5.75143,16.2514,-12.4376,1,1,55.4482
105.758,0.139884,-7.33673,5.64778,16.1478,-12.4376,1,1,55.4482
105.767,0.13955,-7.33672,5.54414,16.0441,-12.4376,1,1,55.4482
105.775,0.139215,-7.33672,5.44049,15.9405,-12.4376,1,1,55.4482
105.783,0.138881,-7.33671,5.33684,15.8368,-12.4376,1,1,55.4482
105.792,0.138547,-7.33671,5.23319,15.7332,-12.4375,1,1,55.4482
105.8,0.138213,-7.3367,5.12955,15.6295,-12.4375,1,1,55.4482
105.808,0.137879,-7.3367,5.0259,15.5259,-12.4375,1,1,55.4482
105.817,0.137545,-7.33669,4.92226,15.4223,-12.4375,1,1,55.4482
105.825,0.137211,-7.33669,4.81861,15.3186,-12.4375,1,1,55.4482
105.833,0.136877,-7.33668,4.71496,15.215,-12.4375,1,1,55.4482
105.842,0.136543,-7.33668,4.61132,15.1113,-12.4374,1,1,55.4482
105.85,0.136209,-7.33668,4.50767,15.0077,-12.4374,1,1,55.4482
105.858,0.135875,-7.33667,4.40403,14.904,-12.4374,1,1,55.4482
105.867,0.135541,-7.33667,4.30038,14.8004,-12.4374,1,1,55.4482
105.875,0.135207,-7.33666,4.19673,14.6967,-12.4374,1,1,55.4482
105.883,0.134873,-7.33666,4.09309,14.5931,-12.4373,1,1,55.4482
105.892,0.134539,-7.33665,3.98944,14.4894,-12.4373,1,1,55.4482
105.9,0.134205,-7.33665,3.8858,14.3858,-12.4373,1,1,55.4482
105.908,0.133871,-7.33664,3.78216,14.2822,-12.4373,1,1,55.4482
105.917,0.133536,-7.33664,3.67851,14.1785,-12.4373,1,1,55.4482
105.925,0.133202,-7.33663,3.57487,14.0749,-12.4372,1,1,55.4482
105.933,0.132868,-7.33663,3.47122,13.9712,-12.4372,1,1,55.4482
105.942,0.132534,-7.33662,3.36758,13.8676,-12.4372,1,1,55.4482
105.95,0.1322,-7.33662,3.26393,13.7639,-12.4372,1,1,55.4482
105.958,0.131866,-7.33661,3.16029,13.6603,-12.4372,1,1,55.4482
105.967,0.131532,-7.33661,3.05665,13.5566,-12.4372,1,1,55.4482
105.975,0.131198,-7.33661,2.953,13.453,-12.4371,1,1,55.4482
105.983,0.130864,-7.3366,2.84936,13.3494,-12.4371,1,1,55.4482
105.992,0.13053,-7.3366,2.74572,13.2457,-12.4371,1,1,55.4482
106,0.130196,-7.33659,2.64207,13.1421,-12.4371,1,1,55.4482
106.008,0.129862,-7.33659,2.53843,13.0384,-12.4371,1,1,55.4482
106.017,0.129528,-7.33658,2.43479,12.9348,-12.437,1,1,55.4482
106.025,0.129194,-7.33658,2.33115,12.8311,-12.437,1,1,55.4482
106.033,0.12886,-7.33657,2.2275,12.7275,-12.437,1,1,55.4482
106.042,0.128526,-7.33657,2.12386,12.6239,-12.437,1,1,55.4482
106.05,0.128192,-7.33656,2.02022,12.5202,-12.437,1,1,55.4482
106.058,0.127858,-7.33656,1.91658,12.4166,-12.4369,1,1,55.4482
106.067,0.127524,-7.33655,1.81294,12.3129,-12.4369,1,1,55.4482
106.075,0.12719,-7.33655,1.7093,12.2093,-12.4369,1,1,55.4482
106.083,0.126856,-7.33655,1.60565,12.1057,-12.4369,1,1,55.4482
106.092,0.126521,-7.33654,1.50201,12.002,-12.4369,1,1,55.4482
106.1,0.126187,-7.33654,1.39837,11.8984,-12.4369,1,1,55.4482
106.108,0.125853,-7.33653,1.29473,11.7947,-12.4368,1,1,55.4482
106.117,0.125519,-7.33653,1.19109,11.6911,-12.4368,1,1,55.4482
106.125,0.125185,-7.33652,1.08745,11.5874,-12.4368,1,1,55.4482
106.133,0.124851,-7.33652,0.983809,11.4838,-12.4368,1,1,55.4482
106.142,0.124517,-7.33651,0.880169,11.3802,-12.4368,1,1,55.4482
106.15,0.124183,-7.33651,0.776528,11.2765,-12.4367,1,1,55.4482
106.158,0.123849,-7.3365,0.672888,11.1729,-12.4367,1,1,55.4482
106.167,0.123515,-7.3365,0.569249,11.0692,-12.4367,1,1,55.4482
106.175,0.123181,-7.33649,0.465609,10.9656,-12.4367,1,1,55.4482
106.183,0.122847,-7.33649,0.36197,10.862,-12.4367,1,1,55.4482
106.192,0.122513,-7.33648,0.25833,10.7583,-12.4366,1,1,55.4482
106.2,0.122179,-7.33648,0.154691,10.6547,-12.4366,1,1,55.4482
106.208,0.121845,-7.33648,0.051052,10.5511,-12.4366,1,1,55.4482
106.217,0.121511,-7.33647,-0.0525868,10.4474,-12.4366,1,1,55.4482
106.225,0.121177,-7.33647,-0.156226,10.3438,-12.4366,1,1,55.4482
106.233,0.120843,-7.33646,-0.259864,10.2401,-12.4366,1,1,55.4482
106.242,0.120509,-7.33646,-0.363502,10.1365,-12.4365,1,1,55.4482
106.25,0.120175,-7.33645,-0.467141,10.0329,-12.4365,1,1,55.4482
106.258,0.119841,-7.33645,-0.570779,9.92922,-12.4365,1,1,55.4482
106.267,0.119507,-7.33644,-0.674417,9.82558,-12.4365,1,1,55.4482
106.275,0.119173,-7.33644,-0.778054,9.72195,-12.4365,1,1,55.4482
106.283,0.118839,-7.33643,-0.881692,9.61831,-12.4364,1,1,55.4482
106.292,0.118505,-7.33643,-0.98533,9.51467,-12.4364,1,1,55.4482
106.3,0.118171,-7.33642,-1.08897,9.41103,-12.4364,1,1,55.4482
106.308,0.117837,-7.33642,-1.1926,9.3074,-12.4364,1,1,55.4482
106.317,0.117502,-7.33642,-1.29624,9.20376,-12.4364,1,1,55.4482
106.325,0.117168,-7.33641,-1.39988,9.10012,-12.4363,1,1,55.4482
106.333,0.116834,-7.33641,-1.50351,8.99649,-12.4363,1,1,55.4482
106.342,0.1165,-7.3364,-1.60715,8.89285,-12.4363,1,1,55.4482
106.35,0.116166,-7.3364,-1.71079,8.78921,-12.4363,1,1,55.4482
106.358,0.115832,-7.33639,-1.81442,8.68558,-12.4363,1,1,55.4482
106.367,0.115498,-7.33639,-1.91806,8.58194,-12.4363,1,1,55.4482
106.375,0.115164,-7.33638,-2.0217,8.4783,-12.4362,1,1,55.4482
106.383,0.11483,-7.33638,-2.12533,8.37467,-12.4362,1,1,55.4482
106.392,0.114496,-7.33637,-2.22897,8.27103,-12.4362,1,1,55.4482
106.4,0.114162,-7.33637,-2.3326,8.1674,-12.4362,1,1,55.4482
106.408,0.113828,-7.33636,-2.43624,8.06376,-12.4362,1,1,55.4482
106.417,0.113494,-7.33636,-2.53987,7.96013,-12.4361,1,1,55.4482
106.425,0.11316,-7.33635,-2.64351,7.85649,-12.4361,1,1,55.4482
106.433,0.112826,-7.33635,-2.74714,7.75286,-12.4361,1,1,55.4482
106.442,0.112492,-7.33635,-2.85078,7.64922,-12.4361,1,1,55.4482
106.45,0.112158,-7.33634,-2.95441,7.54559,-12.4361,1,1,55.4482
106.458,0.111824,-7.33634,-3.05805,7.44195,-12.436,1,1,55.4482
106.467,0.11149,-7.33633,-3.16168,7.33832,-12.436,1,1,55.4482
106.475,0.111156,-7.33633,-3.26531,7.23469,-12.436,1,1,55.4482
106.483,0.110822,-7.33632,-3.36895,7.13105,-12.436,1,1,55.4482
106.492,0.110488,-7.33632,-3.47258,7.02742,-12.436,1,1,55.4482
106.5,0.110154,-7.33631,-3.57621,6.92379,-12.4359,1,1,55.4482
106.508,0.10982,-7.33631,-3.67985,6.82015,-12.4359,1,1,55.4482
106.517,0.109486,-7.3363,-3.78348,6.71652,-12.4359,1,1,55.4482
106.525,0.109152,-7.3363,-3.88711,6.61289,-12.4359,1,1,55.4482
106.533,0.108818,-7.33629,-3.99075,6.50925,-12.4359,1,1,55.4482
106.542,0.108484,-7.33629,-4.09438,6.40562,-12.4359,1,1,55.4482
106.55,0.10815,-7.33628,-4.19801,6.30199,-12.4358,1,1,55.4482
106.558,0.107816,-7.33628,-4.30165,6.19835,-12.4358,1,1,55.4482
106.567,0.107482,-7.33628,-4.40528,6.09472,-12.4358,1,1,55.4482
106.575,0.107148,-7.33627,-4.50891,5.99109,-12.4358,1,1,55.4482
106.583,0.106814,-7.33627,-4.61254,5.88746,-12.4358,1,1,55.4482
106.592,0.10648,-7.33626,-4.71617,5.78383,-12.4357,1,1,55.4482
106.6,0.106146,-7.33626,-4.81981,5.68019,-12.4357,1,1,55.4482
106.608,0.105812,-7.33625,-4.92344,5.57656,-12.4357,1,1,55.4482
106.617,0.105478,-7.33625,-5.02707,5.47293,-12.4357,1,1,55.4482
106.625,0.105144,-7.33624,-5.1307,5.3693,-12.4357,1,1,55.4482
106.633,0.10481,-7.33624,-5.23433,5.26567,-12.4356,1,1,55.4482
106.642,0.104476,-7.33623,-5.33796,5.16204,-12.4356,1,1,55.4482
106.65,0.104142,-7.33623,-5.44159,5.05841,-12.4356,1,1,55.4482
106.658,0.103808,-7.33622,-5.54522,4.95478,-12.4356,1,1,55.4482
