Time,X_ft,Y_ft,Z_ft,Altitude,Vertical_Velocity,Main_Deployed
0.00833333,-1.84926e-06,0,2.45497e-06,10.5,-0.267915,0
0.0166667,-1.41009e-05,8.26229e-09,-0.00427881,10.4957,-0.535828,0
0.025,-3.15357e-05,8.26229e-09,-0.00986036,10.4901,-0.803739,0
0.0333333,-5.61787e-05,2.47869e-08,-0.0176745,10.4823,-1.07165,0
0.0416667,-8.77816e-05,4.54426e-08,-0.0277213,10.4723,-1.33956,0
0.05,-0.000126375,8.26229e-08,-0.0400006,10.46,-1.60746,0
0.0583333,-0.000171963,1.28065e-07,-0.0545125,10.4455,-1.87537,0
0.0666667,-0.000224536,1.85901e-07,-0.0712569,10.4287,-2.14327,0
0.075,-0.000284087,2.68524e-07,-0.0902338,10.4098,-2.41117,0
0.0833333,-0.000350617,3.63541e-07,-0.111443,10.3886,-2.4577,0
0.0916667,-0.000412964,4.83344e-07,-0.131349,10.3687,-2.15742,0
0.1,-0.000461642,6.07278e-07,-0.146873,10.3531,-1.57116,0
0.108333,-0.000492345,7.55999e-07,-0.15653,10.3435,-0.691368,0
0.116667,-0.000497044,9.0472e-07,-0.157606,10.3424,0.469581,0
0.125,-0.000469458,1.04518e-06,-0.14788,10.3521,1.79117,0
0.133333,-0.000408764,1.16911e-06,-0.126889,10.3731,3.25572,0
0.141667,-0.000311131,1.27239e-06,-0.0931588,10.4068,4.84584,0
0.15,-0.000174322,1.34262e-06,-0.045715,10.4543,6.5309,0
0.158333,2.74414e-06,1.34675e-06,0.0160602,10.5161,8.26829,0
0.166667,0.000219948,1.28065e-06,0.0923838,10.5924,10.0197,0
0.175,0.000476452,1.14846e-06,0.183228,10.6832,11.7476,0
0.183333,0.000770486,9.12983e-07,0.288244,10.7882,13.4434,0
0.191667,0.00110067,5.7836e-07,0.407227,10.9072,15.2237,0
0.2,0.0014704,1.11541e-07,0.541803,11.0418,16.9805,0
0.208333,0.00187485,-4.87475e-07,0.690547,11.1905,18.7379,0
0.216667,0.00231442,-1.23934e-06,0.854021,11.354,20.4958,0
0.225,0.0027877,-2.15646e-06,1.03215,11.5321,22.2542,0
0.233333,0.0032934,-3.25121e-06,1.22493,11.7249,24.0132,0
0.241667,0.00383013,-4.54839e-06,1.43237,11.9324,25.7727,0
0.25,0.00439636,-6.03973e-06,1.65448,12.1545,27.5339,0
0.258333,0.00499048,-7.76655e-06,1.89127,12.3913,29.2971,0
0.266667,0.00561071,-9.71645e-06,2.14277,12.6428,31.0619,0
0.275,0.00625513,-1.19225e-05,2.40898,12.909,32.8285,0
0.283333,0.00692164,-1.43929e-05,2.68992,13.1899,34.5968,0
0.291667,0.00760799,-1.71442e-05,2.9856,13.4856,36.3667,0
0.3,0.00831174,-2.01848e-05,3.29604,13.796,38.1389,0
0.308333,0.00903027,-2.35351e-05,3.62126,14.1213,39.9134,0
0.316667,0.00976075,-2.72036e-05,3.96127,14.4613,41.6901,0
0.325,0.0105002,-3.12108e-05,4.3161,14.8161,43.469,0
0.333333,0.0112452,-3.55691e-05,4.68576,15.1858,45.25,0
0.341667,0.0119925,-4.02869e-05,5.07028,15.5703,47.0333,0
0.35,0.0127381,-4.5393e-05,5.46966,15.9697,48.8188,0
0.358333,0.0134783,-5.08792e-05,5.88393,16.3839,50.6065,0
0.366667,0.0142087,-5.67826e-05,6.31311,16.8131,52.3959,0
0.375,0.0149248,-6.30991e-05,6.75721,17.2572,54.1861,0
0.383333,0.0156218,-6.98535e-05,7.21623,17.7162,55.9773,0
0.391667,0.0162947,-7.70582e-05,7.69017,18.1902,57.7698,0
0.4,0.0169382,-8.47297e-05,8.17906,18.6791,59.5633,0
0.408333,0.0175465,-9.28722e-05,8.6829,19.1829,61.3579,0
0.416667,0.0181137,-0.00010151,9.2017,19.7017,63.1536,0
0.425,0.0186336,-0.000110653,9.73547,20.2355,64.9504,0
0.433333,0.0190994,-0.000120315,10.2842,20.7842,66.7483,0
0.441667,0.0195043,-0.000130507,10.848,21.348,68.5473,0
0.45,0.0198409,-0.000141248,11.4267,21.9267,70.3474,0
0.458333,0.0201017,-0.000152551,12.0204,22.5204,72.148,0
0.466667,0.0202786,-0.000164428,12.6292,23.1292,73.9488,0
0.475,0.0203632,-0.000176891,13.2529,23.7529,75.75,0
0.483333,0.020347,-0.000189962,13.8917,24.3917,77.5516,0
0.491667,0.0202207,-0.000203641,14.5454,25.0454,79.3536,0
0.5,0.019975,-0.000217951,15.2142,25.7142,81.1559,0
0.508333,0.0196,-0.000232901,15.898,26.398,82.9586,0
0.516667,0.0190854,-0.000248501,16.5969,27.0969,84.7616,0
0.525,0.0184205,-0.000264773,17.3107,27.8107,86.565,0
0.533333,0.0175945,-0.000281719,18.0396,28.5396,88.3693,0
0.541667,0.0165956,-0.000299359,18.7836,29.2836,90.1747,0
0.55,0.015412,-0.000317706,19.5426,30.0426,91.9811,0
0.558333,0.0140314,-0.000336758,20.3166,30.8166,93.7885,0
0.566667,0.012441,-0.000356547,21.1057,31.6057,95.5968,0
0.575,0.0106277,-0.000377066,21.9099,32.4099,97.406,0
0.583333,0.00857773,-0.000398337,22.7292,33.2292,99.2162,0
0.591667,0.00627721,-0.000420373,23.5635,34.0635,101.027,0
0.6,0.00371164,-0.000443177,24.413,34.913,102.839,0
0.608333,0.000866146,-0.000466757,25.2775,35.7775,104.652,0
0.616667,-0.00227456,-0.000491139,26.1572,36.6572,106.466,0
0.625,-0.0057262,-0.000516314,27.052,37.552,108.279,0
0.633333,-0.0095043,-0.000542307,27.9618,38.4618,110.087,0
0.641667,-0.0136243,-0.000569114,28.8868,39.3868,111.893,0
0.65,-0.0181029,-0.000596748,29.8267,40.3267,113.696,0
0.658333,-0.0229564,-0.00062522,30.7817,41.2817,115.496,0
0.666667,-0.0282018,-0.000654534,31.7517,42.2517,117.294,0
0.675,-0.0338564,-0.000684696,32.7366,43.2366,119.088,0
0.683333,-0.0399376,-0.000715716,33.7365,44.2365,120.881,0
0.691667,-0.0464637,-0.000747596,34.7513,45.2513,122.673,0
0.7,-0.0534538,-0.000780352,35.781,46.281,124.466,0
0.708333,-0.0609266,-0.000813976,36.8257,47.3257,126.257,0
0.716667,-0.0689013,-0.000848475,37.8853,48.3853,128.049,0
0.725,-0.0773976,-0.000883854,38.9599,49.4599,129.839,0
0.733333,-0.0864351,-0.000920113,40.0493,50.5493,131.63,0
0.741667,-0.0960341,-0.00095726,41.1537,51.6537,133.419,0
0.75,-0.106215,-0.000995287,42.273,52.773,135.208,0
0.758333,-0.116997,-0.00103419,43.4072,53.9072,136.997,0
0.766667,-0.128403,-0.00107399,44.5563,55.0563,138.785,0
0.775,-0.140451,-0.00111466,45.7203,56.2203,140.573,0
0.783333,-0.153165,-0.00115621,46.8992,57.3992,142.362,0
0.791667,-0.166566,-0.00119863,48.093,58.593,144.153,0
0.8,-0.180675,-0.00124192,49.3017,59.8017,145.944,0
0.808333,-0.195514,-0.00128608,50.5254,61.0254,147.736,0
0.816667,-0.211105,-0.00133109,51.764,62.264,149.528,0
0.825,-0.227469,-0.00137693,53.0176,63.5176,151.322,0
0.833333,-0.244629,-0.0014236,54.2861,64.7861,153.116,0
0.841667,-0.262605,-0.0014711,55.5695,66.0695,154.911,0
0.85,-0.281421,-0.0015194,56.8679,67.3679,156.707,0
0.858333,-0.301097,-0.00156849,58.1813,68.6813,158.505,0
0.866667,-0.321655,-0.00161835,59.5097,70.0097,160.305,0
0.875,-0.343118,-0.00166897,60.8531,71.3531,162.107,0
0.883333,-0.365506,-0.0017203,62.2115,72.7115,163.91,0
0.891667,-0.388842,-0.00177234,63.585,74.085,165.716,0
0.9,-0.413145,-0.00182506,64.9735,75.4735,167.523,0
0.908333,-0.438437,-0.00187843,66.377,76.877,169.333,0
0.916667,-0.464737,-0.00193242,67.7957,78.2957,171.143,0
0.925,-0.492066,-0.00198697,69.2294,79.7294,172.95,0
0.933333,-0.520437,-0.00204209,70.6782,81.1782,174.755,0
0.941667,-0.54987,-0.0020977,72.142,82.642,176.558,0
0.95,-0.58038,-0.00215379,73.6208,84.1208,178.359,0
0.958333,-0.611983,-0.0022103,75.1147,85.6147,180.181,0
0.966667,-0.644717,-0.00226715,76.6239,87.1239,178.825,0
0.975,-0.675352,-0.00232746,78.0974,88.5974,178.527,0
0.983333,-0.707185,-0.00238809,79.5876,90.0876,178.229,0
0.991667,-0.738783,-0.00245039,81.0716,91.5716,177.931,0
1,-0.770377,-0.00251413,82.5531,93.0531,177.633,0
1.00833,-0.801966,-0.00257933,84.0321,94.5321,177.336,0
1.01667,-0.833552,-0.00264596,85.5087,96.0087,177.038,0
1.025,-0.865133,-0.00271404,86.9828,97.4828,176.74,0
1.03333,-0.89671,-0.00278356,88.4544,98.9544,176.443,0
1.04167,-0.928282,-0.0028545,89.9235,100.424,176.145,0
1.05,-0.95985,-0.00292689,91.3902,101.89,175.848,0
1.05833,-0.991415,-0.0030007,92.8543,103.354,175.551,0
1.06667,-1.02297,-0.00307594,94.316,104.816,175.254,0
1.075,-1.05453,-0.00315261,95.7752,106.275,174.957,0
1.08333,-1.08608,-0.0032307,97.232,107.732,174.66,0
1.09167,-1.11763,-0.00331021,98.6862,109.186,174.363,0
1.1,-1.14917,-0.00339114,100.138,110.638,174.066,0
1.10833,-1.18071,-0.00347347,101.587,112.087,173.77,0
1.11667,-1.21225,-0.00355722,103.034,113.534,173.473,0
1.125,-1.24378,-0.00364239,104.479,114.979,173.177,0
1.13333,-1.27531,-0.00372895,105.921,116.421,172.88,0
1.14167,-1.30683,-0.00381693,107.36,117.86,172.584,0
1.15,-1.33835,-0.00390631,108.797,119.297,172.288,0
1.15833,-1.36987,-0.00399708,110.231,120.731,171.992,0
1.16667,-1.40138,-0.00408924,111.663,122.163,171.696,0
1.175,-1.43289,-0.00418281,113.093,123.593,171.4,0
1.18333,-1.46439,-0.00427777,114.52,125.02,171.104,0
1.19167,-1.49589,-0.00437411,115.945,126.445,170.809,0
1.2,-1.52739,-0.00447184,117.367,127.867,170.513,0
1.20833,-1.55888,-0.00457095,118.787,129.287,170.218,0
1.21667,-1.59037,-0.00467144,120.204,130.704,169.923,0
1.225,-1.62185,-0.00477332,121.619,132.119,169.627,0
1.23333,-1.65333,-0.00487656,123.031,133.531,169.332,0
1.24167,-1.68481,-0.00498119,124.441,134.941,169.037,0
1.25,-1.71628,-0.00508718,125.848,136.348,168.742,0
1.25833,-1.74775,-0.00519454,127.253,137.753,168.447,0
1.26667,-1.77922,-0.00530327,128.656,139.156,168.153,0
1.275,-1.81068,-0.00541335,130.056,140.556,167.858,0
1.28333,-1.84214,-0.0055248,131.454,141.954,167.564,0
1.29167,-1.8736,-0.00563761,132.849,143.349,167.269,0
1.3,-1.90505,-0.00575177,134.241,144.741,166.975,0
1.30833,-1.9365,-0.00586729,135.632,146.132,166.681,0
1.31667,-1.96794,-0.00598415,137.019,147.519,166.387,0
1.325,-1.99938,-0.00610237,138.405,148.905,166.092,0
1.33333,-2.03082,-0.00622192,139.788,150.288,165.799,0
1.34167,-2.06225,-0.00634282,141.168,151.668,165.505,0
1.35,-2.09369,-0.00646506,142.546,153.046,165.211,0
1.35833,-2.12511,-0.00658864,143.922,154.422,164.917,0
1.36667,-2.15654,-0.00671355,145.295,155.795,164.624,0
1.375,-2.18796,-0.0068398,146.665,157.165,164.33,0
1.38333,-2.21938,-0.00696736,148.034,158.534,164.037,0
1.39167,-2.25079,-0.00709627,149.399,159.899,163.744,0
1.4,-2.2822,-0.00722649,150.763,161.263,163.451,0
1.40833,-2.31361,-0.00735804,152.123,162.623,163.158,0
1.41667,-2.34501,-0.00749091,153.482,163.982,162.865,0
1.425,-2.37641,-0.00762508,154.838,165.338,162.572,0
1.43333,-2.40781,-0.00776058,156.191,166.691,162.279,0
1.44167,-2.4392,-0.00789739,157.543,168.043,161.986,0
1.45,-2.4706,-0.00803551,158.891,169.391,161.693,0
1.45833,-2.50198,-0.00817494,160.237,170.737,161.401,0
1.46667,-2.53337,-0.00831568,161.581,172.081,161.108,0
1.475,-2.56475,-0.00845771,162.923,173.423,160.816,0
1.48333,-2.59613,-0.00860104,164.262,174.762,160.524,0
1.49167,-2.6275,-0.00874567,165.598,176.098,160.231,0
1.5,-2.65888,-0.00889159,166.932,177.432,159.939,0
1.50833,-2.69024,-0.00903881,168.264,178.764,159.647,0
1.51667,-2.72161,-0.00918731,169.593,180.093,159.355,0
1.525,-2.75297,-0.00933711,170.92,181.42,159.063,0
1.53333,-2.78433,-0.00948819,172.244,182.744,158.771,0
1.54167,-2.81569,-0.00964053,173.566,184.066,158.48,0
1.55,-2.84704,-0.00979418,174.885,185.385,158.188,0
1.55833,-2.8784,-0.00994908,176.202,186.702,157.896,0
1.56667,-2.90974,-0.0101053,177.517,188.017,157.605,0
1.575,-2.94109,-0.0102627,178.829,189.329,157.313,0
1.58333,-2.97243,-0.0104215,180.139,190.639,157.022,0
1.59167,-3.00377,-0.0105815,181.446,191.946,156.731,0
1.6,-3.03511,-0.0107427,182.751,193.251,156.44,0
1.60833,-3.06644,-0.0109052,184.053,194.553,156.149,0
1.61667,-3.09777,-0.011069,185.353,195.853,155.858,0
1.625,-3.1291,-0.011234,186.651,197.151,155.567,0
1.63333,-3.16042,-0.0114003,187.946,198.446,155.276,0
1.64167,-3.19174,-0.0115679,189.239,199.739,154.985,0
1.65,-3.22306,-0.0117367,190.529,201.029,154.695,0
1.65833,-3.25438,-0.0119067,191.817,202.317,154.404,0
1.66667,-3.28569,-0.012078,193.103,203.603,154.114,0
1.675,-3.31701,-0.0122505,194.386,204.886,153.823,0
1.68333,-3.34831,-0.0124243,195.667,206.167,153.533,0
1.69167,-3.37962,-0.0125993,196.945,207.445,153.243,0
1.7,-3.41092,-0.0127755,198.221,208.721,152.953,0
1.70833,-3.44222,-0.012953,199.494,209.994,152.663,0
1.71667,-3.47352,-0.0131317,200.765,211.265,152.373,0
1.725,-3.50482,-0.0133116,202.034,212.534,152.083,0
1.73333,-3.53611,-0.0134928,203.3,213.8,151.793,0
1.74167,-3.5674,-0.0136751,204.563,215.063,151.503,0
1.75,-3.59868,-0.0138587,205.825,216.325,151.214,0
1.75833,-3.62997,-0.0140435,207.084,217.584,150.924,0
1.76667,-3.66125,-0.0142295,208.34,218.84,150.635,0
1.775,-3.69253,-0.0144168,209.594,220.094,150.345,0
1.78333,-3.72381,-0.0146052,210.846,221.346,150.056,0
1.79167,-3.75508,-0.0147949,212.095,222.595,149.767,0
1.8,-3.78636,-0.0149857,213.342,223.842,149.478,0
1.80833,-3.81763,-0.0151778,214.587,225.087,149.189,0
1.81667,-3.84889,-0.015371,215.829,226.329,148.9,0
1.825,-3.88016,-0.0155655,217.068,227.568,148.611,0
1.83333,-3.91142,-0.0157611,218.305,228.805,148.322,0
1.84167,-3.94268,-0.015958,219.54,230.04,148.034,0
1.85,-3.97394,-0.016156,220.773,231.273,147.745,0
1.85833,-4.0052,-0.0163552,222.003,232.503,147.457,0
1.86667,-4.03645,-0.0165556,223.23,233.73,147.168,0
1.875,-4.0677,-0.0167572,224.456,234.956,146.88,0
1.88333,-4.09895,-0.01696,225.678,236.178,146.592,0
1.89167,-4.1302,-0.0171639,226.899,237.399,146.303,0
1.9,-4.16144,-0.017369,228.117,238.617,146.015,0
1.90833,-4.19269,-0.0175753,229.332,239.832,145.727,0
1.91667,-4.22393,-0.0177828,230.546,241.046,145.439,0
1.925,-4.25517,-0.0179914,231.756,242.256,145.152,0
1.93333,-4.2864,-0.0182012,232.965,243.465,144.864,0
1.94167,-4.31764,-0.0184122,234.171,244.671,144.576,0
1.95,-4.34887,-0.0186243,235.374,245.874,144.289,0
1.95833,-4.3801,-0.0188376,236.576,247.076,144.001,0
1.96667,-4.41133,-0.019052,237.774,248.274,143.714,0
1.975,-4.44255,-0.0192676,238.971,249.471,143.426,0
1.98333,-4.47378,-0.0194844,240.165,250.665,143.139,0
1.99167,-4.505,-0.0197023,241.356,251.856,142.852,0
2,-4.53622,-0.0199213,242.546,253.046,142.565,0
2.00833,-4.56744,-0.0201415,243.733,254.233,142.278,0
2.01667,-4.59866,-0.0203628,244.917,255.417,141.991,0
2.025,-4.62987,-0.0205853,246.099,256.599,141.704,0
2.03333,-4.66108,-0.0208089,247.279,257.779,141.417,0
2.04167,-4.6923,-0.0210336,248.456,258.956,141.13,0
2.05,-4.7235,-0.0212595,249.631,260.131,140.844,0
2.05833,-4.75471,-0.0214865,250.803,261.303,140.557,0
2.06667,-4.78592,-0.0217146,251.974,262.474,140.271,0
2.075,-4.81712,-0.0219438,253.141,263.641,139.984,0
2.08333,-4.84832,-0.0221742,254.307,264.807,139.698,0
2.09167,-4.87952,-0.0224057,255.47,265.97,139.412,0
2.1,-4.91072,-0.0226383,256.63,267.13,139.125,0
2.10833,-4.94192,-0.022872,257.788,268.288,138.839,0
2.11667,-4.97311,-0.0231069,258.944,269.444,138.553,0
2.125,-5.00431,-0.0233428,260.098,270.598,138.267,0
2.13333,-5.0355,-0.0235799,261.249,271.749,137.981,0
2.14167,-5.06669,-0.023818,262.397,272.897,137.695,0
2.15,-5.09788,-0.0240573,263.544,274.044,137.409,0
2.15833,-5.12906,-0.0242977,264.687,275.187,137.124,0
2.16667,-5.16025,-0.0245391,265.829,276.329,136.838,0
2.175,-5.19143,-0.0247817,266.968,277.468,136.552,0
2.18333,-5.22262,-0.0250253,268.105,278.605,136.267,0
2.19167,-5.2538,-0.0252701,269.239,279.739,135.981,0
2.2,-5.28498,-0.0255159,270.371,280.871,135.696,0
2.20833,-5.31615,-0.0257628,271.501,282.001,135.411,0
2.21667,-5.34733,-0.0260108,272.628,283.128,135.125,0
2.225,-5.3785,-0.0262599,273.753,284.253,134.84,0
2.23333,-5.40968,-0.0265101,274.875,285.375,134.555,0
2.24167,-5.44085,-0.0267613,275.996,286.496,134.27,0
2.25,-5.47202,-0.0270136,277.113,287.613,133.985,0
2.25833,-5.50319,-0.027267,278.229,288.729,133.7,0
2.26667,-5.53435,-0.0275215,279.342,289.842,133.415,0
2.275,-5.56552,-0.027777,280.452,290.952,133.131,0
2.28333,-5.59668,-0.0280336,281.561,292.061,132.846,0
2.29167,-5.62785,-0.0282912,282.666,293.166,132.561,0
2.3,-5.65901,-0.0285499,283.77,294.27,132.277,0
2.30833,-5.69017,-0.0288097,284.871,295.371,131.992,0
2.31667,-5.72133,-0.0290705,285.97,296.47,131.708,0
2.325,-5.75249,-0.0293324,287.066,297.566,131.424,0
2.33333,-5.78364,-0.0295954,288.16,298.66,131.139,0
2.34167,-5.8148,-0.0298593,289.252,299.752,130.855,0
2.35,-5.84595,-0.0301244,290.341,300.841,130.571,0
2.35833,-5.87711,-0.0303904,291.428,301.928,130.287,0
2.36667,-5.90826,-0.0306575,292.513,303.013,130.003,0
2.375,-5.93941,-0.0309257,293.595,304.095,129.719,0
2.38333,-5.97056,-0.0311949,294.675,305.175,129.435,0
2.39167,-6.00171,-0.0314651,295.752,306.252,129.151,0
2.4,-6.03285,-0.0317363,296.827,307.327,128.868,0
2.40833,-6.064,-0.0320086,297.9,308.4,128.584,0
2.41667,-6.09514,-0.0322819,298.97,309.47,128.3,0
2.425,-6.12629,-0.0325563,300.038,310.538,128.017,0
2.43333,-6.15743,-0.0328316,301.104,311.604,127.733,0
2.44167,-6.18857,-0.033108,302.167,312.667,127.45,0
2.45,-6.21971,-0.0333854,303.228,313.728,127.167,0
2.45833,-6.25085,-0.0336638,304.287,314.787,126.883,0
2.46667,-6.28199,-0.0339432,305.343,315.843,126.6,0
2.475,-6.31313,-0.0342237,306.397,316.897,126.317,0
2.48333,-6.34427,-0.0345051,307.448,317.948,126.034,0
2.49167,-6.3754,-0.0347876,308.497,318.997,125.751,0
2.5,-6.40654,-0.035071,309.544,320.044,125.468,0
2.50833,-6.43767,-0.0353555,310.588,321.088,125.185,0
2.51667,-6.46881,-0.0356409,311.63,322.13,124.902,0
2.525,-6.49994,-0.0359274,312.67,323.17,124.62,0
2.53333,-6.53107,-0.0362148,313.707,324.207,124.337,0
2.54167,-6.5622,-0.0365033,314.742,325.242,124.054,0
2.55,-6.59333,-0.0367927,315.775,326.275,123.772,0
2.55833,-6.62446,-0.0370831,316.805,327.305,123.489,0
2.56667,-6.65559,-0.0373745,317.833,328.333,123.207,0
2.575,-6.68672,-0.0376669,318.859,329.359,122.925,0
2.58333,-6.71784,-0.0379602,319.882,330.382,122.642,0
2.59167,-6.74897,-0.0382546,320.903,331.403,122.36,0
2.6,-6.7801,-0.0385499,321.921,332.421,122.078,0
2.60833,-6.81122,-0.0388462,322.937,333.437,121.796,0
2.61667,-6.84235,-0.0391435,323.951,334.451,121.514,0
2.625,-6.87347,-0.0394417,324.963,335.463,121.232,0
2.63333,-6.90459,-0.0397409,325.972,336.472,120.95,0
2.64167,-6.93571,-0.0400411,326.978,337.478,120.668,0
2.65,-6.96684,-0.0403422,327.983,338.483,120.387,0
2.65833,-6.99796,-0.0406443,328.985,339.485,120.105,0
2.66667,-7.02908,-0.0409473,329.985,340.485,119.823,0
2.675,-7.0602,-0.0412513,330.982,341.482,119.541,0
2.68333,-7.09132,-0.0415563,331.977,342.477,119.26,0
2.69167,-7.12244,-0.0418622,332.97,343.47,118.978,0
2.7,-7.15355,-0.042169,333.96,344.46,118.697,0
2.70833,-7.18467,-0.0424768,334.948,345.448,118.416,0
2.71667,-7.21579,-0.0427856,335.934,346.434,118.134,0
2.725,-7.24691,-0.0430952,336.917,347.417,117.853,0
2.73333,-7.27802,-0.0434059,337.898,348.398,117.572,0
2.74167,-7.30914,-0.0437174,338.876,349.376,117.29,0
2.75,-7.34025,-0.0440299,339.853,350.353,117.009,0
2.75833,-7.37137,-0.0443433,340.826,351.326,116.728,0
2.76667,-7.40248,-0.0446577,341.798,352.298,116.447,0
2.775,-7.4336,-0.044973,342.767,353.267,116.166,0
2.78333,-7.46471,-0.0452892,343.734,354.234,115.885,0
2.79167,-7.49582,-0.0456063,344.699,355.199,115.604,0
2.8,-7.52693,-0.0459244,345.661,356.161,115.323,0
2.80833,-7.55805,-0.0462433,346.621,357.121,115.043,0
2.81667,-7.58916,-0.0465632,347.578,358.078,114.762,0
2.825,-7.62027,-0.046884,348.533,359.033,114.481,0
2.83333,-7.65138,-0.0472057,349.486,359.986,114.2,0
2.84167,-7.68249,-0.0475283,350.437,360.937,113.92,0
2.85,-7.7136,-0.0478518,351.385,361.885,113.639,0
2.85833,-7.74471,-0.0481763,352.331,362.831,113.358,0
2.86667,-7.77582,-0.0485016,353.274,363.774,113.078,0
2.875,-7.80693,-0.0488278,354.215,364.715,112.797,0
2.88333,-7.83804,-0.0491549,355.154,365.654,112.517,0
2.89167,-7.86915,-0.0494829,356.091,366.591,112.236,0
2.9,-7.90026,-0.0498118,357.025,367.525,111.956,0
2.90833,-7.93136,-0.0501416,357.957,368.457,111.676,0
2.91667,-7.96247,-0.0504723,358.886,369.386,111.395,0
2.925,-7.99358,-0.0508039,359.813,370.313,111.115,0
2.93333,-8.02469,-0.0511363,360.738,371.238,110.835,0
2.94167,-8.05579,-0.0514697,361.661,372.161,110.554,0
2.95,-8.0869,-0.0518039,362.581,373.081,110.274,0
2.95833,-8.118,-0.052139,363.498,373.998,109.994,0
2.96667,-8.14911,-0.0524749,364.414,374.914,109.714,0
2.975,-8.18021,-0.0528118,365.327,375.827,109.434,0
2.98333,-8.21132,-0.0531494,366.238,376.738,109.154,0
2.99167,-8.24242,-0.053488,367.146,377.646,108.874,0
3,-8.27353,-0.0538274,368.052,378.552,108.594,0
3.00833,-8.30463,-0.0541677,368.956,379.456,108.314,0
3.01667,-8.33573,-0.0545089,369.858,380.358,108.034,0
3.025,-8.36684,-0.0548509,370.757,381.257,107.753,0
3.03333,-8.39794,-0.0551937,371.654,382.154,107.473,0
3.04167,-8.42904,-0.0555374,372.548,383.048,107.193,0
3.05,-8.46014,-0.055882,373.44,383.94,106.913,0
3.05833,-8.49124,-0.0562274,374.33,384.83,106.633,0
3.06667,-8.52234,-0.0565737,375.217,385.717,106.352,0
3.075,-8.55344,-0.0569207,376.102,386.602,106.068,0
3.08333,-8.58453,-0.0572686,376.985,387.485,105.785,0
3.09167,-8.61563,-0.0576174,377.865,388.365,105.502,0
3.1,-8.64672,-0.0579669,378.744,389.244,105.22,0
3.10833,-8.6778,-0.0583173,379.619,390.119,104.937,0
3.11667,-8.70889,-0.0586685,380.492,390.992,104.655,0
3.125,-8.73997,-0.0590206,381.363,391.863,104.373,0
3.13333,-8.77106,-0.0593734,382.232,392.732,104.09,0
3.14167,-8.80214,-0.0597271,383.098,393.598,103.808,0
3.15,-8.83321,-0.0600815,383.962,394.462,103.527,0
3.15833,-8.86429,-0.0604368,384.824,395.324,103.245,0
3.16667,-8.89536,-0.0607929,385.683,396.183,102.963,0
3.175,-8.92644,-0.0611498,386.54,397.04,102.682,0
3.18333,-8.95751,-0.0615075,387.394,397.894,102.4,0
3.19167,-8.98857,-0.061866,388.246,398.746,102.119,0
3.2,-9.01964,-0.0622253,389.096,399.596,101.838,0
3.20833,-9.05071,-0.0625854,389.944,400.444,101.557,0
3.21667,-9.08177,-0.0629463,390.789,401.289,101.276,0
3.225,-9.11283,-0.063308,391.632,402.132,100.995,0
3.23333,-9.1439,-0.0636705,392.472,402.972,100.714,0
3.24167,-9.17496,-0.0640337,393.31,403.81,100.434,0
3.25,-9.20601,-0.0643978,394.146,404.646,100.153,0
3.25833,-9.23707,-0.0647626,394.98,405.48,99.8726,0
3.26667,-9.26813,-0.0651283,395.811,406.311,99.5924,0
3.275,-9.29918,-0.0654947,396.639,407.139,99.3122,0
3.28333,-9.33023,-0.0658619,397.466,407.966,99.0321,0
3.29167,-9.36129,-0.0662298,398.29,408.79,98.7521,0
3.3,-9.39234,-0.0665986,399.112,409.612,98.4721,0
3.30833,-9.42339,-0.0669681,399.931,410.431,98.1923,0
3.31667,-9.45444,-0.0673384,400.748,411.248,97.9125,0
3.325,-9.48549,-0.0677094,401.563,412.063,97.6328,0
3.33333,-9.51653,-0.0680812,402.375,412.875,97.3531,0
3.34167,-9.54758,-0.0684538,403.186,413.686,97.0735,0
3.35,-9.57863,-0.0688272,403.993,414.493,96.7939,0
3.35833,-9.60967,-0.0692013,404.799,415.299,96.5144,0
3.36667,-9.64071,-0.0695761,405.602,416.102,96.235,0
3.375,-9.67176,-0.0699517,406.403,416.903,95.9556,0
3.38333,-9.7028,-0.0703281,407.201,417.701,95.6763,0
3.39167,-9.73384,-0.0707052,407.997,418.497,95.397,0
3.4,-9.76488,-0.0710831,408.791,419.291,95.1178,0
3.40833,-9.79592,-0.0714617,409.583,420.083,94.839,0
3.41667,-9.82696,-0.071841,410.372,420.872,94.5603,0
3.425,-9.858,-0.0722211,411.159,421.659,94.2819,0
3.43333,-9.88903,-0.072602,411.943,422.443,94.0037,0
3.44167,-9.92007,-0.0729836,412.725,423.225,93.7258,0
3.45,-9.95111,-0.0733659,413.505,424.005,93.448,0
3.45833,-9.98215,-0.0737489,414.283,424.783,93.1705,0
3.46667,-10.0132,-0.0741327,415.058,425.558,92.8932,0
3.475,-10.0442,-0.0745173,415.831,426.331,92.6161,0
3.48333,-10.0753,-0.0749025,416.602,427.102,92.3392,0
3.49167,-10.1063,-0.0752885,417.37,427.87,92.0624,0
3.5,-10.1373,-0.0756752,418.136,428.636,91.7858,0
3.50833,-10.1684,-0.0760627,418.9,429.4,91.5094,0
3.51667,-10.1994,-0.0764508,419.661,430.161,91.2331,0
3.525,-10.2305,-0.0768397,420.42,430.92,90.957,0
3.53333,-10.2615,-0.0772293,421.177,431.677,90.681,0
3.54167,-10.2926,-0.0776197,421.932,432.432,90.4052,0
3.55,-10.3236,-0.0780107,422.684,433.184,90.1294,0
3.55833,-10.3547,-0.0784025,423.434,433.934,89.8535,0
3.56667,-10.3857,-0.078795,424.182,434.682,89.5774,0
3.575,-10.4168,-0.0791882,424.927,435.427,89.3011,0
3.58333,-10.4478,-0.0795821,425.67,436.17,89.0248,0
3.59167,-10.4789,-0.0799767,426.411,436.911,88.7483,0
3.6,-10.5099,-0.080372,427.149,437.649,88.4716,0
3.60833,-10.541,-0.080768,427.885,438.385,88.1947,0
3.61667,-10.572,-0.0811647,428.619,439.119,87.9177,0
3.625,-10.6031,-0.0815621,429.351,439.851,87.6404,0
3.63333,-10.6341,-0.0819601,430.08,440.58,87.3629,0
3.64167,-10.6652,-0.0823589,430.807,441.307,87.0852,0
3.65,-10.6962,-0.0827583,431.531,442.031,86.8074,0
3.65833,-10.7273,-0.0831584,432.253,442.753,86.5298,0
3.66667,-10.7583,-0.0835592,432.973,443.473,86.2522,0
3.675,-10.7894,-0.0839607,433.691,444.191,85.9748,0
3.68333,-10.8204,-0.0843628,434.406,444.906,85.6974,0
3.69167,-10.8515,-0.0847656,435.119,445.619,85.4201,0
3.7,-10.8825,-0.0851691,435.83,446.33,85.1429,0
3.70833,-10.9136,-0.0855733,436.538,447.038,84.8658,0
3.71667,-10.9446,-0.0859781,437.244,447.744,84.5888,0
3.725,-10.9757,-0.0863835,437.948,448.448,84.3118,0
3.73333,-11.0067,-0.0867897,438.65,449.15,84.035,0
3.74167,-11.0378,-0.0871965,439.349,449.849,83.7583,0
3.75,-11.0689,-0.0876039,440.046,450.546,83.4816,0
3.75833,-11.0999,-0.088012,440.74,451.24,83.2051,0
3.76667,-11.131,-0.0884207,441.432,451.932,82.9286,0
3.775,-11.162,-0.0888301,442.122,452.622,82.6522,0
3.78333,-11.1931,-0.0892402,442.81,453.31,82.3759,0
3.79167,-11.2241,-0.0896509,443.495,453.995,82.0996,0
3.8,-11.2552,-0.0900622,444.178,454.678,81.8234,0
3.80833,-11.2862,-0.0904742,444.859,455.359,81.5472,0
3.81667,-11.3173,-0.0908868,445.537,456.037,81.2711,0
3.825,-11.3483,-0.0913001,446.213,456.713,80.995,0
3.83333,-11.3794,-0.0917139,446.887,457.387,80.7189,0
3.84167,-11.4104,-0.0921285,447.559,458.059,80.4429,0
3.85,-11.4415,-0.0925436,448.228,458.728,80.1669,0
3.85833,-11.4725,-0.0929594,448.895,459.395,79.8909,0
3.86667,-11.5036,-0.0933758,449.559,460.059,79.615,0
3.875,-11.5346,-0.0937928,450.222,460.722,79.3391,0
3.88333,-11.5657,-0.0942105,450.882,461.382,79.0633,0
3.89167,-11.5968,-0.0946288,451.54,462.04,78.7875,0
3.9,-11.6278,-0.0950476,452.195,462.695,78.5119,0
3.90833,-11.6589,-0.0954671,452.848,463.348,78.2365,0
3.91667,-11.6899,-0.0958873,453.499,463.999,77.9613,0
3.925,-11.721,-0.096308,454.147,464.647,77.6863,0
3.93333,-11.752,-0.0967293,454.794,465.294,77.4115,0
3.94167,-11.7831,-0.0971513,455.438,465.938,77.1369,0
3.95,-11.8142,-0.0975738,456.079,466.579,76.8625,0
3.95833,-11.8452,-0.097997,456.719,467.219,76.5882,0
3.96667,-11.8763,-0.0984208,457.356,467.856,76.3142,0
3.975,-11.9074,-0.0988452,457.991,468.491,76.0403,0
3.98333,-11.9384,-0.0992701,458.623,469.123,75.7666,0
3.99167,-11.9695,-0.0996957,459.253,469.753,75.493,0
4,-12.0006,-0.100122,459.881,470.381,75.2195,0
4.00833,-12.0317,-0.100549,460.507,471.007,74.9462,0
4.01667,-12.0627,-0.100976,461.13,471.63,74.673,0
4.025,-12.0938,-0.101404,461.752,472.252,74.3998,0
4.03333,-12.1249,-0.101833,462.37,472.87,74.1265,0
4.04167,-12.156,-0.102262,462.987,473.487,73.8531,0
4.05,-12.1871,-0.102692,463.601,474.101,73.5796,0
4.05833,-12.2182,-0.103122,464.213,474.713,73.306,0
4.06667,-12.2493,-0.103553,464.823,475.323,73.0323,0
4.075,-12.2804,-0.103984,465.431,475.931,72.7585,0
4.08333,-12.3114,-0.104416,466.036,476.536,72.4846,0
4.09167,-12.3425,-0.104849,466.639,477.139,72.2106,0
4.1,-12.3736,-0.105282,467.239,477.739,71.9365,0
4.10833,-12.4047,-0.105716,467.838,478.338,71.6623,0
4.11667,-12.4358,-0.10615,468.434,478.934,71.3879,0
4.125,-12.4669,-0.106585,469.027,479.527,71.1135,0
4.13333,-12.498,-0.107021,469.619,480.119,70.8391,0
4.14167,-12.5291,-0.107457,470.208,480.708,70.5648,0
4.15,-12.5603,-0.107893,470.795,481.295,70.2906,0
4.15833,-12.5914,-0.10833,471.38,481.88,70.0164,0
4.16667,-12.6225,-0.108768,471.962,482.462,69.7423,0
4.175,-12.6536,-0.109206,472.542,483.042,69.4682,0
4.18333,-12.6847,-0.109645,473.12,483.62,69.1942,0
4.19167,-12.7158,-0.110084,473.695,484.195,68.9203,0
4.2,-12.7469,-0.110524,474.268,484.768,68.6465,0
4.20833,-12.778,-0.110964,474.839,485.339,68.3727,0
4.21667,-12.8091,-0.111405,475.408,485.908,68.099,0
4.225,-12.8402,-0.111847,475.974,486.474,67.8253,0
4.23333,-12.8714,-0.112289,476.538,487.038,67.5517,0
4.24167,-12.9025,-0.112731,477.1,487.6,67.2782,0
4.25,-12.9336,-0.113174,477.66,488.16,67.0047,0
4.25833,-12.9647,-0.113618,478.217,488.717,66.7313,0
4.26667,-12.9959,-0.114062,478.772,489.272,66.4579,0
4.275,-13.027,-0.114507,479.325,489.825,66.1845,0
4.28333,-13.0581,-0.114952,479.875,490.375,65.9111,0
4.29167,-13.0892,-0.115397,480.423,490.923,65.6378,0
4.3,-13.1204,-0.115843,480.969,491.469,65.3645,0
4.30833,-13.1515,-0.11629,481.512,492.012,65.0912,0
4.31667,-13.1826,-0.116737,482.054,492.554,64.818,0
4.325,-13.2138,-0.117185,482.593,493.093,64.5448,0
4.33333,-13.2449,-0.117633,483.13,493.63,64.2716,0
4.34167,-13.276,-0.118082,483.664,494.164,63.9985,0
4.35,-13.3072,-0.118531,484.196,494.696,63.7254,0
4.35833,-13.3383,-0.118981,484.726,495.226,63.4523,0
4.36667,-13.3695,-0.119431,485.254,495.754,63.1793,0
4.375,-13.4006,-0.119882,485.779,496.279,62.9066,0
4.38333,-13.4318,-0.120333,486.302,496.802,62.634,0
4.39167,-13.4629,-0.120785,486.823,497.323,62.3615,0
4.4,-13.4941,-0.121237,487.342,497.842,62.0892,0
4.40833,-13.5252,-0.12169,487.858,498.358,61.817,0
4.41667,-13.5564,-0.122143,488.372,498.872,61.545,0
4.425,-13.5875,-0.122596,488.884,499.384,61.2731,0
4.43333,-13.6187,-0.123051,489.393,499.893,61.0013,0
4.44167,-13.6499,-0.123505,489.9,500.4,60.7296,0
4.45,-13.681,-0.12396,490.405,500.905,60.458,0
4.45833,-13.7122,-0.124416,490.908,501.408,60.1866,0
4.46667,-13.7434,-0.124872,491.408,501.908,59.9152,0
4.475,-13.7746,-0.125329,491.906,502.406,59.644,0
4.48333,-13.8057,-0.125786,492.402,502.902,59.3727,0
4.49167,-13.8369,-0.126243,492.896,503.396,59.1013,0
4.5,-13.8681,-0.126701,493.387,503.887,58.8299,0
4.50833,-13.8993,-0.12716,493.877,504.377,58.5585,0
4.51667,-13.9305,-0.127619,494.363,504.863,58.287,0
4.525,-13.9617,-0.128078,494.848,505.348,58.0154,0
4.53333,-13.9929,-0.128538,495.33,505.83,57.7438,0
4.54167,-14.0241,-0.128998,495.81,506.31,57.4722,0
4.55,-14.0553,-0.129459,496.288,506.788,57.2005,0
4.55833,-14.0865,-0.12992,496.764,507.264,56.9287,0
4.56667,-14.1177,-0.130382,497.237,507.737,56.6569,0
4.575,-14.1489,-0.130844,497.708,508.208,56.3851,0
4.58333,-14.1801,-0.131307,498.177,508.677,56.1131,0
4.59167,-14.2114,-0.13177,498.643,509.143,55.8412,0
4.6,-14.2426,-0.132233,499.107,509.607,55.5693,0
4.60833,-14.2738,-0.132697,499.569,510.069,55.2975,0
4.61667,-14.305,-0.133161,500.029,510.529,55.0257,0
4.625,-14.3363,-0.133626,500.487,510.987,54.754,0
4.63333,-14.3675,-0.134091,500.942,511.442,54.4823,0
4.64167,-14.3987,-0.134557,501.395,511.895,54.2107,0
4.65,-14.43,-0.135023,501.845,512.345,53.9391,0
4.65833,-14.4612,-0.13549,502.294,512.794,53.6675,0
4.66667,-14.4924,-0.135956,502.74,513.24,53.396,0
4.675,-14.5237,-0.136424,503.183,513.683,53.1246,0
4.68333,-14.5549,-0.136892,503.625,514.125,52.8532,0
4.69167,-14.5862,-0.13736,504.064,514.564,52.5818,0
4.7,-14.6174,-0.137828,504.501,515.001,52.3105,0
4.70833,-14.6487,-0.138297,504.936,515.436,52.0392,0
4.71667,-14.6799,-0.138767,505.369,515.869,51.768,0
4.725,-14.7112,-0.139237,505.799,516.299,51.4967,0
4.73333,-14.7425,-0.139707,506.227,516.727,51.2255,0
4.74167,-14.7737,-0.140178,506.653,517.153,50.9543,0
4.75,-14.805,-0.140649,507.076,517.576,50.6832,0
4.75833,-14.8363,-0.14112,507.498,517.998,50.412,0
4.76667,-14.8675,-0.141592,507.916,518.416,50.1409,0
4.775,-14.8988,-0.142064,508.333,518.833,49.8698,0
4.78333,-14.9301,-0.142537,508.748,519.248,49.5988,0
4.79167,-14.9614,-0.14301,509.16,519.66,49.3277,0
4.8,-14.9927,-0.143483,509.57,520.07,49.0567,0
4.80833,-15.024,-0.143957,509.977,520.477,48.7857,0
4.81667,-15.0552,-0.144431,510.383,520.883,48.5148,0
4.825,-15.0865,-0.144906,510.786,521.286,48.2439,0
4.83333,-15.1178,-0.145381,511.187,521.687,47.9732,0
4.84167,-15.1491,-0.145856,511.586,522.086,47.7025,0
4.85,-15.1804,-0.146332,511.982,522.482,47.432,0
4.85833,-15.2117,-0.146808,512.376,522.876,47.1615,0
4.86667,-15.2431,-0.147285,512.768,523.268,46.8911,0
4.875,-15.2744,-0.147761,513.158,523.658,46.6208,0
4.88333,-15.3057,-0.148239,513.545,524.045,46.3506,0
4.89167,-15.337,-0.148716,513.93,524.43,46.0805,0
4.9,-15.3683,-0.149194,514.313,524.813,45.8104,0
4.90833,-15.3997,-0.149673,514.694,525.194,45.5405,0
4.91667,-15.431,-0.150151,515.072,525.572,45.2705,0
4.925,-15.4623,-0.15063,515.448,525.948,45.0007,0
4.93333,-15.4937,-0.15111,515.822,526.322,44.7309,0
4.94167,-15.525,-0.15159,516.194,526.694,44.4611,0
4.95,-15.5564,-0.15207,516.563,527.063,44.1912,0
4.95833,-15.5877,-0.152551,516.93,527.43,43.9213,0
4.96667,-15.6191,-0.153031,517.295,527.795,43.6514,0
4.975,-15.6505,-0.153513,517.658,528.158,43.3815,0
4.98333,-15.6818,-0.153994,518.018,528.518,43.1116,0
4.99167,-15.7132,-0.154476,518.376,528.876,42.8416,0
5,-15.7446,-0.154959,518.732,529.232,42.5717,0
5.00833,-15.776,-0.155441,519.086,529.586,42.3017,0
5.01667,-15.8073,-0.155924,519.437,529.937,42.0316,0
5.025,-15.8387,-0.156407,519.786,530.286,41.7616,0
5.03333,-15.8701,-0.156891,520.133,530.633,41.4915,0
5.04167,-15.9015,-0.157375,520.478,530.978,41.2215,0
5.05,-15.9329,-0.157859,520.82,531.32,40.9514,0
5.05833,-15.9643,-0.158344,521.16,531.66,40.6813,0
5.06667,-15.9957,-0.158829,521.498,531.998,40.4113,0
5.075,-16.0271,-0.159314,521.834,532.334,40.1413,0
5.08333,-16.0585,-0.1598,522.167,532.667,39.8714,0
5.09167,-16.09,-0.160286,522.498,532.998,39.6014,0
5.1,-16.1214,-0.160772,522.827,533.327,39.3316,0
5.10833,-16.1528,-0.161259,523.154,533.654,39.0617,0
5.11667,-16.1842,-0.161746,523.478,533.978,38.7919,0
5.125,-16.2157,-0.162233,523.801,534.301,38.5221,0
5.13333,-16.2471,-0.16272,524.12,534.62,38.2523,0
5.14167,-16.2785,-0.163208,524.438,534.938,37.9826,0
5.15,-16.31,-0.163696,524.753,535.253,37.7129,0
5.15833,-16.3414,-0.164185,525.067,535.567,37.4432,0
5.16667,-16.3729,-0.164674,525.378,535.878,37.1736,0
5.175,-16.4043,-0.165163,525.686,536.186,36.9039,0
5.18333,-16.4358,-0.165652,525.993,536.493,36.6343,0
5.19167,-16.4673,-0.166142,526.297,536.797,36.3647,0
5.2,-16.4987,-0.166631,526.599,537.099,36.0952,0
5.20833,-16.5302,-0.167122,526.898,537.398,35.8256,0
5.21667,-16.5617,-0.167612,527.196,537.696,35.5561,0
5.225,-16.5932,-0.168103,527.491,537.991,35.2866,0
5.23333,-16.6246,-0.168594,527.784,538.284,35.0171,0
5.24167,-16.6561,-0.169085,528.075,538.575,34.7476,0
5.25,-16.6876,-0.169577,528.363,538.863,34.4781,0
5.25833,-16.7191,-0.170069,528.649,539.149,34.2087,0
5.26667,-16.7506,-0.170561,528.933,539.433,33.9393,0
5.275,-16.7821,-0.171054,529.215,539.715,33.6699,0
5.28333,-16.8136,-0.171546,529.494,539.994,33.4005,0
5.29167,-16.8451,-0.172039,529.772,540.272,33.1312,0
5.3,-16.8767,-0.172533,530.047,540.547,32.862,0
5.30833,-16.9082,-0.173026,530.319,540.819,32.5928,0
5.31667,-16.9397,-0.17352,530.59,541.09,32.3237,0
5.325,-16.9712,-0.174014,530.858,541.358,32.0546,0
5.33333,-17.0028,-0.174509,531.124,541.624,31.7856,0
5.34167,-17.0343,-0.175003,531.388,541.888,31.5166,0
5.35,-17.0659,-0.175498,531.649,542.149,31.2477,0
5.35833,-17.0974,-0.175993,531.909,542.409,30.9788,0
5.36667,-17.129,-0.176489,532.166,542.666,30.7099,0
5.375,-17.1605,-0.176984,532.42,542.92,30.4411,0
5.38333,-17.1921,-0.17748,532.673,543.173,30.1723,0
5.39167,-17.2237,-0.177976,532.923,543.423,29.9035,0
5.4,-17.2552,-0.178473,533.171,543.671,29.6347,0
5.40833,-17.2868,-0.178969,533.417,543.917,29.3659,0
5.41667,-17.3184,-0.179466,533.661,544.161,29.0972,0
5.425,-17.35,-0.179963,533.902,544.402,28.8284,0
5.43333,-17.3816,-0.180461,534.141,544.641,28.5596,0
5.44167,-17.4132,-0.180958,534.378,544.878,28.2908,0
5.45,-17.4448,-0.181456,534.613,545.113,28.022,0
5.45833,-17.4764,-0.181954,534.845,545.345,27.7532,0
5.46667,-17.508,-0.182453,535.075,545.575,27.4844,0
5.475,-17.5397,-0.182951,535.303,545.803,27.2156,0
5.48333,-17.5713,-0.18345,535.529,546.029,26.9467,0
5.49167,-17.6029,-0.183949,535.752,546.252,26.6779,0
5.5,-17.6346,-0.184448,535.974,546.474,26.4091,0
5.50833,-17.6662,-0.184948,536.193,546.693,26.1403,0
5.51667,-17.6978,-0.185447,536.409,546.909,25.8715,0
5.525,-17.7295,-0.185947,536.624,547.124,25.6027,0
5.53333,-17.7611,-0.186447,536.836,547.336,25.3339,0
5.54167,-17.7928,-0.186948,537.046,547.546,25.0652,0
5.55,-17.8245,-0.187448,537.254,547.754,24.7965,0
5.55833,-17.8561,-0.187949,537.459,547.959,24.5278,0
5.56667,-17.8878,-0.18845,537.663,548.163,24.2591,0
5.575,-17.9195,-0.188951,537.864,548.364,23.9904,0
5.58333,-17.9512,-0.189452,538.062,548.562,23.7218,0
5.59167,-17.9829,-0.189954,538.259,548.759,23.4531,0
5.6,-18.0146,-0.190455,538.453,548.953,23.1845,0
5.60833,-18.0463,-0.190957,538.645,549.145,22.9159,0
5.61667,-18.078,-0.191459,538.835,549.335,22.6473,0
5.625,-18.1097,-0.191962,539.023,549.523,22.3788,0
5.63333,-18.1414,-0.192464,539.208,549.708,22.1102,0
5.64167,-18.1731,-0.192967,539.391,549.891,21.8417,0
5.65,-18.2049,-0.19347,539.572,550.072,21.5732,0
5.65833,-18.2366,-0.193973,539.751,550.251,21.3047,0
5.66667,-18.2683,-0.194476,539.927,550.427,21.0362,0
5.675,-18.3001,-0.194979,540.101,550.601,20.7677,0
5.68333,-18.3318,-0.195483,540.273,550.773,20.4992,0
5.69167,-18.3636,-0.195987,540.443,550.943,20.2307,0
5.7,-18.3953,-0.196491,540.611,551.111,19.9623,0
5.70833,-18.4271,-0.196995,540.776,551.276,19.6939,0
5.71667,-18.4589,-0.197499,540.939,551.439,19.4254,0
5.725,-18.4906,-0.198003,541.1,551.6,19.157,0
5.73333,-18.5224,-0.198508,541.258,551.758,18.8886,0
5.74167,-18.5542,-0.199013,541.414,551.914,18.6203,0
5.75,-18.586,-0.199518,541.568,552.068,18.3519,0
5.75833,-18.6178,-0.200023,541.72,552.22,18.0836,0
5.76667,-18.6496,-0.200528,541.87,552.37,17.8153,0
5.775,-18.6814,-0.201033,542.017,552.517,17.547,0
5.78333,-18.7132,-0.201539,542.162,552.662,17.2787,0
5.79167,-18.745,-0.202045,542.305,552.805,17.0105,0
5.8,-18.7769,-0.202551,542.446,552.946,16.7422,0
5.80833,-18.8087,-0.203057,542.584,553.084,16.474,0
5.81667,-18.8405,-0.203563,542.72,553.22,16.2058,0
5.825,-18.8724,-0.204069,542.854,553.354,15.9376,0
5.83333,-18.9042,-0.204575,542.986,553.486,15.6694,0
5.84167,-18.9361,-0.205082,543.115,553.615,15.4013,0
5.85,-18.9679,-0.205589,543.243,553.743,15.1331,0
5.85833,-18.9998,-0.206096,543.368,553.868,14.865,0
5.86667,-19.0317,-0.206603,543.49,553.99,14.5968,0
5.875,-19.0636,-0.20711,543.611,554.111,14.3287,0
5.88333,-19.0954,-0.207617,543.729,554.229,14.0606,0
5.89167,-19.1273,-0.208124,543.845,554.345,13.7924,0
5.9,-19.1592,-0.208632,543.959,554.459,13.5243,0
5.90833,-19.1911,-0.209139,544.071,554.571,13.2562,0
5.91667,-19.223,-0.209647,544.18,554.68,12.988,0
5.925,-19.255,-0.210155,544.287,554.787,12.7199,0
5.93333,-19.2869,-0.210663,544.392,554.892,12.4518,0
5.94167,-19.3188,-0.211171,544.495,554.995,12.1837,0
5.95,-19.3507,-0.211679,544.595,555.095,11.9155,0
5.95833,-19.3827,-0.212188,544.693,555.193,11.6474,0
5.96667,-19.4146,-0.212696,544.789,555.289,11.3793,0
5.975,-19.4466,-0.213205,544.883,555.383,11.1112,0
5.98333,-19.4785,-0.213713,544.974,555.474,10.8431,0
5.99167,-19.5105,-0.214222,545.064,555.564,10.575,0
6,-19.5425,-0.214731,545.151,555.651,10.307,0
6.00833,-19.5744,-0.21524,545.235,555.735,10.0389,0
6.01667,-19.6064,-0.215749,545.318,555.818,9.77082,0
6.025,-19.6384,-0.216258,545.398,555.898,9.50276,0
6.03333,-19.6704,-0.216767,545.476,555.976,9.23472,0
6.04167,-19.7024,-0.217277,545.552,556.052,8.96668,0
6.05,-19.7344,-0.217786,545.626,556.126,8.69864,0
6.05833,-19.7664,-0.218295,545.697,556.197,8.43061,0
6.06667,-19.7984,-0.218805,545.766,556.266,8.16259,0
6.075,-19.8305,-0.219315,545.833,556.333,7.89458,0
6.08333,-19.8625,-0.219824,545.898,556.398,7.62657,0
6.09167,-19.8945,-0.220334,545.96,556.46,7.35857,0
6.1,-19.9266,-0.220844,546.021,556.521,7.09057,0
6.10833,-19.9586,-0.221354,546.079,556.579,6.82258,0
6.11667,-19.9907,-0.221864,546.134,556.634,6.55459,0
6.125,-20.0227,-0.222374,546.188,556.688,6.2866,0
6.13333,-20.0548,-0.222884,546.239,556.739,6.01863,0
6.14167,-20.0869,-0.223395,546.288,556.788,5.75065,0
6.15,-20.119,-0.223905,546.335,556.835,5.48268,0
6.15833,-20.151,-0.224415,546.379,556.879,5.21472,0
6.16667,-20.1831,-0.224926,546.422,556.922,4.94675,0
6.175,-20.2152,-0.225436,546.462,556.962,4.6788,0
6.18333,-20.2473,-0.225947,546.5,557,4.41085,0
6.19167,-20.2795,-0.226457,546.535,557.035,4.1429,0
6.2,-20.3116,-0.226968,546.569,557.069,3.87496,0
6.20833,-20.3437,-0.227479,546.6,557.1,3.60702,0
6.21667,-20.3758,-0.227989,546.629,557.129,3.33908,0
6.225,-20.408,-0.2285,546.656,557.156,3.07115,0
6.23333,-20.4401,-0.229011,546.68,557.18,2.80322,0
6.24167,-20.4723,-0.229522,546.702,557.202,2.53529,0
6.25,-20.5044,-0.230033,546.722,557.222,2.26737,0
6.25833,-20.5366,-0.230544,546.74,557.24,1.99945,0
6.26667,-20.5688,-0.231055,546.756,557.256,1.73153,0
6.275,-20.6009,-0.231566,546.769,557.269,1.46362,0
6.28333,-20.6331,-0.232077,546.78,557.28,1.1957,0
6.29167,-20.6653,-0.232588,546.789,557.289,0.927792,0
6.3,-20.6975,-0.233099,546.796,557.296,0.659884,0
6.30833,-20.7297,-0.23361,546.8,557.3,0.391979,0
6.31667,-20.7619,-0.234121,546.802,557.302,0.124075,0
6.325,-20.7942,-0.234632,546.802,557.302,-0.143825,0
6.33333,-20.8264,-0.235144,546.8,557.3,-0.411724,0
6.34167,-20.8586,-0.235655,546.795,557.295,-0.679619,0
6.35,-20.8908,-0.236166,546.788,557.288,-0.947511,0
6.35833,-20.9231,-0.236677,546.779,557.279,-1.2154,0
6.36667,-20.9553,-0.237188,546.768,557.268,-1.48329,0
6.375,-20.9876,-0.2377,546.755,557.255,-1.75117,0
6.38333,-21.0199,-0.238211,546.739,557.239,-2.01905,0
6.39167,-21.0521,-0.238722,546.721,557.221,-2.28693,0
6.4,-21.0844,-0.239233,546.701,557.201,-2.5548,0
6.40833,-21.1167,-0.239745,546.678,557.178,-2.82267,0
6.41667,-21.149,-0.240256,546.654,557.154,-3.09054,0
6.425,-21.1813,-0.240767,546.627,557.127,-3.3584,0
6.43333,-21.2136,-0.241278,546.598,557.098,-3.62627,0
6.44167,-21.2459,-0.24179,546.566,557.066,-3.89412,0
6.45,-21.2782,-0.242301,546.533,557.033,-4.16198,0
6.45833,-21.3105,-0.242812,546.497,556.997,-4.42983,0
6.46667,-21.3428,-0.243323,546.459,556.959,-4.69768,0
6.475,-21.3752,-0.243834,546.419,556.919,-4.96552,0
6.48333,-21.4075,-0.244345,546.376,556.876,-5.23336,0
6.49167,-21.4399,-0.244856,546.332,556.832,-5.5012,0
6.5,-21.4722,-0.245368,546.285,556.785,-5.76903,0
6.50833,-21.5046,-0.245879,546.235,556.735,-6.03685,0
6.51667,-21.5369,-0.24639,546.184,556.684,-6.30468,0
6.525,-21.5693,-0.246901,546.13,556.63,-6.5725,0
6.53333,-21.6017,-0.247412,546.074,556.574,-6.84031,0
6.54167,-21.6341,-0.247922,546.016,556.516,-7.10813,0
6.55,-21.6665,-0.248433,545.956,556.456,-7.37594,0
6.55833,-21.6989,-0.248944,545.893,556.393,-7.64374,0
6.56667,-21.7313,-0.249455,545.829,556.329,-7.91154,0
6.575,-21.7637,-0.249966,545.762,556.262,-8.17934,0
6.58333,-21.7961,-0.250476,545.692,556.192,-8.44714,0
6.59167,-21.8285,-0.250987,545.621,556.121,-8.71492,0
6.6,-21.8609,-0.251497,545.547,556.047,-8.98271,0
6.60833,-21.8934,-0.252008,545.471,555.971,-9.25049,0
6.61667,-21.9258,-0.252518,545.393,555.893,-9.51827,0
6.625,-21.9583,-0.253029,545.312,555.812,-9.78604,0
6.63333,-21.9907,-0.253539,545.23,555.73,-10.0538,0
6.64167,-22.0232,-0.254049,545.145,555.645,-10.3216,0
6.65,-22.0556,-0.25456,545.058,555.558,-10.5893,0
6.65833,-22.0881,-0.25507,544.968,555.468,-10.8571,0
6.66667,-22.1206,-0.25558,544.877,555.377,-11.1248,0
6.675,-22.1531,-0.25609,544.783,555.283,-11.3926,0
6.68333,-22.1856,-0.2566,544.687,555.187,-11.6603,0
6.69167,-22.2181,-0.25711,544.589,555.089,-11.928,0
6.7,-22.2506,-0.257619,544.488,554.988,-12.1957,0
6.70833,-22.2831,-0.258129,544.385,554.885,-12.4633,0
6.71667,-22.3156,-0.258639,544.28,554.78,-12.731,0
6.725,-22.3481,-0.259148,544.173,554.673,-12.9986,0
6.73333,-22.3806,-0.259658,544.064,554.564,-13.2662,0
6.74167,-22.4132,-0.260167,543.952,554.452,-13.5339,0
6.75,-22.4457,-0.260676,543.838,554.338,-13.8015,0
6.75833,-22.4782,-0.261185,543.722,554.222,-14.0691,0
6.76667,-22.5108,-0.261694,543.604,554.104,-14.3367,0
6.775,-22.5434,-0.262203,543.483,553.983,-14.6043,0
6.78333,-22.5759,-0.262712,543.36,553.86,-14.8719,0
6.79167,-22.6085,-0.263221,543.235,553.735,-15.1395,0
6.8,-22.6411,-0.263729,543.108,553.608,-15.407,0
6.80833,-22.6736,-0.264238,542.978,553.478,-15.6746,0
6.81667,-22.7062,-0.264746,542.847,553.347,-15.9421,0
6.825,-22.7388,-0.265254,542.713,553.213,-16.2097,0
6.83333,-22.7714,-0.265763,542.577,553.077,-16.4772,0
6.84167,-22.804,-0.266271,542.438,552.938,-16.7447,0
6.85,-22.8366,-0.266778,542.297,552.797,-17.0123,0
6.85833,-22.8692,-0.267286,542.155,552.655,-17.2798,0
6.86667,-22.9018,-0.267794,542.009,552.509,-17.5472,0
6.875,-22.9345,-0.268301,541.862,552.362,-17.8147,0
6.88333,-22.9671,-0.268809,541.713,552.213,-18.0822,0
6.89167,-22.9997,-0.269316,541.561,552.061,-18.3496,0
6.9,-23.0324,-0.269823,541.407,551.907,-18.6171,0
6.90833,-23.065,-0.27033,541.25,551.75,-18.8845,0
6.91667,-23.0977,-0.270837,541.092,551.592,-19.1519,0
6.925,-23.1303,-0.271344,540.931,551.431,-19.4193,0
6.93333,-23.163,-0.27185,540.768,551.268,-19.6867,0
6.94167,-23.1956,-0.272357,540.603,551.103,-19.9541,0
6.95,-23.2283,-0.272863,540.436,550.936,-20.2215,1
6.95833,-23.261,-0.273369,540.266,550.766,-20.4889,1
6.96667,-23.2937,-0.273875,540.094,550.594,-19.996,1
6.975,-23.3214,-0.274345,539.932,550.432,-19.7941,1
6.98333,-23.3496,-0.274818,539.767,550.267,-19.5954,1
6.99167,-23.3759,-0.275276,539.605,550.105,-19.4069,1
7,-23.4008,-0.275724,539.444,549.944,-19.2277,1
7.00833,-23.4243,-0.276162,539.284,549.784,-19.0573,1
7.01667,-23.4464,-0.27659,539.126,549.626,-18.8952,1
7.025,-23.4673,-0.277008,538.969,549.469,-18.741,1
7.03333,-23.4869,-0.277417,538.814,549.314,-18.5941,1
7.04167,-23.5052,-0.277817,538.659,549.159,-18.4543,1
7.05,-23.5224,-0.278208,538.506,549.006,-18.321,1
7.05833,-23.5384,-0.27859,538.354,548.854,-18.1941,1
7.06667,-23.5533,-0.278964,538.203,548.703,-18.0731,1
7.075,-23.5671,-0.27933,538.053,548.553,-17.9577,1
7.08333,-23.5799,-0.279689,537.904,548.404,-17.8476,1
7.09167,-23.5917,-0.280039,537.755,548.255,-17.7425,1
7.1,-23.6024,-0.280383,537.608,548.108,-17.6423,1
7.10833,-23.6122,-0.280719,537.461,547.961,-17.5466,1
7.11667,-23.6211,-0.281048,537.315,547.815,-17.4552,1
7.125,-23.629,-0.28137,537.17,547.67,-17.368,1
7.13333,-23.6361,-0.281686,537.026,547.526,-17.2846,1
7.14167,-23.6423,-0.281995,536.882,547.382,-17.2049,1
7.15,-23.6477,-0.282298,536.739,547.239,-17.1288,1
7.15833,-23.6522,-0.282595,536.597,547.097,-17.0561,1
7.16667,-23.6559,-0.282886,536.455,546.955,-16.9866,1
7.175,-23.6589,-0.283171,536.314,546.814,-16.9202,1
7.18333,-23.661,-0.28345,536.173,546.673,-16.8567,1
7.19167,-23.6625,-0.283724,536.033,546.533,-16.7959,1
7.2,-23.6632,-0.283993,535.893,546.393,-16.7379,1
7.20833,-23.6632,-0.284256,535.754,546.254,-16.6824,1
7.21667,-23.6625,-0.284514,535.615,546.115,-16.6292,1
7.225,-23.6611,-0.284767,535.476,545.976,-16.5784,1
7.23333,-23.6591,-0.285015,535.339,545.839,-16.5299,1
7.24167,-23.6564,-0.285258,535.201,545.701,-16.4834,1
7.25,-23.6531,-0.285496,535.064,545.564,-16.4389,1
7.25833,-23.6492,-0.28573,534.927,545.427,-16.3963,1
7.26667,-23.6447,-0.285959,534.791,545.291,-16.3556,1
7.275,-23.6395,-0.286184,534.654,545.154,-16.3166,1
7.28333,-23.6338,-0.286405,534.519,545.019,-16.2793,1
7.29167,-23.6276,-0.286621,534.383,544.883,-16.2436,1
7.3,-23.6208,-0.286834,534.248,544.748,-16.2094,1
7.30833,-23.6134,-0.287042,534.113,544.613,-16.1767,1
7.31667,-23.6055,-0.287246,533.978,544.478,-16.1454,1
7.325,-23.5971,-0.287446,533.844,544.344,-16.1154,1
7.33333,-23.5882,-0.287643,533.71,544.21,-16.0867,1
7.34167,-23.5788,-0.287836,533.576,544.076,-16.0592,1
7.35,-23.5689,-0.288025,533.442,543.942,-16.0329,1
7.35833,-23.5585,-0.288211,533.308,543.808,-16.0077,1
7.36667,-23.5477,-0.288393,533.175,543.675,-15.9836,1
7.375,-23.5364,-0.288572,533.042,543.542,-15.9605,1
7.38333,-23.5247,-0.288747,532.909,543.409,-15.9384,1
7.39167,-23.5125,-0.288919,532.776,543.276,-15.9173,1
7.4,-23.4999,-0.289088,532.644,543.144,-15.8971,1
7.40833,-23.4868,-0.289253,532.511,543.011,-15.8777,1
7.41667,-23.4734,-0.289416,532.379,542.879,-15.8592,1
7.425,-23.4595,-0.289576,532.247,542.747,-15.8415,1
7.43333,-23.4452,-0.289732,532.115,542.615,-15.8245,1
7.44167,-23.4306,-0.289886,531.983,542.483,-15.8082,1
7.45,-23.4155,-0.290037,531.852,542.352,-15.7927,1
7.45833,-23.4001,-0.290184,531.72,542.22,-15.7778,1
7.46667,-23.3844,-0.29033,531.589,542.089,-15.7635,1
7.475,-23.3682,-0.290472,531.457,541.957,-15.7499,1
7.48333,-23.3517,-0.290612,531.326,541.826,-15.7368,1
7.49167,-23.3349,-0.290749,531.195,541.695,-15.7243,1
7.5,-23.3177,-0.290884,531.064,541.564,-15.7123,1
7.50833,-23.3002,-0.291016,530.933,541.433,-15.7009,1
7.51667,-23.2823,-0.291146,530.802,541.302,-15.6899,1
7.525,-23.2642,-0.291273,530.672,541.172,-15.6794,1
7.53333,-23.2457,-0.291398,530.541,541.041,-15.6693,1
7.54167,-23.2269,-0.29152,530.411,540.911,-15.6597,1
7.55,-23.2078,-0.29164,530.28,540.78,-15.6504,1
7.55833,-23.1884,-0.291758,530.15,540.65,-15.6416,1
7.56667,-23.1687,-0.291874,530.019,540.519,-15.633,1
7.575,-23.1487,-0.291988,529.889,540.389,-15.6249,1
7.58333,-23.1284,-0.292099,529.759,540.259,-15.6171,1
7.59167,-23.1079,-0.292209,529.629,540.129,-15.6097,1
7.6,-23.0871,-0.292316,529.499,539.999,-15.6026,1
7.60833,-23.066,-0.292421,529.369,539.869,-15.5957,1
7.61667,-23.0446,-0.292525,529.239,539.739,-15.5892,1
7.625,-23.023,-0.292626,529.109,539.609,-15.583,1
7.63333,-23.0011,-0.292726,528.979,539.479,-15.577,1
7.64167,-22.979,-0.292823,528.849,539.349,-15.5713,1
7.65,-22.9567,-0.292919,528.72,539.22,-15.5659,1
7.65833,-22.9341,-0.293013,528.59,539.09,-15.5607,1
7.66667,-22.9112,-0.293105,528.46,538.96,-15.5557,1
7.675,-22.8882,-0.293196,528.331,538.831,-15.551,1
7.68333,-22.8649,-0.293285,528.201,538.701,-15.5464,1
7.69167,-22.8414,-0.293372,528.072,538.572,-15.5421,1
7.7,-22.8176,-0.293457,527.942,538.442,-15.5379,1
7.70833,-22.7937,-0.293541,527.813,538.313,-15.5339,1
7.71667,-22.7695,-0.293623,527.683,538.183,-15.5301,1
7.725,-22.7451,-0.293704,527.554,538.054,-15.5265,1
7.73333,-22.7205,-0.293783,527.424,537.924,-15.523,1
7.74167,-22.6958,-0.29386,527.295,537.795,-15.5197,1
7.75,-22.6708,-0.293936,527.166,537.666,-15.5165,1
7.75833,-22.6456,-0.294011,527.037,537.537,-15.5135,1
7.76667,-22.6203,-0.294084,526.907,537.407,-15.5106,1
7.775,-22.5947,-0.294156,526.778,537.278,-15.5078,1
7.78333,-22.569,-0.294227,526.649,537.149,-15.5052,1
7.79167,-22.5431,-0.294296,526.52,537.02,-15.5027,1
7.8,-22.517,-0.294363,526.39,536.89,-15.5003,1
7.80833,-22.4907,-0.29443,526.261,536.761,-15.498,1
7.81667,-22.4643,-0.294495,526.132,536.632,-15.4958,1
7.825,-22.4377,-0.294559,526.003,536.503,-15.4938,1
7.83333,-22.4109,-0.294621,525.874,536.374,-15.4918,1
7.84167,-22.384,-0.294683,525.745,536.245,-15.4899,1
7.85,-22.3569,-0.294743,525.616,536.116,-15.4882,1
7.85833,-22.3296,-0.294802,525.487,535.987,-15.4865,1
7.86667,-22.3022,-0.29486,525.358,535.858,-15.4849,1
7.875,-22.2747,-0.294916,525.229,535.729,-15.4833,1
7.88333,-22.247,-0.294972,525.1,535.6,-15.4819,1
7.89167,-22.2191,-0.295026,524.971,535.471,-15.4805,1
7.9,-22.1911,-0.29508,524.842,535.342,-15.4792,1
7.90833,-22.163,-0.295132,524.713,535.213,-15.4779,1
7.91667,-22.1347,-0.295183,524.584,535.084,-15.4767,1
7.925,-22.1063,-0.295233,524.455,534.955,-15.4756,1
7.93333,-22.0778,-0.295283,524.326,534.826,-15.4745,1
7.94167,-22.0491,-0.295331,524.197,534.697,-15.4734,1
7.95,-22.0203,-0.295378,524.068,534.568,-15.4724,1
7.95833,-21.9914,-0.295424,523.939,534.439,-15.4715,1
7.96667,-21.9623,-0.29547,523.81,534.31,-15.4705,1
7.975,-21.9332,-0.295514,523.681,534.181,-15.4697,1
7.98333,-21.9039,-0.295558,523.552,534.052,-15.4688,1
7.99167,-21.8745,-0.2956,523.423,533.923,-15.468,1
8,-21.8449,-0.295642,523.294,533.794,-15.4671,1
8.00833,-21.8153,-0.295683,523.165,533.665,-15.4664,1
8.01667,-21.7855,-0.295723,523.036,533.536,-15.4656,1
8.025,-21.7557,-0.295762,522.908,533.408,-15.465,1
8.03333,-21.7257,-0.295801,522.779,533.279,-15.4643,1
8.04167,-21.6956,-0.295838,522.65,533.15,-15.4637,1
8.05,-21.6654,-0.295875,522.521,533.021,-15.4631,1
8.05833,-21.6351,-0.295911,522.392,532.892,-15.4625,1
8.06667,-21.6047,-0.295946,522.263,532.763,-15.462,1
8.075,-21.5742,-0.295981,522.134,532.634,-15.4615,1
8.08333,-21.5436,-0.296015,522.006,532.506,-15.461,1
8.09167,-21.513,-0.296048,521.877,532.377,-15.4606,1
8.1,-21.4822,-0.29608,521.748,532.248,-15.4601,1
8.10833,-21.4513,-0.296111,521.619,532.119,-15.4597,1
8.11667,-21.4203,-0.296142,521.49,531.99,-15.4593,1
8.125,-21.3893,-0.296173,521.361,531.861,-15.459,1
8.13333,-21.3581,-0.296202,521.233,531.733,-15.4586,1
8.14167,-21.3269,-0.296231,521.104,531.604,-15.4583,1
8.15,-21.2956,-0.296259,520.975,531.475,-15.458,1
8.15833,-21.2642,-0.296287,520.846,531.346,-15.4577,1
8.16667,-21.2327,-0.296314,520.717,531.217,-15.4574,1
8.175,-21.2012,-0.29634,520.589,531.089,-15.4571,1
8.18333,-21.1695,-0.296366,520.46,530.96,-15.4568,1
8.19167,-21.1378,-0.296391,520.331,530.831,-15.4566,1
8.2,-21.106,-0.296416,520.202,530.702,-15.4563,1
8.20833,-21.0741,-0.29644,520.073,530.573,-15.4561,1
8.21667,-21.0422,-0.296464,519.945,530.445,-15.4559,1
8.225,-21.0102,-0.296487,519.816,530.316,-15.4558,1
8.23333,-20.9781,-0.296509,519.687,530.187,-15.4556,1
8.24167,-20.9459,-0.296531,519.558,530.058,-15.4555,1
8.25,-20.9137,-0.296552,519.429,529.929,-15.4553,1
8.25833,-20.8814,-0.296573,519.301,529.801,-15.4552,1
8.26667,-20.8491,-0.296593,519.172,529.672,-15.4551,1
8.275,-20.8166,-0.296613,519.043,529.543,-15.455,1
8.28333,-20.7841,-0.296633,518.914,529.414,-15.4549,1
8.29167,-20.7516,-0.296651,518.785,529.285,-15.4548,1
8.3,-20.719,-0.29667,518.657,529.157,-15.4548,1
8.30833,-20.6863,-0.296688,518.528,529.028,-15.4547,1
8.31667,-20.6536,-0.296705,518.399,528.899,-15.4547,1
8.325,-20.6208,-0.296722,518.27,528.77,-15.4546,1
8.33333,-20.5879,-0.296739,518.141,528.641,-15.4546,1
8.34167,-20.555,-0.296755,518.013,528.513,-15.4545,1
8.35,-20.522,-0.296771,517.884,528.384,-15.4545,1
8.35833,-20.489,-0.296786,517.755,528.255,-15.4544,1
8.36667,-20.4559,-0.296801,517.626,528.126,-15.4544,1
8.375,-20.4228,-0.296815,517.497,527.997,-15.4544,1
8.38333,-20.3896,-0.29683,517.369,527.869,-15.4543,1
8.39167,-20.3564,-0.296843,517.24,527.74,-15.4543,1
8.4,-20.3231,-0.296857,517.111,527.611,-15.4542,1
8.40833,-20.2898,-0.29687,516.982,527.482,-15.4542,1
8.41667,-20.2564,-0.296882,516.854,527.354,-15.4541,1
8.425,-20.2229,-0.296894,516.725,527.225,-15.454,1
8.43333,-20.1895,-0.296906,516.596,527.096,-15.4539,1
8.44167,-20.1559,-0.296918,516.467,526.967,-15.4538,1
8.45,-20.1224,-0.296929,516.338,526.838,-15.4537,1
8.45833,-20.0888,-0.29694,516.21,526.71,-15.4537,1
8.46667,-20.0551,-0.29695,516.081,526.581,-15.4536,1
8.475,-20.0214,-0.29696,515.952,526.452,-15.4535,1
8.48333,-19.9877,-0.29697,515.823,526.323,-15.4535,1
8.49167,-19.9539,-0.29698,515.694,526.194,-15.4534,1
8.5,-19.92,-0.296989,515.566,526.066,-15.4534,1
8.50833,-19.8862,-0.296998,515.437,525.937,-15.4533,1
8.51667,-19.8523,-0.297006,515.308,525.808,-15.4533,1
8.525,-19.8183,-0.297015,515.179,525.679,-15.4532,1
8.53333,-19.7843,-0.297023,515.051,525.551,-15.4532,1
8.54167,-19.7503,-0.29703,514.922,525.422,-15.4532,1
8.55,-19.7163,-0.297038,514.793,525.293,-15.4531,1
8.55833,-19.6822,-0.297045,514.664,525.164,-15.4531,1
8.56667,-19.648,-0.297052,514.535,525.035,-15.4531,1
8.575,-19.6139,-0.297059,514.407,524.907,-15.453,1
8.58333,-19.5797,-0.297065,514.278,524.778,-15.453,1
8.59167,-19.5454,-0.297071,514.149,524.649,-15.453,1
8.6,-19.5112,-0.297077,514.02,524.52,-15.4529,1
8.60833,-19.4769,-0.297083,513.892,524.392,-15.4529,1
8.61667,-19.4425,-0.297088,513.763,524.263,-15.4528,1
8.625,-19.4082,-0.297093,513.634,524.134,-15.4528,1
8.63333,-19.3738,-0.297098,513.505,524.005,-15.4528,1
8.64167,-19.3393,-0.297103,513.377,523.877,-15.4528,1
8.65,-19.3049,-0.297107,513.248,523.748,-15.4528,1
8.65833,-19.2704,-0.297111,513.119,523.619,-15.4528,1
8.66667,-19.2359,-0.297115,512.99,523.49,-15.4528,1
8.675,-19.2014,-0.297119,512.861,523.361,-15.4528,1
8.68333,-19.1668,-0.297122,512.733,523.233,-15.4528,1
8.69167,-19.1322,-0.297126,512.604,523.104,-15.4528,1
8.7,-19.0976,-0.297129,512.475,522.975,-15.4529,1
8.70833,-19.0629,-0.297132,512.346,522.846,-15.4529,1
8.71667,-19.0282,-0.297135,512.218,522.718,-15.4529,1
8.725,-18.9935,-0.297137,512.089,522.589,-15.4529,1
8.73333,-18.9588,-0.297139,511.96,522.46,-15.453,1
8.74167,-18.924,-0.297142,511.831,522.331,-15.453,1
8.75,-18.8893,-0.297144,511.702,522.202,-15.453,1
8.75833,-18.8545,-0.297145,511.574,522.074,-15.4531,1
8.76667,-18.8196,-0.297147,511.445,521.945,-15.4531,1
8.775,-18.7848,-0.297148,511.316,521.816,-15.4531,1
8.78333,-18.7499,-0.29715,511.187,521.687,-15.4531,1
8.79167,-18.715,-0.297151,511.059,521.559,-15.4532,1
8.8,-18.6801,-0.297152,510.93,521.43,-15.4532,1
8.80833,-18.6452,-0.297152,510.801,521.301,-15.4532,1
8.81667,-18.6102,-0.297153,510.672,521.172,-15.4532,1
8.825,-18.5752,-0.297153,510.543,521.043,-15.4532,1
8.83333,-18.5402,-0.297154,510.415,520.915,-15.4532,1
8.84167,-18.5052,-0.297154,510.286,520.786,-15.4531,1
8.85,-18.4702,-0.297154,510.157,520.657,-15.4531,1
8.85833,-18.4351,-0.297154,510.028,520.528,-15.453,1
8.86667,-18.4,-0.297153,509.9,520.4,-15.453,1
8.875,-18.3649,-0.297153,509.771,520.271,-15.4529,1
8.88333,-18.3298,-0.297152,509.642,520.142,-15.4528,1
8.89167,-18.2947,-0.297151,509.513,520.013,-15.4528,1
8.9,-18.2595,-0.297151,509.384,519.884,-15.4528,1
8.90833,-18.2244,-0.297149,509.256,519.756,-15.4527,1
8.91667,-18.1892,-0.297148,509.127,519.627,-15.4527,1
8.925,-18.154,-0.297147,508.998,519.498,-15.4526,1
8.93333,-18.1188,-0.297146,508.869,519.369,-15.4526,1
8.94167,-18.0835,-0.297144,508.741,519.241,-15.4526,1
8.95,-18.0483,-0.297142,508.612,519.112,-15.4525,1
8.95833,-18.013,-0.297141,508.483,518.983,-15.4525,1
8.96667,-17.9777,-0.297139,508.354,518.854,-15.4525,1
8.975,-17.9424,-0.297137,508.226,518.726,-15.4524,1
8.98333,-17.9071,-0.297135,508.097,518.597,-15.4524,1
8.99167,-17.8718,-0.297132,507.968,518.468,-15.4524,1
9,-17.8364,-0.29713,507.839,518.339,-15.4523,1
9.00833,-17.8011,-0.297128,507.71,518.21,-15.4523,1
9.01667,-17.7657,-0.297125,507.582,518.082,-15.4522,1
9.025,-17.7303,-0.297122,507.453,517.953,-15.4522,1
9.03333,-17.6949,-0.29712,507.324,517.824,-15.4522,1
9.04167,-17.6595,-0.297117,507.195,517.695,-15.4521,1
9.05,-17.6241,-0.297114,507.067,517.567,-15.4521,1
9.05833,-17.5886,-0.297111,506.938,517.438,-15.452,1
9.06667,-17.5532,-0.297107,506.809,517.309,-15.452,1
9.075,-17.5177,-0.297104,506.68,517.18,-15.452,1
9.08333,-17.4822,-0.297101,506.552,517.052,-15.452,1
9.09167,-17.4468,-0.297097,506.423,516.923,-15.452,1
9.1,-17.4113,-0.297094,506.294,516.794,-15.452,1
9.10833,-17.3757,-0.29709,506.165,516.665,-15.452,1
9.11667,-17.3402,-0.297086,506.036,516.536,-15.4521,1
9.125,-17.3047,-0.297083,505.908,516.408,-15.4521,1
9.13333,-17.2691,-0.297079,505.779,516.279,-15.4521,1
9.14167,-17.2336,-0.297075,505.65,516.15,-15.4521,1
9.15,-17.198,-0.297071,505.521,516.021,-15.4521,1
9.15833,-17.1625,-0.297067,505.393,515.893,-15.4522,1
9.16667,-17.1269,-0.297062,505.264,515.764,-15.4522,1
9.175,-17.0913,-0.297058,505.135,515.635,-15.4522,1
9.18333,-17.0557,-0.297054,505.006,515.506,-15.4522,1
9.19167,-17.02,-0.297049,504.878,515.378,-15.4522,1
9.2,-16.9844,-0.297045,504.749,515.249,-15.4522,1
9.20833,-16.9488,-0.29704,504.62,515.12,-15.4523,1
9.21667,-16.9131,-0.297036,504.491,514.991,-15.4523,1
9.225,-16.8775,-0.297031,504.362,514.862,-15.4523,1
9.23333,-16.8418,-0.297026,504.234,514.734,-15.4523,1
9.24167,-16.8062,-0.297021,504.105,514.605,-15.4523,1
9.25,-16.7705,-0.297016,503.976,514.476,-15.4523,1
9.25833,-16.7348,-0.297011,503.847,514.347,-15.4523,1
9.26667,-16.6991,-0.297006,503.719,514.219,-15.4522,1
9.275,-16.6634,-0.297001,503.59,514.09,-15.4522,1
9.28333,-16.6277,-0.296996,503.461,513.961,-15.4521,1
9.29167,-16.592,-0.296991,503.332,513.832,-15.452,1
9.3,-16.5562,-0.296985,503.204,513.704,-15.452,1
9.30833,-16.5205,-0.29698,503.075,513.575,-15.4519,1
9.31667,-16.4847,-0.296975,502.946,513.446,-15.4518,1
9.325,-16.449,-0.296969,502.817,513.317,-15.4518,1
9.33333,-16.4132,-0.296964,502.688,513.188,-15.4517,1
9.34167,-16.3775,-0.296958,502.56,513.06,-15.4517,1
9.35,-16.3417,-0.296952,502.431,512.931,-15.4516,1
9.35833,-16.3059,-0.296947,502.302,512.802,-15.4516,1
9.36667,-16.2701,-0.296941,502.173,512.673,-15.4515,1
9.375,-16.2343,-0.296935,502.045,512.545,-15.4515,1
9.38333,-16.1985,-0.296929,501.916,512.416,-15.4515,1
9.39167,-16.1627,-0.296923,501.787,512.287,-15.4514,1
9.4,-16.1269,-0.296917,501.658,512.158,-15.4514,1
9.40833,-16.0911,-0.296912,501.53,512.03,-15.4513,1
9.41667,-16.0553,-0.296905,501.401,511.901,-15.4513,1
9.425,-16.0195,-0.296899,501.272,511.772,-15.4512,1
9.43333,-15.9836,-0.296893,501.143,511.643,-15.4512,1
9.44167,-15.9478,-0.296887,501.015,511.515,-15.4511,1
9.45,-15.9119,-0.296881,500.886,511.386,-15.4511,1
9.45833,-15.8761,-0.296875,500.757,511.257,-15.451,1
9.46667,-15.8402,-0.296868,500.628,511.128,-15.451,1
9.475,-15.8044,-0.296862,500.5,511,-15.4509,1
9.48333,-15.7685,-0.296856,500.371,510.871,-15.4509,1
9.49167,-15.7326,-0.296849,500.242,510.742,-15.4509,1
9.5,-15.6967,-0.296843,500.113,510.613,-15.4509,1
9.50833,-15.6608,-0.296836,499.985,510.485,-15.4508,1
9.51667,-15.625,-0.29683,499.856,510.356,-15.4508,1
9.525,-15.5891,-0.296823,499.727,510.227,-15.4509,1
9.53333,-15.5532,-0.296817,499.598,510.098,-15.4509,1
9.54167,-15.5173,-0.29681,499.469,509.969,-15.4509,1
9.55,-15.4813,-0.296803,499.341,509.841,-15.4509,1
9.55833,-15.4454,-0.296796,499.212,509.712,-15.4509,1
9.56667,-15.4095,-0.29679,499.083,509.583,-15.4509,1
9.575,-15.3736,-0.296783,498.954,509.454,-15.4509,1
9.58333,-15.3377,-0.296776,498.826,509.326,-15.4509,1
9.59167,-15.3017,-0.296769,498.697,509.197,-15.451,1
9.6,-15.2658,-0.296762,498.568,509.068,-15.451,1
9.60833,-15.2299,-0.296755,498.439,508.939,-15.451,1
9.61667,-15.1939,-0.296749,498.311,508.811,-15.451,1
9.625,-15.158,-0.296742,498.182,508.682,-15.451,1
9.63333,-15.122,-0.296735,498.053,508.553,-15.451,1
9.64167,-15.0861,-0.296728,497.924,508.424,-15.451,1
9.65,-15.0501,-0.29672,497.796,508.296,-15.451,1
9.65833,-15.0141,-0.296713,497.667,508.167,-15.451,1
9.66667,-14.9782,-0.296706,497.538,508.038,-15.451,1
9.675,-14.9422,-0.296699,497.409,507.909,-15.451,1
9.68333,-14.9062,-0.296692,497.281,507.781,-15.451,1
9.69167,-14.8703,-0.296685,497.152,507.652,-15.4509,1
9.7,-14.8343,-0.296677,497.023,507.523,-15.4509,1
9.70833,-14.7983,-0.29667,496.894,507.394,-15.4508,1
9.71667,-14.7623,-0.296663,496.766,507.266,-15.4507,1
9.725,-14.7263,-0.296656,496.637,507.137,-15.4506,1
9.73333,-14.6903,-0.296648,496.508,507.008,-15.4506,1
9.74167,-14.6543,-0.296641,496.379,506.879,-15.4505,1
9.75,-14.6183,-0.296634,496.251,506.751,-15.4504,1
9.75833,-14.5823,-0.296626,496.122,506.622,-15.4504,1
9.76667,-14.5463,-0.296619,495.993,506.493,-15.4503,1
9.775,-14.5103,-0.296611,495.864,506.364,-15.4503,1
9.78333,-14.4743,-0.296604,495.736,506.236,-15.4502,1
9.79167,-14.4383,-0.296596,495.607,506.107,-15.4502,1
9.8,-14.4023,-0.296589,495.478,505.978,-15.4501,1
9.80833,-14.3663,-0.296581,495.349,505.849,-15.4501,1
9.81667,-14.3303,-0.296574,495.221,505.721,-15.4501,1
9.825,-14.2942,-0.296566,495.092,505.592,-15.45,1
9.83333,-14.2582,-0.296559,494.963,505.463,-15.45,1
9.84167,-14.2222,-0.296551,494.834,505.334,-15.4499,1
9.85,-14.1861,-0.296543,494.706,505.206,-15.4499,1
9.85833,-14.1501,-0.296536,494.577,505.077,-15.4498,1
9.86667,-14.1141,-0.296528,494.448,504.948,-15.4498,1
9.875,-14.078,-0.29652,494.319,504.819,-15.4497,1
9.88333,-14.042,-0.296513,494.191,504.691,-15.4496,1
9.89167,-14.006,-0.296505,494.062,504.562,-15.4496,1
9.9,-13.9699,-0.296497,493.933,504.433,-15.4495,1
9.90833,-13.9339,-0.29649,493.804,504.304,-15.4495,1
9.91667,-13.8978,-0.296482,493.676,504.176,-15.4495,1
9.925,-13.8618,-0.296474,493.547,504.047,-15.4495,1
9.93333,-13.8257,-0.296466,493.418,503.918,-15.4495,1
9.94167,-13.7896,-0.296458,493.289,503.789,-15.4495,1
9.95,-13.7536,-0.296451,493.161,503.661,-15.4495,1
9.95833,-13.7175,-0.296443,493.032,503.532,-15.4495,1
9.96667,-13.6815,-0.296435,492.903,503.403,-15.4495,1
9.975,-13.6454,-0.296427,492.774,503.274,-15.4495,1
9.98333,-13.6093,-0.296419,492.646,503.146,-15.4495,1
9.99167,-13.5733,-0.296411,492.517,503.017,-15.4495,1
10,-13.5372,-0.296403,492.388,502.888,-15.4495,1
10.0083,-13.5011,-0.296395,492.259,502.759,-15.4495,1
10.0167,-13.4651,-0.296387,492.131,502.631,-15.4496,1
10.025,-13.429,-0.296379,492.002,502.502,-15.4496,1
10.0333,-13.3929,-0.296371,491.873,502.373,-15.4496,1
10.0417,-13.3568,-0.296363,491.744,502.244,-15.4496,1
10.05,-13.3208,-0.296355,491.616,502.116,-15.4496,1
10.0583,-13.2847,-0.296347,491.487,501.987,-15.4496,1
10.0667,-13.2486,-0.296339,491.358,501.858,-15.4496,1
10.075,-13.2125,-0.296331,491.229,501.729,-15.4496,1
10.0833,-13.1764,-0.296323,491.101,501.601,-15.4496,1
10.0917,-13.1403,-0.296315,490.972,501.472,-15.4495,1
10.1,-13.1042,-0.296307,490.843,501.343,-15.4495,1
10.1083,-13.0682,-0.296299,490.714,501.214,-15.4495,1
10.1167,-13.0321,-0.296291,490.586,501.086,-15.4495,1
10.125,-12.996,-0.296283,490.457,500.957,-15.4493,1
10.1333,-12.9599,-0.296275,490.328,500.828,-15.4493,1
10.1417,-12.9238,-0.296267,490.199,500.699,-15.4492,1
10.15,-12.8877,-0.296259,490.071,500.571,-15.4491,1
10.1583,-12.8516,-0.29625,489.942,500.442,-15.4491,1
10.1667,-12.8155,-0.296242,489.813,500.313,-15.449,1
10.175,-12.7794,-0.296234,489.684,500.184,-15.4489,1
10.1833,-12.7433,-0.296226,489.556,500.056,-15.4489,1
10.1917,-12.7072,-0.296218,489.427,499.927,-15.4488,1
10.2,-12.6711,-0.29621,489.298,499.798,-15.4488,1
10.2083,-12.635,-0.296201,489.169,499.669,-15.4487,1
10.2167,-12.5989,-0.296193,489.041,499.541,-15.4487,1
10.225,-12.5628,-0.296185,488.912,499.412,-15.4487,1
10.2333,-12.5266,-0.296177,488.783,499.283,-15.4486,1
10.2417,-12.4905,-0.296168,488.654,499.154,-15.4486,1
10.25,-12.4544,-0.29616,488.526,499.026,-15.4485,1
10.2583,-12.4183,-0.296152,488.397,498.897,-15.4485,1
10.2667,-12.3822,-0.296144,488.268,498.768,-15.4484,1
10.275,-12.3461,-0.296135,488.14,498.64,-15.4484,1
10.2833,-12.31,-0.296127,488.011,498.511,-15.4483,1
10.2917,-12.2739,-0.296119,487.882,498.382,-15.4483,1
10.3,-12.2377,-0.296111,487.753,498.253,-15.4482,1
10.3083,-12.2016,-0.296102,487.625,498.125,-15.4481,1
10.3167,-12.1655,-0.296094,487.496,497.996,-15.4481,1
10.325,-12.1294,-0.296086,487.367,497.867,-15.448,1
10.3333,-12.0933,-0.296077,487.238,497.738,-15.448,1
10.3417,-12.0571,-0.296069,487.11,497.61,-15.448,1
10.35,-12.021,-0.296061,486.981,497.481,-15.448,1
10.3583,-11.9849,-0.296052,486.852,497.352,-15.448,1
10.3667,-11.9488,-0.296044,486.723,497.223,-15.448,1
10.375,-11.9126,-0.296036,486.595,497.095,-15.448,1
10.3833,-11.8765,-0.296027,486.466,496.966,-15.448,1
10.3917,-11.8404,-0.296019,486.337,496.837,-15.448,1
10.4,-11.8043,-0.296011,486.208,496.708,-15.448,1
10.4083,-11.7681,-0.296002,486.08,496.58,-15.4481,1
10.4167,-11.732,-0.295994,485.951,496.451,-15.4481,1
10.425,-11.6959,-0.295985,485.822,496.322,-15.4481,1
10.4333,-11.6597,-0.295977,485.694,496.194,-15.4481,1
10.4417,-11.6236,-0.295969,485.565,496.065,-15.4481,1
10.45,-11.5875,-0.29596,485.436,495.936,-15.4481,1
10.4583,-11.5513,-0.295952,485.307,495.807,-15.4481,1
10.4667,-11.5152,-0.295943,485.179,495.679,-15.4481,1
10.475,-11.4791,-0.295935,485.05,495.55,-15.4481,1
10.4833,-11.4429,-0.295927,484.921,495.421,-15.4481,1
10.4917,-11.4068,-0.295918,484.792,495.292,-15.4481,1
10.5,-11.3707,-0.29591,484.664,495.164,-15.4481,1
10.5083,-11.3345,-0.295901,484.535,495.035,-15.4481,1
10.5167,-11.2984,-0.295893,484.406,494.906,-15.4481,1
10.525,-11.2623,-0.295884,484.277,494.777,-15.448,1
10.5333,-11.2261,-0.295876,484.149,494.649,-15.448,1
10.5417,-11.19,-0.295867,484.02,494.52,-15.4479,1
10.55,-11.1538,-0.295859,483.891,494.391,-15.4478,1
10.5583,-11.1177,-0.29585,483.763,494.263,-15.4478,1
10.5667,-11.0816,-0.295842,483.634,494.134,-15.4477,1
10.575,-11.0454,-0.295834,483.505,494.005,-15.4476,1
10.5833,-11.0093,-0.295825,483.376,493.876,-15.4476,1
10.5917,-10.9731,-0.295817,483.248,493.748,-15.4475,1
10.6,-10.937,-0.295808,483.119,493.619,-15.4474,1
10.6083,-10.9009,-0.2958,482.99,493.49,-15.4474,1
10.6167,-10.8647,-0.295791,482.861,493.361,-15.4473,1
10.625,-10.8286,-0.295783,482.733,493.233,-15.4473,1
10.6333,-10.7924,-0.295774,482.604,493.104,-15.4472,1
10.6417,-10.7563,-0.295766,482.475,492.975,-15.4472,1
10.65,-10.7201,-0.295757,482.347,492.847,-15.4471,1
10.6583,-10.684,-0.295749,482.218,492.718,-15.4471,1
10.6667,-10.6478,-0.29574,482.089,492.589,-15.4471,1
10.675,-10.6117,-0.295731,481.96,492.46,-15.447,1
10.6833,-10.5755,-0.295723,481.832,492.332,-15.447,1
10.6917,-10.5394,-0.295714,481.703,492.203,-15.4469,1
10.7,-10.5032,-0.295706,481.574,492.074,-15.4469,1
10.7083,-10.4671,-0.295697,481.445,491.945,-15.4468,1
10.7167,-10.4309,-0.295689,481.317,491.817,-15.4467,1
10.725,-10.3948,-0.29568,481.188,491.688,-15.4467,1
10.7333,-10.3586,-0.295672,481.059,491.559,-15.4466,1
10.7417,-10.3225,-0.295663,480.931,491.431,-15.4466,1
10.75,-10.2863,-0.295655,480.802,491.302,-15.4465,1
10.7583,-10.2502,-0.295646,480.673,491.173,-15.4465,1
10.7667,-10.214,-0.295638,480.544,491.044,-15.4465,1
10.775,-10.1779,-0.295629,480.416,490.916,-15.4465,1
10.7833,-10.1417,-0.29562,480.287,490.787,-15.4465,1
10.7917,-10.1056,-0.295612,480.158,490.658,-15.4465,1
10.8,-10.0694,-0.295603,480.029,490.529,-15.4466,1
10.8083,-10.0333,-0.295595,479.901,490.401,-15.4466,1
10.8167,-9.99712,-0.295586,479.772,490.272,-15.4466,1
10.825,-9.96097,-0.295578,479.643,490.143,-15.4466,1
10.8333,-9.92481,-0.295569,479.515,490.015,-15.4466,1
10.8417,-9.88866,-0.29556,479.386,489.886,-15.4466,1
10.85,-9.8525,-0.295552,479.257,489.757,-15.4466,1
10.8583,-9.81635,-0.295543,479.128,489.628,-15.4466,1
10.8667,-9.78019,-0.295535,479,489.5,-15.4466,1
10.875,-9.74403,-0.295526,478.871,489.371,-15.4467,1
10.8833,-9.70788,-0.295517,478.742,489.242,-15.4467,1
10.8917,-9.67172,-0.295509,478.614,489.114,-15.4467,1
10.9,-9.63557,-0.2955,478.485,488.985,-15.4467,1
10.9083,-9.59941,-0.295492,478.356,488.856,-15.4466,1
10.9167,-9.56325,-0.295483,478.227,488.727,-15.4466,1
10.925,-9.52709,-0.295474,478.099,488.599,-15.4466,1
10.9333,-9.49094,-0.295466,477.97,488.47,-15.4466,1
10.9417,-9.45478,-0.295457,477.841,488.341,-15.4466,1
10.95,-9.41862,-0.295449,477.712,488.212,-15.4465,1
10.9583,-9.38246,-0.29544,477.584,488.084,-15.4465,1
10.9667,-9.3463,-0.295431,477.455,487.955,-15.4464,1
10.975,-9.31014,-0.295423,477.326,487.826,-15.4463,1
10.9833,-9.27398,-0.295414,477.198,487.698,-15.4462,1
10.9917,-9.23782,-0.295406,477.069,487.569,-15.4462,1
11,-9.20166,-0.295397,476.94,487.44,-15.4461,1
11.0083,-9.1655,-0.295388,476.811,487.311,-15.446,1
11.0167,-9.12934,-0.29538,476.683,487.183,-15.446,1
11.025,-9.09318,-0.295371,476.554,487.054,-15.4459,1
11.0333,-9.05702,-0.295362,476.425,486.925,-15.4459,1
11.0417,-9.02086,-0.295354,476.297,486.797,-15.4458,1
11.05,-8.9847,-0.295345,476.168,486.668,-15.4458,1
11.0583,-8.94854,-0.295337,476.039,486.539,-15.4457,1
11.0667,-8.91238,-0.295328,475.91,486.41,-15.4457,1
11.075,-8.87622,-0.295319,475.782,486.282,-15.4456,1
11.0833,-8.84005,-0.295311,475.653,486.153,-15.4456,1
11.0917,-8.80389,-0.295302,475.524,486.024,-15.4456,1
11.1,-8.76773,-0.295293,475.396,485.896,-15.4455,1
11.1083,-8.73157,-0.295285,475.267,485.767,-15.4455,1
11.1167,-8.6954,-0.295276,475.138,485.638,-15.4454,1
11.125,-8.65924,-0.295268,475.009,485.509,-15.4453,1
11.1333,-8.62308,-0.295259,474.881,485.381,-15.4453,1
11.1417,-8.58692,-0.29525,474.752,485.252,-15.4452,1
11.15,-8.55075,-0.295242,474.623,485.123,-15.4452,1
11.1583,-8.51459,-0.295233,474.495,484.995,-15.4451,1
11.1667,-8.47843,-0.295224,474.366,484.866,-15.4451,1
11.175,-8.44226,-0.295216,474.237,484.737,-15.4451,1
11.1833,-8.4061,-0.295207,474.108,484.608,-15.4451,1
11.1917,-8.36993,-0.295198,473.98,484.48,-15.4451,1
11.2,-8.33377,-0.29519,473.851,484.351,-15.4451,1
11.2083,-8.2976,-0.295181,473.722,484.222,-15.4451,1
11.2167,-8.26144,-0.295172,473.594,484.094,-15.4451,1
11.225,-8.22528,-0.295164,473.465,483.965,-15.4451,1
11.2333,-8.18911,-0.295155,473.336,483.836,-15.4451,1
11.2417,-8.15295,-0.295146,473.208,483.708,-15.4451,1
11.25,-8.11678,-0.295138,473.079,483.579,-15.4451,1
11.2583,-8.08062,-0.295129,472.95,483.45,-15.4452,1
11.2667,-8.04445,-0.29512,472.821,483.321,-15.4452,1
11.275,-8.00828,-0.295112,472.693,483.193,-15.4452,1
11.2833,-7.97212,-0.295103,472.564,483.064,-15.4452,1
11.2917,-7.93595,-0.295094,472.435,482.935,-15.4452,1
11.3,-7.89979,-0.295086,472.307,482.807,-15.4452,1
11.3083,-7.86362,-0.295077,472.178,482.678,-15.4452,1
11.3167,-7.82746,-0.295068,472.049,482.549,-15.4452,1
11.325,-7.79129,-0.29506,471.92,482.42,-15.4452,1
11.3333,-7.75512,-0.295051,471.792,482.292,-15.4452,1
11.3417,-7.71896,-0.295042,471.663,482.163,-15.4452,1
11.35,-7.68279,-0.295034,471.534,482.034,-15.4451,1
11.3583,-7.64662,-0.295025,471.406,481.906,-15.4451,1
11.3667,-7.61046,-0.295016,471.277,481.777,-15.4451,1
11.375,-7.57429,-0.295008,471.148,481.648,-15.445,1
11.3833,-7.53812,-0.294999,471.019,481.519,-15.4449,1
11.3917,-7.50196,-0.29499,470.891,481.391,-15.4448,1
11.4,-7.46579,-0.294982,470.762,481.262,-15.4448,1
11.4083,-7.42962,-0.294973,470.633,481.133,-15.4447,1
11.4167,-7.39345,-0.294964,470.505,481.005,-15.4446,1
11.425,-7.35729,-0.294956,470.376,480.876,-15.4446,1
11.4333,-7.32112,-0.294947,470.247,480.747,-15.4445,1
11.4417,-7.28495,-0.294938,470.118,480.618,-15.4445,1
11.45,-7.24878,-0.29493,469.99,480.49,-15.4444,1
11.4583,-7.21262,-0.294921,469.861,480.361,-15.4444,1
11.4667,-7.17645,-0.294912,469.732,480.232,-15.4443,1
11.475,-7.14028,-0.294904,469.604,480.104,-15.4443,1
11.4833,-7.10411,-0.294895,469.475,479.975,-15.4442,1
11.4917,-7.06794,-0.294886,469.346,479.846,-15.4442,1
11.5,-7.03178,-0.294878,469.218,479.718,-15.4441,1
11.5083,-6.99561,-0.294869,469.089,479.589,-15.4441,1
11.5167,-6.95944,-0.29486,468.96,479.46,-15.4441,1
11.525,-6.92327,-0.294852,468.831,479.331,-15.444,1
11.5333,-6.8871,-0.294843,468.703,479.203,-15.444,1
11.5417,-6.85093,-0.294834,468.574,479.074,-15.4439,1
11.55,-6.81476,-0.294825,468.445,478.945,-15.4438,1
11.5583,-6.7786,-0.294817,468.317,478.817,-15.4438,1
11.5667,-6.74243,-0.294808,468.188,478.688,-15.4437,1
11.575,-6.70626,-0.294799,468.059,478.559,-15.4437,1
11.5833,-6.67009,-0.294791,467.931,478.431,-15.4436,1
11.5917,-6.63392,-0.294782,467.802,478.302,-15.4436,1
11.6,-6.59775,-0.294773,467.673,478.173,-15.4436,1
11.6083,-6.56158,-0.294765,467.544,478.044,-15.4436,1
11.6167,-6.52541,-0.294756,467.416,477.916,-15.4436,1
11.625,-6.48924,-0.294747,467.287,477.787,-15.4436,1
11.6333,-6.45307,-0.294739,467.158,477.658,-15.4437,1
11.6417,-6.4169,-0.29473,467.03,477.53,-15.4437,1
11.65,-6.38074,-0.294721,466.901,477.401,-15.4437,1
11.6583,-6.34457,-0.294713,466.772,477.272,-15.4437,1
11.6667,-6.3084,-0.294704,466.644,477.144,-15.4437,1
11.675,-6.27223,-0.294695,466.515,477.015,-15.4437,1
11.6833,-6.23606,-0.294686,466.386,476.886,-15.4437,1
11.6917,-6.19989,-0.294678,466.257,476.757,-15.4437,1
11.7,-6.16372,-0.294669,466.129,476.629,-15.4438,1
11.7083,-6.12755,-0.29466,466,476.5,-15.4438,1
11.7167,-6.09138,-0.294652,465.871,476.371,-15.4438,1
11.725,-6.05521,-0.294643,465.743,476.243,-15.4438,1
11.7333,-6.01904,-0.294634,465.614,476.114,-15.4438,1
11.7417,-5.98287,-0.294626,465.485,475.985,-15.4437,1
11.75,-5.9467,-0.294617,465.357,475.857,-15.4437,1
11.7583,-5.91053,-0.294608,465.228,475.728,-15.4437,1
11.7667,-5.87436,-0.294599,465.099,475.599,-15.4437,1
11.775,-5.83819,-0.294591,464.971,475.471,-15.4437,1
11.7833,-5.80202,-0.294582,464.842,475.342,-15.4436,1
11.7917,-5.76585,-0.294573,464.713,475.213,-15.4436,1
11.8,-5.72968,-0.294565,464.584,475.084,-15.4435,1
11.8083,-5.69351,-0.294556,464.456,474.956,-15.4434,1
11.8167,-5.65734,-0.294547,464.327,474.827,-15.4433,1
11.825,-5.62116,-0.294539,464.198,474.698,-15.4433,1
11.8333,-5.58499,-0.29453,464.07,474.57,-15.4432,1
11.8417,-5.54882,-0.294521,463.941,474.441,-15.4431,1
11.85,-5.51265,-0.294512,463.812,474.312,-15.4431,1
11.8583,-5.47648,-0.294504,463.684,474.184,-15.443,1
11.8667,-5.44031,-0.294495,463.555,474.055,-15.443,1
11.875,-5.40414,-0.294486,463.426,473.926,-15.4429,1
11.8833,-5.36797,-0.294478,463.297,473.797,-15.4429,1
11.8917,-5.3318,-0.294469,463.169,473.669,-15.4428,1
11.9,-5.29563,-0.29446,463.04,473.54,-15.4428,1
11.9083,-5.25946,-0.294452,462.911,473.411,-15.4427,1
11.9167,-5.22329,-0.294443,462.783,473.283,-15.4427,1
11.925,-5.18712,-0.294434,462.654,473.154,-15.4427,1
11.9333,-5.15094,-0.294425,462.525,473.025,-15.4426,1
11.9417,-5.11477,-0.294417,462.397,472.897,-15.4426,1
11.95,-5.0786,-0.294408,462.268,472.768,-15.4425,1
11.9583,-5.04243,-0.294399,462.139,472.639,-15.4425,1
11.9667,-5.00626,-0.294391,462.011,472.511,-15.4424,1
11.975,-4.97009,-0.294382,461.882,472.382,-15.4423,1
11.9833,-4.93392,-0.294373,461.753,472.253,-15.4423,1
11.9917,-4.89775,-0.294365,461.625,472.125,-15.4422,1
12,-4.86158,-0.294356,461.496,471.996,-15.4422,1
12.0083,-4.8254,-0.294347,461.367,471.867,-15.4422,1
12.0167,-4.78923,-0.294338,461.238,471.738,-15.4422,1
12.025,-4.75306,-0.29433,461.11,471.61,-15.4422,1
12.0333,-4.71689,-0.294321,460.981,471.481,-15.4422,1
12.0417,-4.68072,-0.294312,460.852,471.352,-15.4422,1
12.05,-4.64455,-0.294304,460.724,471.224,-15.4422,1
12.0583,-4.60838,-0.294295,460.595,471.095,-15.4422,1
12.0667,-4.57221,-0.294286,460.466,470.966,-15.4423,1
12.075,-4.53603,-0.294278,460.338,470.838,-15.4423,1
12.0833,-4.49986,-0.294269,460.209,470.709,-15.4423,1
12.0917,-4.46369,-0.29426,460.08,470.58,-15.4423,1
12.1,-4.42752,-0.294251,459.952,470.452,-15.4423,1
12.1083,-4.39135,-0.294243,459.823,470.323,-15.4423,1
12.1167,-4.35518,-0.294234,459.694,470.194,-15.4423,1
12.125,-4.319,-0.294225,459.566,470.066,-15.4423,1
12.1333,-4.28283,-0.294217,459.437,469.937,-15.4423,1
12.1417,-4.24666,-0.294208,459.308,469.808,-15.4423,1
12.15,-4.21049,-0.294199,459.179,469.679,-15.4423,1
12.1583,-4.17432,-0.29419,459.051,469.551,-15.4423,1
12.1667,-4.13815,-0.294182,458.922,469.422,-15.4423,1
12.175,-4.10197,-0.294173,458.793,469.293,-15.4423,1
12.1833,-4.0658,-0.294164,458.665,469.165,-15.4423,1
12.1917,-4.02963,-0.294156,458.536,469.036,-15.4422,1
12.2,-3.99346,-0.294147,458.407,468.907,-15.4422,1
12.2083,-3.95729,-0.294138,458.279,468.779,-15.4421,1
12.2167,-3.92112,-0.294129,458.15,468.65,-15.4421,1
12.225,-3.88494,-0.294121,458.021,468.521,-15.442,1
12.2333,-3.84877,-0.294112,457.893,468.393,-15.4419,1
12.2417,-3.8126,-0.294103,457.764,468.264,-15.4418,1
12.25,-3.77643,-0.294095,457.635,468.135,-15.4418,1
12.2583,-3.74026,-0.294086,457.507,468.007,-15.4417,1
12.2667,-3.70408,-0.294077,457.378,467.878,-15.4416,1
12.275,-3.66791,-0.294069,457.249,467.749,-15.4416,1
12.2833,-3.63174,-0.29406,457.121,467.621,-15.4415,1
12.2917,-3.59557,-0.294051,456.992,467.492,-15.4415,1
12.3,-3.5594,-0.294042,456.863,467.363,-15.4414,1
12.3083,-3.52322,-0.294034,456.735,467.235,-15.4414,1
12.3167,-3.48705,-0.294025,456.606,467.106,-15.4413,1
12.325,-3.45088,-0.294016,456.477,466.977,-15.4413,1
12.3333,-3.41471,-0.294008,456.348,466.848,-15.4413,1
12.3417,-3.37854,-0.293999,456.22,466.72,-15.4412,1
12.35,-3.34236,-0.29399,456.091,466.591,-15.4412,1
12.3583,-3.30619,-0.293981,455.962,466.462,-15.4411,1
12.3667,-3.27002,-0.293973,455.834,466.334,-15.4411,1
12.375,-3.23385,-0.293964,455.705,466.205,-15.441,1
12.3833,-3.19767,-0.293955,455.576,466.076,-15.441,1
12.3917,-3.1615,-0.293947,455.448,465.948,-15.4409,1
12.4,-3.12533,-0.293938,455.319,465.819,-15.4409,1
12.4083,-3.08916,-0.293929,455.19,465.69,-15.4408,1
12.4167,-3.05299,-0.29392,455.062,465.562,-15.4407,1
12.425,-3.01681,-0.293912,454.933,465.433,-15.4407,1
12.4333,-2.98064,-0.293903,454.804,465.304,-15.4407,1
12.4417,-2.94447,-0.293894,454.676,465.176,-15.4407,1
12.45,-2.9083,-0.293886,454.547,465.047,-15.4407,1
12.4583,-2.87212,-0.293877,454.418,464.918,-15.4408,1
12.4667,-2.83595,-0.293868,454.29,464.79,-15.4408,1
12.475,-2.79978,-0.293859,454.161,464.661,-15.4408,1
12.4833,-2.76361,-0.293851,454.032,464.532,-15.4408,1
12.4917,-2.72744,-0.293842,453.904,464.404,-15.4408,1
12.5,-2.69126,-0.293833,453.775,464.275,-15.4408,1
12.5083,-2.65509,-0.293825,453.646,464.146,-15.4408,1
12.5167,-2.61892,-0.293816,453.518,464.018,-15.4409,1
12.525,-2.58275,-0.293807,453.389,463.889,-15.4409,1
12.5333,-2.54657,-0.293799,453.26,463.76,-15.4409,1
12.5417,-2.5104,-0.29379,453.132,463.632,-15.4409,1
12.55,-2.47423,-0.293781,453.003,463.503,-15.4409,1
12.5583,-2.43806,-0.293772,452.874,463.374,-15.4409,1
12.5667,-2.40188,-0.293764,452.746,463.246,-15.4409,1
12.575,-2.36571,-0.293755,452.617,463.117,-15.4409,1
12.5833,-2.32954,-0.293746,452.488,462.988,-15.4408,1
12.5917,-2.29337,-0.293738,452.36,462.86,-15.4408,1
12.6,-2.25719,-0.293729,452.231,462.731,-15.4408,1
12.6083,-2.22102,-0.29372,452.102,462.602,-15.4408,1
12.6167,-2.18485,-0.293711,451.974,462.474,-15.4407,1
12.625,-2.14868,-0.293703,451.845,462.345,-15.4407,1
12.6333,-2.1125,-0.293694,451.716,462.216,-15.4406,1
12.6417,-2.07633,-0.293685,451.588,462.088,-15.4405,1
12.65,-2.04016,-0.293677,451.459,461.959,-15.4405,1
12.6583,-2.00399,-0.293668,451.33,461.83,-15.4404,1
12.6667,-1.96781,-0.293659,451.202,461.702,-15.4403,1
12.675,-1.93164,-0.29365,451.073,461.573,-15.4403,1
12.6833,-1.89547,-0.293642,450.944,461.444,-15.4402,1
12.6917,-1.8593,-0.293633,450.816,461.316,-15.4401,1
12.7,-1.82312,-0.293624,450.687,461.187,-15.4401,1
12.7083,-1.78695,-0.293616,450.558,461.058,-15.44,1
12.7167,-1.75078,-0.293607,450.429,460.929,-15.44,1
12.725,-1.71461,-0.293598,450.301,460.801,-15.4399,1
12.7333,-1.67843,-0.293589,450.172,460.672,-15.4399,1
12.7417,-1.64226,-0.293581,450.043,460.543,-15.4399,1
12.75,-1.60609,-0.293572,449.915,460.415,-15.4398,1
12.7583,-1.56992,-0.293563,449.786,460.286,-15.4398,1
12.7667,-1.53374,-0.293555,449.658,460.158,-15.4397,1
12.775,-1.49757,-0.293546,449.529,460.029,-15.4397,1
12.7833,-1.4614,-0.293537,449.4,459.9,-15.4396,1
12.7917,-1.42523,-0.293528,449.272,459.772,-15.4396,1
12.8,-1.38905,-0.29352,449.143,459.643,-15.4395,1
12.8083,-1.35288,-0.293511,449.014,459.514,-15.4395,1
12.8167,-1.31671,-0.293502,448.886,459.386,-15.4394,1
12.825,-1.28054,-0.293494,448.757,459.257,-15.4394,1
12.8333,-1.24436,-0.293485,448.628,459.128,-15.4393,1
12.8417,-1.20819,-0.293476,448.5,459,-15.4392,1
12.85,-1.17202,-0.293467,448.371,458.871,-15.4392,1
12.8583,-1.13584,-0.293459,448.242,458.742,-15.4392,1
12.8667,-1.09967,-0.29345,448.114,458.614,-15.4392,1
12.875,-1.0635,-0.293441,447.985,458.485,-15.4393,1
12.8833,-1.02733,-0.293433,447.856,458.356,-15.4393,1
12.8917,-0.991154,-0.293424,447.728,458.228,-15.4393,1
12.9,-0.954981,-0.293415,447.599,458.099,-15.4393,1
12.9083,-0.918808,-0.293407,447.47,457.97,-15.4393,1
12.9167,-0.882636,-0.293398,447.342,457.842,-15.4393,1
12.925,-0.846463,-0.293389,447.213,457.713,-15.4393,1
12.9333,-0.81029,-0.29338,447.084,457.584,-15.4394,1
12.9417,-0.774118,-0.293372,446.956,457.456,-15.4394,1
12.95,-0.737945,-0.293363,446.827,457.327,-15.4394,1
12.9583,-0.701772,-0.293354,446.698,457.198,-15.4394,1
12.9667,-0.665599,-0.293346,446.57,457.07,-15.4394,1
12.975,-0.629427,-0.293337,446.441,456.941,-15.4394,1
12.9833,-0.593254,-0.293328,446.312,456.812,-15.4394,1
12.9917,-0.557081,-0.293319,446.184,456.684,-15.4394,1
13,-0.520908,-0.293311,446.055,456.555,-15.4394,1
13.0083,-0.484736,-0.293302,445.926,456.426,-15.4393,1
13.0167,-0.448563,-0.293293,445.798,456.298,-15.4393,1
13.025,-0.41239,-0.293285,445.669,456.169,-15.4393,1
13.0333,-0.376217,-0.293276,445.54,456.04,-15.4392,1
13.0417,-0.340045,-0.293267,445.412,455.912,-15.4392,1
13.05,-0.303872,-0.293258,445.283,455.783,-15.4391,1
13.0583,-0.267699,-0.29325,445.154,455.654,-15.4391,1
13.0667,-0.231526,-0.293241,445.026,455.526,-15.439,1
13.075,-0.195353,-0.293232,444.897,455.397,-15.4389,1
13.0833,-0.159181,-0.293224,444.768,455.268,-15.4389,1
13.0917,-0.123008,-0.293215,444.64,455.14,-15.4388,1
13.1,-0.0868351,-0.293206,444.511,455.011,-15.4387,1
13.1083,-0.0506623,-0.293197,444.382,454.882,-15.4387,1
13.1167,-0.0144894,-0.293189,444.254,454.754,-15.4386,1
13.125,0.0216834,-0.29318,444.125,454.625,-15.4386,1
13.1333,0.0578562,-0.293171,443.996,454.496,-15.4385,1
13.1417,0.094029,-0.293163,443.868,454.368,-15.4385,1
13.15,0.130202,-0.293154,443.739,454.239,-15.4384,1
13.1583,0.166375,-0.293145,443.61,454.11,-15.4384,1
13.1667,0.202548,-0.293136,443.482,453.982,-15.4384,1
13.175,0.23872,-0.293128,443.353,453.853,-15.4383,1
13.1833,0.274893,-0.293119,443.224,453.724,-15.4383,1
13.1917,0.311066,-0.29311,443.096,453.596,-15.4382,1
13.2,0.347239,-0.293102,442.967,453.467,-15.4382,1
13.2083,0.383412,-0.293093,442.839,453.339,-15.4381,1
13.2167,0.419585,-0.293084,442.71,453.21,-15.4381,1
13.225,0.455758,-0.293075,442.581,453.081,-15.438,1
13.2333,0.49193,-0.293067,442.453,452.953,-15.438,1
13.2417,0.528103,-0.293058,442.324,452.824,-15.4379,1
13.25,0.564276,-0.293049,442.195,452.695,-15.4378,1
13.2583,0.600449,-0.293041,442.067,452.567,-15.4378,1
13.2667,0.636622,-0.293032,441.938,452.438,-15.4377,1
13.275,0.672795,-0.293023,441.809,452.309,-15.4377,1
13.2833,0.708968,-0.293014,441.681,452.181,-15.4377,1
13.2917,0.745141,-0.293006,441.552,452.052,-15.4377,1
13.3,0.781314,-0.292997,441.423,451.923,-15.4378,1
13.3083,0.817486,-0.292988,441.295,451.795,-15.4378,1
13.3167,0.853659,-0.29298,441.166,451.666,-15.4378,1
13.325,0.889832,-0.292971,441.037,451.537,-15.4378,1
13.3333,0.926005,-0.292962,440.909,451.409,-15.4378,1
13.3417,0.962178,-0.292954,440.78,451.28,-15.4378,1
13.35,0.998351,-0.292945,440.651,451.151,-15.4379,1
13.3583,1.03452,-0.292936,440.523,451.023,-15.4379,1
13.3667,1.0707,-0.292927,440.394,450.894,-15.4379,1
13.375,1.10687,-0.292919,440.266,450.766,-15.4379,1
13.3833,1.14304,-0.29291,440.137,450.637,-15.4379,1
13.3917,1.17922,-0.292901,440.008,450.508,-15.4379,1
13.4,1.21539,-0.292893,439.88,450.38,-15.4379,1
13.4083,1.25156,-0.292884,439.751,450.251,-15.4379,1
13.4167,1.28773,-0.292875,439.622,450.122,-15.4379,1
13.425,1.32391,-0.292866,439.494,449.994,-15.4379,1
13.4333,1.36008,-0.292858,439.365,449.865,-15.4378,1
13.4417,1.39625,-0.292849,439.236,449.736,-15.4378,1
13.45,1.43243,-0.29284,439.108,449.608,-15.4378,1
13.4583,1.4686,-0.292832,438.979,449.479,-15.4377,1
13.4667,1.50477,-0.292823,438.85,449.35,-15.4377,1
13.475,1.54094,-0.292814,438.722,449.222,-15.4376,1
13.4833,1.57712,-0.292805,438.593,449.093,-15.4375,1
13.4917,1.61329,-0.292797,438.464,448.964,-15.4375,1
13.5,1.64946,-0.292788,438.336,448.836,-15.4374,1
13.5083,1.68564,-0.292779,438.207,448.707,-15.4373,1
13.5167,1.72181,-0.292771,438.079,448.579,-15.4373,1
13.525,1.75798,-0.292762,437.95,448.45,-15.4372,1
13.5333,1.79416,-0.292753,437.821,448.321,-15.4372,1
13.5417,1.83033,-0.292744,437.693,448.193,-15.4371,1
13.55,1.8665,-0.292736,437.564,448.064,-15.4371,1
13.5583,1.90267,-0.292727,437.435,447.935,-15.437,1
13.5667,1.93885,-0.292718,437.307,447.807,-15.437,1
13.575,1.97502,-0.29271,437.178,447.678,-15.4369,1
13.5833,2.01119,-0.292701,437.049,447.549,-15.4369,1
13.5917,2.04737,-0.292692,436.921,447.421,-15.4368,1
13.6,2.08354,-0.292683,436.792,447.292,-15.4368,1
13.6083,2.11971,-0.292675,436.663,447.163,-15.4368,1
13.6167,2.15589,-0.292666,436.535,447.035,-15.4367,1
13.625,2.19206,-0.292657,436.406,446.906,-15.4367,1
13.6333,2.22823,-0.292649,436.278,446.778,-15.4366,1
13.6417,2.2644,-0.29264,436.149,446.649,-15.4366,1
13.65,2.30058,-0.292631,436.02,446.52,-15.4365,1
13.6583,2.33675,-0.292622,435.892,446.392,-15.4364,1
13.6667,2.37292,-0.292614,435.763,446.263,-15.4364,1
13.675,2.4091,-0.292605,435.634,446.134,-15.4363,1
13.6833,2.44527,-0.292596,435.506,446.006,-15.4363,1
13.6917,2.48144,-0.292588,435.377,445.877,-15.4363,1
13.7,2.51762,-0.292579,435.248,445.748,-15.4363,1
13.7083,2.55379,-0.29257,435.12,445.62,-15.4363,1
13.7167,2.58996,-0.292562,434.991,445.491,-15.4363,1
13.725,2.62613,-0.292553,434.863,445.363,-15.4363,1
13.7333,2.66231,-0.292544,434.734,445.234,-15.4363,1
13.7417,2.69848,-0.292535,434.605,445.105,-15.4363,1
13.75,2.73465,-0.292527,434.477,444.977,-15.4363,1
13.7583,2.77083,-0.292518,434.348,444.848,-15.4363,1
13.7667,2.807,-0.292509,434.219,444.719,-15.4364,1
13.775,2.84317,-0.292501,434.091,444.591,-15.4364,1
13.7833,2.87935,-0.292492,433.962,444.462,-15.4364,1
13.7917,2.91552,-0.292483,433.833,444.333,-15.4364,1
13.8,2.95169,-0.292474,433.705,444.205,-15.4364,1
13.8083,2.98786,-0.292466,433.576,444.076,-15.4364,1
13.8167,3.02404,-0.292457,433.448,443.948,-15.4364,1
13.825,3.06021,-0.292448,433.319,443.819,-15.4364,1
13.8333,3.09638,-0.29244,433.19,443.69,-15.4364,1
13.8417,3.13256,-0.292431,433.062,443.562,-15.4364,1
13.85,3.16873,-0.292422,432.933,443.433,-15.4364,1
13.8583,3.2049,-0.292413,432.804,443.304,-15.4363,1
13.8667,3.24108,-0.292405,432.676,443.176,-15.4363,1
13.875,3.27725,-0.292396,432.547,443.047,-15.4362,1
13.8833,3.31342,-0.292387,432.418,442.918,-15.4362,1
13.8917,3.34959,-0.292379,432.29,442.79,-15.4361,1
13.9,3.38577,-0.29237,432.161,442.661,-15.4361,1
13.9083,3.42194,-0.292361,432.033,442.533,-15.436,1
13.9167,3.45811,-0.292352,431.904,442.404,-15.4359,1
13.925,3.49429,-0.292344,431.775,442.275,-15.4359,1
13.9333,3.53046,-0.292335,431.647,442.147,-15.4358,1
13.9417,3.56663,-0.292326,431.518,442.018,-15.4358,1
13.95,3.60281,-0.292318,431.389,441.889,-15.4357,1
13.9583,3.63898,-0.292309,431.261,441.761,-15.4357,1
13.9667,3.67515,-0.2923,431.132,441.632,-15.4356,1
13.975,3.71132,-0.292292,431.003,441.503,-15.4356,1
13.9833,3.7475,-0.292283,430.875,441.375,-15.4355,1
13.9917,3.78367,-0.292274,430.746,441.246,-15.4355,1
14,3.81984,-0.292265,430.618,441.118,-15.4354,1
14.0083,3.85602,-0.292257,430.489,440.989,-15.4354,1
14.0167,3.89219,-0.292248,430.36,440.86,-15.4353,1
14.025,3.92836,-0.292239,430.232,440.732,-15.4353,1
14.0333,3.96454,-0.292231,430.103,440.603,-15.4353,1
14.0417,4.00071,-0.292222,429.974,440.474,-15.4352,1
14.05,4.03688,-0.292213,429.846,440.346,-15.4352,1
14.0583,4.07306,-0.292204,429.717,440.217,-15.4351,1
14.0667,4.10923,-0.292196,429.589,440.089,-15.435,1
14.075,4.1454,-0.292187,429.46,439.96,-15.435,1
14.0833,4.18157,-0.292178,429.331,439.831,-15.4349,1
14.0917,4.21775,-0.29217,429.203,439.703,-15.4349,1
14.1,4.25392,-0.292161,429.074,439.574,-15.4348,1
14.1083,4.29009,-0.292152,428.945,439.445,-15.4348,1
14.1167,4.32627,-0.292143,428.817,439.317,-15.4348,1
14.125,4.36244,-0.292135,428.688,439.188,-15.4348,1
14.1333,4.39861,-0.292126,428.56,439.06,-15.4348,1
14.1417,4.43479,-0.292117,428.431,438.931,-15.4348,1
14.15,4.47096,-0.292109,428.302,438.802,-15.4348,1
14.1583,4.50713,-0.2921,428.174,438.674,-15.4348,1
14.1667,4.54331,-0.292091,428.045,438.545,-15.4348,1
14.175,4.57948,-0.292082,427.916,438.416,-15.4348,1
14.1833,4.61565,-0.292074,427.788,438.288,-15.4349,1
14.1917,4.65182,-0.292065,427.659,438.159,-15.4349,1
14.2,4.688,-0.292056,427.531,438.031,-15.4349,1
14.2083,4.72417,-0.292048,427.402,437.902,-15.4349,1
14.2167,4.76034,-0.292039,427.273,437.773,-15.4349,1
14.225,4.79652,-0.29203,427.145,437.645,-15.4349,1
14.2333,4.83269,-0.292022,427.016,437.516,-15.4349,1
14.2417,4.86886,-0.292013,426.887,437.387,-15.4349,1
14.25,4.90504,-0.292004,426.759,437.259,-15.4349,1
14.2583,4.94121,-0.291995,426.63,437.13,-15.4349,1
14.2667,4.97738,-0.291987,426.502,437.002,-15.4349,1
14.275,5.01356,-0.291978,426.373,436.873,-15.4349,1
14.2833,5.04973,-0.291969,426.244,436.744,-15.4348,1
14.2917,5.0859,-0.291961,426.116,436.616,-15.4348,1
14.3,5.12208,-0.291952,425.987,436.487,-15.4347,1
14.3083,5.15825,-0.291943,425.858,436.358,-15.4347,1
14.3167,5.19442,-0.291934,425.73,436.23,-15.4346,1
14.325,5.23059,-0.291926,425.601,436.101,-15.4345,1
14.3333,5.26677,-0.291917,425.473,435.973,-15.4345,1
14.3417,5.30294,-0.291908,425.344,435.844,-15.4344,1
14.35,5.33911,-0.2919,425.215,435.715,-15.4344,1
14.3583,5.37529,-0.291891,425.087,435.587,-15.4343,1
14.3667,5.41146,-0.291882,424.958,435.458,-15.4343,1
14.375,5.44763,-0.291873,424.829,435.329,-15.4342,1
14.3833,5.48381,-0.291865,424.701,435.201,-15.4342,1
14.3917,5.51998,-0.291856,424.572,435.072,-15.4341,1
14.4,5.55615,-0.291847,424.444,434.944,-15.4341,1
14.4083,5.59233,-0.291839,424.315,434.815,-15.434,1
14.4167,5.6285,-0.29183,424.186,434.686,-15.434,1
14.425,5.66467,-0.291821,424.058,434.558,-15.4339,1
14.4333,5.70084,-0.291813,423.929,434.429,-15.4339,1
14.4417,5.73702,-0.291804,423.801,434.301,-15.4338,1
14.45,5.77319,-0.291795,423.672,434.172,-15.4338,1
14.4583,5.80936,-0.291786,423.543,434.043,-15.4338,1
14.4667,5.84554,-0.291778,423.415,433.915,-15.4337,1
14.475,5.88171,-0.291769,423.286,433.786,-15.4337,1
14.4833,5.91788,-0.29176,423.157,433.657,-15.4336,1
14.4917,5.95406,-0.291752,423.029,433.529,-15.4335,1
14.5,5.99023,-0.291743,422.9,433.4,-15.4335,1
14.5083,6.0264,-0.291734,422.772,433.272,-15.4334,1
14.5167,6.06258,-0.291725,422.643,433.143,-15.4334,1
14.525,6.09875,-0.291717,422.514,433.014,-15.4333,1
14.5333,6.13492,-0.291708,422.386,432.886,-15.4333,1
14.5417,6.1711,-0.291699,422.257,432.757,-15.4333,1
14.55,6.20727,-0.291691,422.129,432.629,-15.4333,1
14.5583,6.24344,-0.291682,422,432.5,-15.4333,1
14.5667,6.27962,-0.291673,421.871,432.371,-15.4333,1
14.575,6.31579,-0.291664,421.743,432.243,-15.4333,1
14.5833,6.35196,-0.291656,421.614,432.114,-15.4333,1
14.5917,6.38813,-0.291647,421.486,431.986,-15.4333,1
14.6,6.42431,-0.291638,421.357,431.857,-15.4334,1
14.6083,6.46048,-0.29163,421.228,431.728,-15.4334,1
14.6167,6.49665,-0.291621,421.1,431.6,-15.4334,1
14.625,6.53283,-0.291612,420.971,431.471,-15.4334,1
14.6333,6.569,-0.291604,420.842,431.342,-15.4334,1
14.6417,6.60517,-0.291595,420.714,431.214,-15.4334,1
14.65,6.64135,-0.291586,420.585,431.085,-15.4334,1
14.6583,6.67752,-0.291577,420.457,430.957,-15.4334,1
14.6667,6.71369,-0.291569,420.328,430.828,-15.4334,1
14.675,6.74987,-0.29156,420.199,430.699,-15.4334,1
14.6833,6.78604,-0.291551,420.071,430.571,-15.4334,1
14.6917,6.82221,-0.291543,419.942,430.442,-15.4334,1
14.7,6.85839,-0.291534,419.814,430.314,-15.4333,1
14.7083,6.89456,-0.291525,419.685,430.185,-15.4333,1
14.7167,6.93073,-0.291516,419.556,430.056,-15.4333,1
14.725,6.96691,-0.291508,419.428,429.928,-15.4332,1
14.7333,7.00308,-0.291499,419.299,429.799,-15.4332,1
14.7417,7.03925,-0.29149,419.17,429.67,-15.4331,1
14.75,7.07542,-0.291482,419.042,429.542,-15.433,1
14.7583,7.1116,-0.291473,418.913,429.413,-15.433,1
14.7667,7.14777,-0.291464,418.785,429.285,-15.4329,1
14.775,7.18394,-0.291456,418.656,429.156,-15.4329,1
14.7833,7.22012,-0.291447,418.527,429.027,-15.4328,1
14.7917,7.25629,-0.291438,418.399,428.899,-15.4328,1
14.8,7.29246,-0.291429,418.27,428.77,-15.4327,1
14.8083,7.32864,-0.291421,418.142,428.642,-15.4327,1
14.8167,7.36481,-0.291412,418.013,428.513,-15.4326,1
14.825,7.40098,-0.291403,417.884,428.384,-15.4326,1
14.8333,7.43716,-0.291395,417.756,428.256,-15.4325,1
14.8417,7.47333,-0.291386,417.627,428.127,-15.4325,1
14.85,7.5095,-0.291377,417.499,427.999,-15.4324,1
14.8583,7.54568,-0.291368,417.37,427.87,-15.4324,1
14.8667,7.58185,-0.29136,417.241,427.741,-15.4323,1
14.875,7.61802,-0.291351,417.113,427.613,-15.4323,1
14.8833,7.6542,-0.291342,416.984,427.484,-15.4323,1
14.8917,7.69037,-0.291334,416.856,427.356,-15.4322,1
14.9,7.72654,-0.291325,416.727,427.227,-15.4322,1
14.9083,7.76271,-0.291316,416.598,427.098,-15.4321,1
14.9167,7.79889,-0.291308,416.47,426.97,-15.4321,1
14.925,7.83506,-0.291299,416.341,426.841,-15.432,1
14.9333,7.87123,-0.29129,416.213,426.713,-15.432,1
14.9417,7.90741,-0.291281,416.084,426.584,-15.4319,1
14.95,7.94358,-0.291273,415.955,426.455,-15.4319,1
14.9583,7.97975,-0.291264,415.827,426.327,-15.4318,1
14.9667,8.01593,-0.291255,415.698,426.198,-15.4318,1
14.975,8.0521,-0.291247,415.57,426.07,-15.4318,1
14.9833,8.08827,-0.291238,415.441,425.941,-15.4318,1
14.9917,8.12445,-0.291229,415.312,425.812,-15.4318,1
15,8.16062,-0.29122,415.184,425.684,-15.4318,1
15.0083,8.19679,-0.291212,415.055,425.555,-15.4319,1
15.0167,8.23297,-0.291203,414.927,425.427,-15.4319,1
15.025,8.26914,-0.291194,414.798,425.298,-15.4319,1
15.0333,8.30531,-0.291186,414.669,425.169,-15.4319,1
15.0417,8.34149,-0.291177,414.541,425.041,-15.4319,1
15.05,8.37766,-0.291168,414.412,424.912,-15.4319,1
15.0583,8.41383,-0.29116,414.284,424.784,-15.432,1
15.0667,8.45001,-0.291151,414.155,424.655,-15.432,1
15.075,8.48618,-0.291142,414.026,424.526,-15.432,1
15.0833,8.52235,-0.291133,413.898,424.398,-15.432,1
15.0917,8.55853,-0.291125,413.769,424.269,-15.432,1
15.1,8.5947,-0.291116,413.641,424.141,-15.4319,1
15.1083,8.63087,-0.291107,413.512,424.012,-15.4319,1
15.1167,8.66705,-0.291099,413.383,423.883,-15.4319,1
15.125,8.70322,-0.29109,413.255,423.755,-15.4318,1
15.1333,8.73939,-0.291081,413.126,423.626,-15.4318,1
15.1417,8.77556,-0.291072,412.998,423.498,-15.4318,1
15.15,8.81174,-0.291064,412.869,423.369,-15.4317,1
15.1583,8.84791,-0.291055,412.74,423.24,-15.4316,1
15.1667,8.88408,-0.291046,412.612,423.112,-15.4316,1
15.175,8.92026,-0.291038,412.483,422.983,-15.4315,1
15.1833,8.95643,-0.291029,412.355,422.855,-15.4315,1
15.1917,8.9926,-0.29102,412.226,422.726,-15.4314,1
15.2,9.02878,-0.291012,412.097,422.597,-15.4314,1
15.2083,9.06495,-0.291003,411.969,422.469,-15.4313,1
15.2167,9.10112,-0.290994,411.84,422.34,-15.4313,1
15.225,9.1373,-0.290985,411.712,422.212,-15.4312,1
15.2333,9.17347,-0.290977,411.583,422.083,-15.4312,1
15.2417,9.20964,-0.290968,411.454,421.954,-15.4311,1
15.25,9.24582,-0.290959,411.326,421.826,-15.4311,1
15.2583,9.28199,-0.290951,411.197,421.697,-15.431,1
15.2667,9.31816,-0.290942,411.069,421.569,-15.431,1
15.275,9.35434,-0.290933,410.94,421.44,-15.4309,1
15.2833,9.39051,-0.290924,410.811,421.311,-15.4309,1
15.2917,9.42668,-0.290916,410.683,421.183,-15.4309,1
15.3,9.46286,-0.290907,410.554,421.054,-15.4308,1
15.3083,9.49903,-0.290898,410.426,420.926,-15.4308,1
15.3167,9.5352,-0.29089,410.297,420.797,-15.4307,1
15.325,9.57138,-0.290881,410.169,420.669,-15.4307,1
15.3333,9.60755,-0.290872,410.04,420.54,-15.4306,1
15.3417,9.64372,-0.290864,409.911,420.411,-15.4306,1
15.35,9.6799,-0.290855,409.783,420.283,-15.4305,1
15.3583,9.71607,-0.290846,409.654,420.154,-15.4305,1
15.3667,9.75224,-0.290837,409.526,420.026,-15.4304,1
15.375,9.78842,-0.290829,409.397,419.897,-15.4304,1
15.3833,9.82459,-0.29082,409.268,419.768,-15.4304,1
15.3917,9.86076,-0.290811,409.14,419.64,-15.4303,1
15.4,9.89694,-0.290803,409.011,419.511,-15.4303,1
15.4083,9.93311,-0.290794,408.883,419.383,-15.4303,1
15.4167,9.96928,-0.290785,408.754,419.254,-15.4304,1
15.425,10.0055,-0.290776,408.625,419.125,-15.4304,1
15.4333,10.0416,-0.290768,408.497,418.997,-15.4304,1
15.4417,10.0778,-0.290759,408.368,418.868,-15.4304,1
15.45,10.114,-0.29075,408.24,418.74,-15.4304,1
15.4583,10.1501,-0.290742,408.111,418.611,-15.4304,1
15.4667,10.1863,-0.290733,407.983,418.483,-15.4305,1
15.475,10.2225,-0.290724,407.854,418.354,-15.4305,1
15.4833,10.2587,-0.290716,407.725,418.225,-15.4305,1
15.4917,10.2948,-0.290707,407.597,418.097,-15.4305,1
15.5,10.331,-0.290698,407.468,417.968,-15.4305,1
15.5083,10.3672,-0.290689,407.34,417.84,-15.4305,1
15.5167,10.4034,-0.290681,407.211,417.711,-15.4305,1
15.525,10.4395,-0.290672,407.082,417.582,-15.4304,1
15.5333,10.4757,-0.290663,406.954,417.454,-15.4304,1
15.5417,10.5119,-0.290655,406.825,417.325,-15.4304,1
15.55,10.5481,-0.290646,406.697,417.197,-15.4304,1
15.5583,10.5842,-0.290637,406.568,417.068,-15.4303,1
15.5667,10.6204,-0.290629,406.439,416.939,-15.4303,1
15.575,10.6566,-0.29062,406.311,416.811,-15.4302,1
15.5833,10.6927,-0.290611,406.182,416.682,-15.4301,1
15.5917,10.7289,-0.290602,406.054,416.554,-15.4301,1
15.6,10.7651,-0.290594,405.925,416.425,-15.43,1
15.6083,10.8013,-0.290585,405.797,416.297,-15.43,1
15.6167,10.8374,-0.290576,405.668,416.168,-15.4299,1
15.625,10.8736,-0.290568,405.539,416.039,-15.4299,1
15.6333,10.9098,-0.290559,405.411,415.911,-15.4298,1
15.6417,10.946,-0.29055,405.282,415.782,-15.4298,1
15.65,10.9821,-0.290541,405.154,415.654,-15.4297,1
15.6583,11.0183,-0.290533,405.025,415.525,-15.4297,1
15.6667,11.0545,-0.290524,404.896,415.396,-15.4296,1
15.675,11.0907,-0.290515,404.768,415.268,-15.4296,1
15.6833,11.1268,-0.290507,404.639,415.139,-15.4295,1
15.6917,11.163,-0.290498,404.511,415.011,-15.4295,1
15.7,11.1992,-0.290489,404.382,414.882,-15.4295,1
15.7083,11.2353,-0.290481,404.254,414.754,-15.4294,1
15.7167,11.2715,-0.290472,404.125,414.625,-15.4294,1
15.725,11.3077,-0.290463,403.996,414.496,-15.4293,1
15.7333,11.3439,-0.290454,403.868,414.368,-15.4293,1
15.7417,11.38,-0.290446,403.739,414.239,-15.4292,1
15.75,11.4162,-0.290437,403.611,414.111,-15.4292,1
15.7583,11.4524,-0.290428,403.482,413.982,-15.4291,1
15.7667,11.4886,-0.29042,403.354,413.854,-15.4291,1
15.775,11.5247,-0.290411,403.225,413.725,-15.429,1
15.7833,11.5609,-0.290402,403.096,413.596,-15.429,1
15.7917,11.5971,-0.290394,402.968,413.468,-15.4289,1
15.8,11.6333,-0.290385,402.839,413.339,-15.4289,1
15.8083,11.6694,-0.290376,402.711,413.211,-15.4289,1
15.8167,11.7056,-0.290367,402.582,413.082,-15.4289,1
15.825,11.7418,-0.290359,402.454,412.954,-15.4289,1
15.8333,11.7779,-0.29035,402.325,412.825,-15.4289,1
15.8417,11.8141,-0.290341,402.196,412.696,-15.4289,1
15.85,11.8503,-0.290333,402.068,412.568,-15.4289,1
15.8583,11.8865,-0.290324,401.939,412.439,-15.4289,1
15.8667,11.9226,-0.290315,401.811,412.311,-15.4289,1
15.875,11.9588,-0.290306,401.682,412.182,-15.429,1
15.8833,11.995,-0.290298,401.553,412.053,-15.429,1
15.8917,12.0312,-0.290289,401.425,411.925,-15.429,1
15.9,12.0673,-0.29028,401.296,411.796,-15.429,1
15.9083,12.1035,-0.290272,401.168,411.668,-15.429,1
15.9167,12.1397,-0.290263,401.039,411.539,-15.429,1
15.925,12.1759,-0.290254,400.911,411.411,-15.429,1
15.9333,12.212,-0.290246,400.782,411.282,-15.429,1
15.9417,12.2482,-0.290237,400.653,411.153,-15.429,1
15.95,12.2844,-0.290228,400.525,411.025,-15.429,1
15.9583,12.3205,-0.290219,400.396,410.896,-15.4289,1
15.9667,12.3567,-0.290211,400.268,410.768,-15.4289,1
15.975,12.3929,-0.290202,400.139,410.639,-15.4289,1
15.9833,12.4291,-0.290193,400.011,410.511,-15.4288,1
15.9917,12.4652,-0.290185,399.882,410.382,-15.4288,1
16,12.5014,-0.290176,399.753,410.253,-15.4287,1
16.0083,12.5376,-0.290167,399.625,410.125,-15.4286,1
16.0167,12.5738,-0.290159,399.496,409.996,-15.4286,1
16.025,12.6099,-0.29015,399.368,409.868,-15.4285,1
16.0333,12.6461,-0.290141,399.239,409.739,-15.4285,1
16.0417,12.6823,-0.290132,399.111,409.611,-15.4284,1
16.05,12.7185,-0.290124,398.982,409.482,-15.4284,1
16.0583,12.7546,-0.290115,398.853,409.353,-15.4283,1
16.0667,12.7908,-0.290106,398.725,409.225,-15.4283,1
16.075,12.827,-0.290098,398.596,409.096,-15.4282,1
16.0833,12.8631,-0.290089,398.468,408.968,-15.4282,1
16.0917,12.8993,-0.29008,398.339,408.839,-15.4282,1
16.1,12.9355,-0.290072,398.211,408.711,-15.4281,1
16.1083,12.9717,-0.290063,398.082,408.582,-15.4281,1
16.1167,13.0078,-0.290054,397.953,408.453,-15.428,1
16.125,13.044,-0.290045,397.825,408.325,-15.428,1
16.1333,13.0802,-0.290037,397.696,408.196,-15.4279,1
16.1417,13.1164,-0.290028,397.568,408.068,-15.4279,1
16.15,13.1525,-0.290019,397.439,407.939,-15.4278,1
16.1583,13.1887,-0.290011,397.311,407.811,-15.4278,1
16.1667,13.2249,-0.290002,397.182,407.682,-15.4277,1
16.175,13.2611,-0.289993,397.053,407.553,-15.4277,1
16.1833,13.2972,-0.289985,396.925,407.425,-15.4276,1
16.1917,13.3334,-0.289976,396.796,407.296,-15.4276,1
16.2,13.3696,-0.289967,396.668,407.168,-15.4275,1
16.2083,13.4057,-0.289958,396.539,407.039,-15.4275,1
16.2167,13.4419,-0.28995,396.411,406.911,-15.4275,1
16.225,13.4781,-0.289941,396.282,406.782,-15.4274,1
16.2333,13.5143,-0.289932,396.154,406.654,-15.4274,1
16.2417,13.5504,-0.289924,396.025,406.525,-15.4274,1
16.25,13.5866,-0.289915,395.896,406.396,-15.4274,1
16.2583,13.6228,-0.289906,395.768,406.268,-15.4274,1
16.2667,13.659,-0.289897,395.639,406.139,-15.4274,1
16.275,13.6951,-0.289889,395.511,406.011,-15.4274,1
16.2833,13.7313,-0.28988,395.382,405.882,-15.4275,1
16.2917,13.7675,-0.289871,395.254,405.754,-15.4275,1
16.3,13.8037,-0.289863,395.125,405.625,-15.4275,1
16.3083,13.8398,-0.289854,394.996,405.496,-15.4275,1
16.3167,13.876,-0.289845,394.868,405.368,-15.4275,1
16.325,13.9122,-0.289837,394.739,405.239,-15.4275,1
16.3333,13.9483,-0.289828,394.611,405.111,-15.4275,1
16.3417,13.9845,-0.289819,394.482,404.982,-15.4275,1
16.35,14.0207,-0.28981,394.354,404.854,-15.4275,1
16.3583,14.0569,-0.289802,394.225,404.725,-15.4275,1
16.3667,14.093,-0.289793,394.097,404.597,-15.4275,1
16.375,14.1292,-0.289784,393.968,404.468,-15.4275,1
16.3833,14.1654,-0.289776,393.839,404.339,-15.4274,1
16.3917,14.2016,-0.289767,393.711,404.211,-15.4274,1
16.4,14.2377,-0.289758,393.582,404.082,-15.4274,1
16.4083,14.2739,-0.28975,393.454,403.954,-15.4273,1
16.4167,14.3101,-0.289741,393.325,403.825,-15.4273,1
16.425,14.3463,-0.289732,393.197,403.697,-15.4272,1
16.4333,14.3824,-0.289723,393.068,403.568,-15.4272,1
16.4417,14.4186,-0.289715,392.939,403.439,-15.4271,1
16.45,14.4548,-0.289706,392.811,403.311,-15.427,1
16.4583,14.4909,-0.289697,392.682,403.182,-15.427,1
16.4667,14.5271,-0.289689,392.554,403.054,-15.4269,1
16.475,14.5633,-0.28968,392.425,402.925,-15.4269,1
16.4833,14.5995,-0.289671,392.297,402.797,-15.4268,1
16.4917,14.6356,-0.289663,392.168,402.668,-15.4268,1
16.5,14.6718,-0.289654,392.04,402.54,-15.4268,1
16.5083,14.708,-0.289645,391.911,402.411,-15.4267,1
16.5167,14.7442,-0.289636,391.782,402.282,-15.4267,1
16.525,14.7803,-0.289628,391.654,402.154,-15.4266,1
16.5333,14.8165,-0.289619,391.525,402.025,-15.4266,1
16.5417,14.8527,-0.28961,391.397,401.897,-15.4265,1
16.55,14.8889,-0.289602,391.268,401.768,-15.4265,1
16.5583,14.925,-0.289593,391.14,401.64,-15.4264,1
16.5667,14.9612,-0.289584,391.011,401.511,-15.4264,1
16.575,14.9974,-0.289576,390.883,401.383,-15.4264,1
16.5833,15.0335,-0.289567,390.754,401.254,-15.4263,1
16.5917,15.0697,-0.289558,390.625,401.125,-15.4263,1
16.6,15.1059,-0.289549,390.497,400.997,-15.4262,1
16.6083,15.1421,-0.289541,390.368,400.868,-15.4262,1
16.6167,15.1782,-0.289532,390.24,400.74,-15.4261,1
16.625,15.2144,-0.289523,390.111,400.611,-15.4261,1
16.6333,15.2506,-0.289515,389.983,400.483,-15.426,1
16.6417,15.2868,-0.289506,389.854,400.354,-15.426,1
16.65,15.3229,-0.289497,389.726,400.226,-15.426,1
16.6583,15.3591,-0.289489,389.597,400.097,-15.426,1
16.6667,15.3953,-0.28948,389.469,399.969,-15.426,1
16.675,15.4315,-0.289471,389.34,399.84,-15.426,1
16.6833,15.4676,-0.289462,389.211,399.711,-15.426,1
16.6917,15.5038,-0.289454,389.083,399.583,-15.426,1
16.7,15.54,-0.289445,388.954,399.454,-15.426,1
16.7083,15.5761,-0.289436,388.826,399.326,-15.426,1
16.7167,15.6123,-0.289428,388.697,399.197,-15.426,1
16.725,15.6485,-0.289419,388.569,399.069,-15.426,1
16.7333,15.6847,-0.28941,388.44,398.94,-15.4261,1
16.7417,15.7208,-0.289402,388.312,398.812,-15.4261,1
16.75,15.757,-0.289393,388.183,398.683,-15.4261,1
16.7583,15.7932,-0.289384,388.054,398.554,-15.4261,1
16.7667,15.8294,-0.289375,387.926,398.426,-15.4261,1
16.775,15.8655,-0.289367,387.797,398.297,-15.4261,1
16.7833,15.9017,-0.289358,387.669,398.169,-15.426,1
16.7917,15.9379,-0.289349,387.54,398.04,-15.426,1
16.8,15.9741,-0.289341,387.412,397.912,-15.426,1
16.8083,16.0102,-0.289332,387.283,397.783,-15.426,1
16.8167,16.0464,-0.289323,387.155,397.655,-15.4259,1
16.825,16.0826,-0.289315,387.026,397.526,-15.4259,1
16.8333,16.1187,-0.289306,386.897,397.397,-15.4258,1
16.8417,16.1549,-0.289297,386.769,397.269,-15.4258,1
16.85,16.1911,-0.289288,386.64,397.14,-15.4257,1
16.8583,16.2273,-0.28928,386.512,397.012,-15.4257,1
16.8667,16.2634,-0.289271,386.383,396.883,-15.4256,1
16.875,16.2996,-0.289262,386.255,396.755,-15.4256,1
16.8833,16.3358,-0.289254,386.126,396.626,-15.4255,1
16.8917,16.372,-0.289245,385.998,396.498,-15.4255,1
16.9,16.4081,-0.289236,385.869,396.369,-15.4254,1
16.9083,16.4443,-0.289228,385.741,396.241,-15.4254,1
16.9167,16.4805,-0.289219,385.612,396.112,-15.4253,1
16.925,16.5167,-0.28921,385.483,395.983,-15.4253,1
16.9333,16.5528,-0.289201,385.355,395.855,-15.4252,1
16.9417,16.589,-0.289193,385.226,395.726,-15.4252,1
16.95,16.6252,-0.289184,385.098,395.598,-15.4252,1
16.9583,16.6614,-0.289175,384.969,395.469,-15.4251,1
16.9667,16.6975,-0.289167,384.841,395.341,-15.4251,1
16.975,16.7337,-0.289158,384.712,395.212,-15.425,1
16.9833,16.7699,-0.289149,384.584,395.084,-15.425,1
16.9917,16.806,-0.289141,384.455,394.955,-15.4249,1
17,16.8422,-0.289132,384.327,394.827,-15.4249,1
17.0083,16.8784,-0.289123,384.198,394.698,-15.4248,1
17.0167,16.9146,-0.289114,384.07,394.57,-15.4248,1
17.025,16.9507,-0.289106,383.941,394.441,-15.4247,1
17.0333,16.9869,-0.289097,383.812,394.312,-15.4247,1
17.0417,17.0231,-0.289088,383.684,394.184,-15.4246,1
17.05,17.0593,-0.28908,383.555,394.055,-15.4246,1
17.0583,17.0954,-0.289071,383.427,393.927,-15.4246,1
17.0667,17.1316,-0.289062,383.298,393.798,-15.4245,1
17.075,17.1678,-0.289054,383.17,393.67,-15.4245,1
17.0833,17.204,-0.289045,383.041,393.541,-15.4245,1
17.0917,17.2401,-0.289036,382.913,393.413,-15.4245,1
17.1,17.2763,-0.289028,382.784,393.284,-15.4245,1
17.1083,17.3125,-0.289019,382.656,393.156,-15.4245,1
17.1167,17.3486,-0.28901,382.527,393.027,-15.4245,1
17.125,17.3848,-0.289001,382.399,392.899,-15.4245,1
17.1333,17.421,-0.288993,382.27,392.77,-15.4245,1
17.1417,17.4572,-0.288984,382.141,392.641,-15.4246,1
17.15,17.4933,-0.288975,382.013,392.513,-15.4246,1
17.1583,17.5295,-0.288967,381.884,392.384,-15.4246,1
17.1667,17.5657,-0.288958,381.756,392.256,-15.4246,1
17.175,17.6019,-0.288949,381.627,392.127,-15.4246,1
17.1833,17.638,-0.288941,381.499,391.999,-15.4246,1
17.1917,17.6742,-0.288932,381.37,391.87,-15.4246,1
17.2,17.7104,-0.288923,381.242,391.742,-15.4246,1
17.2083,17.7466,-0.288914,381.113,391.613,-15.4246,1
17.2167,17.7827,-0.288906,380.985,391.485,-15.4245,1
17.225,17.8189,-0.288897,380.856,391.356,-15.4245,1
17.2333,17.8551,-0.288888,380.728,391.228,-15.4245,1
17.2417,17.8912,-0.28888,380.599,391.099,-15.4244,1
17.25,17.9274,-0.288871,380.47,390.97,-15.4244,1
17.2583,17.9636,-0.288862,380.342,390.842,-15.4243,1
17.2667,17.9998,-0.288854,380.213,390.713,-15.4243,1
17.275,18.0359,-0.288845,380.085,390.585,-15.4242,1
17.2833,18.0721,-0.288836,379.956,390.456,-15.4242,1
17.2917,18.1083,-0.288827,379.828,390.328,-15.4241,1
17.3,18.1445,-0.288819,379.699,390.199,-15.4241,1
17.3083,18.1806,-0.28881,379.571,390.071,-15.424,1
17.3167,18.2168,-0.288801,379.442,389.942,-15.424,1
17.325,18.253,-0.288793,379.314,389.814,-15.4239,1
17.3333,18.2892,-0.288784,379.185,389.685,-15.4239,1
17.3417,18.3253,-0.288775,379.057,389.557,-15.4239,1
17.35,18.3615,-0.288767,378.928,389.428,-15.4238,1
17.3583,18.3977,-0.288758,378.799,389.299,-15.4238,1
17.3667,18.4339,-0.288749,378.671,389.171,-15.4237,1
17.375,18.47,-0.28874,378.542,389.042,-15.4237,1
17.3833,18.5062,-0.288732,378.414,388.914,-15.4236,1
17.3917,18.5424,-0.288723,378.285,388.785,-15.4236,1
17.4,18.5785,-0.288714,378.157,388.657,-15.4235,1
17.4083,18.6147,-0.288706,378.028,388.528,-15.4235,1
17.4167,18.6509,-0.288697,377.9,388.4,-15.4234,1
17.425,18.6871,-0.288688,377.771,388.271,-15.4234,1
17.4333,18.7232,-0.28868,377.643,388.143,-15.4234,1
17.4417,18.7594,-0.288671,377.514,388.014,-15.4233,1
17.45,18.7956,-0.288662,377.386,387.886,-15.4233,1
17.4583,18.8318,-0.288653,377.257,387.757,-15.4232,1
17.4667,18.8679,-0.288645,377.129,387.629,-15.4232,1
17.475,18.9041,-0.288636,377,387.5,-15.4231,1
17.4833,18.9403,-0.288627,376.872,387.372,-15.4231,1
17.4917,18.9765,-0.288619,376.743,387.243,-15.4231,1
17.5,19.0126,-0.28861,376.614,387.114,-15.4231,1
17.5083,19.0488,-0.288601,376.486,386.986,-15.423,1
17.5167,19.085,-0.288593,376.357,386.857,-15.423,1
17.525,19.1211,-0.288584,376.229,386.729,-15.423,1
17.5333,19.1573,-0.288575,376.1,386.6,-15.423,1
17.5417,19.1935,-0.288567,375.972,386.472,-15.4231,1
17.55,19.2297,-0.288558,375.843,386.343,-15.4231,1
17.5583,19.2658,-0.288549,375.715,386.215,-15.4231,1
17.5667,19.302,-0.28854,375.586,386.086,-15.4231,1
17.575,19.3382,-0.288532,375.458,385.958,-15.4231,1
17.5833,19.3744,-0.288523,375.329,385.829,-15.4231,1
17.5917,19.4105,-0.288514,375.201,385.701,-15.4231,1
17.6,19.4467,-0.288506,375.072,385.572,-15.4231,1
17.6083,19.4829,-0.288497,374.944,385.444,-15.4231,1
17.6167,19.5191,-0.288488,374.815,385.315,-15.4231,1
17.625,19.5552,-0.28848,374.687,385.187,-15.4231,1
17.6333,19.5914,-0.288471,374.558,385.058,-15.4231,1
17.6417,19.6276,-0.288462,374.43,384.93,-15.4231,1
17.65,19.6637,-0.288453,374.301,384.801,-15.423,1
17.6583,19.6999,-0.288445,374.172,384.672,-15.423,1
17.6667,19.7361,-0.288436,374.044,384.544,-15.423,1
17.675,19.7723,-0.288427,373.915,384.415,-15.4229,1
17.6833,19.8084,-0.288419,373.787,384.287,-15.4229,1
17.6917,19.8446,-0.28841,373.658,384.158,-15.4228,1
17.7,19.8808,-0.288401,373.53,384.03,-15.4228,1
17.7083,19.917,-0.288393,373.401,383.901,-15.4227,1
17.7167,19.9531,-0.288384,373.273,383.773,-15.4227,1
17.725,19.9893,-0.288375,373.144,383.644,-15.4226,1
17.7333,20.0255,-0.288366,373.016,383.516,-15.4226,1
17.7417,20.0617,-0.288358,372.887,383.387,-15.4225,1
17.75,20.0978,-0.288349,372.759,383.259,-15.4225,1
17.7583,20.134,-0.28834,372.63,383.13,-15.4224,1
17.7667,20.1702,-0.288332,372.502,383.002,-15.4224,1
17.775,20.2064,-0.288323,372.373,382.873,-15.4223,1
17.7833,20.2425,-0.288314,372.245,382.745,-15.4223,1
17.7917,20.2787,-0.288306,372.116,382.616,-15.4222,1
17.8,20.3149,-0.288297,371.988,382.488,-15.4222,1
17.8083,20.351,-0.288288,371.859,382.359,-15.4221,1
17.8167,20.3872,-0.28828,371.731,382.231,-15.4221,1
17.825,20.4234,-0.288271,371.602,382.102,-15.4221,1
17.8333,20.4596,-0.288262,371.474,381.974,-15.422,1
17.8417,20.4957,-0.288253,371.345,381.845,-15.422,1
17.85,20.5319,-0.288245,371.217,381.717,-15.4219,1
17.8583,20.5681,-0.288236,371.088,381.588,-15.4219,1
17.8667,20.6043,-0.288227,370.959,381.459,-15.4218,1
17.875,20.6404,-0.288219,370.831,381.331,-15.4218,1
17.8833,20.6766,-0.28821,370.702,381.202,-15.4217,1
17.8917,20.7128,-0.288201,370.574,381.074,-15.4217,1
17.9,20.749,-0.288193,370.445,380.945,-15.4217,1
17.9083,20.7851,-0.288184,370.317,380.817,-15.4216,1
17.9167,20.8213,-0.288175,370.188,380.688,-15.4216,1
17.925,20.8575,-0.288166,370.06,380.56,-15.4216,1
17.9333,20.8937,-0.288158,369.931,380.431,-15.4216,1
17.9417,20.9298,-0.288149,369.803,380.303,-15.4216,1
17.95,20.966,-0.28814,369.674,380.174,-15.4216,1
17.9583,21.0022,-0.288132,369.546,380.046,-15.4216,1
17.9667,21.0383,-0.288123,369.417,379.917,-15.4216,1
17.975,21.0745,-0.288114,369.289,379.789,-15.4216,1
17.9833,21.1107,-0.288106,369.16,379.66,-15.4216,1
17.9917,21.1469,-0.288097,369.032,379.532,-15.4217,1
18,21.183,-0.288088,368.903,379.403,-15.4217,1
18.0083,21.2192,-0.28808,368.775,379.275,-15.4217,1
18.0167,21.2554,-0.288071,368.646,379.146,-15.4217,1
18.025,21.2916,-0.288062,368.518,379.018,-15.4217,1
18.0333,21.3277,-0.288053,368.389,378.889,-15.4217,1
18.0417,21.3639,-0.288045,368.261,378.761,-15.4217,1
18.05,21.4001,-0.288036,368.132,378.632,-15.4216,1
18.0583,21.4363,-0.288027,368.004,378.504,-15.4216,1
18.0667,21.4724,-0.288019,367.875,378.375,-15.4216,1
18.075,21.5086,-0.28801,367.747,378.247,-15.4216,1
18.0833,21.5448,-0.288001,367.618,378.118,-15.4215,1
18.0917,21.5809,-0.287993,367.49,377.99,-15.4215,1
18.1,21.6171,-0.287984,367.361,377.861,-15.4214,1
18.1083,21.6533,-0.287975,367.233,377.733,-15.4214,1
18.1167,21.6895,-0.287967,367.104,377.604,-15.4213,1
18.125,21.7256,-0.287958,366.976,377.476,-15.4213,1
18.1333,21.7618,-0.287949,366.847,377.347,-15.4212,1
18.1417,21.798,-0.28794,366.719,377.219,-15.4212,1
18.15,21.8342,-0.287932,366.59,377.09,-15.4211,1
18.1583,21.8703,-0.287923,366.461,376.961,-15.4211,1
18.1667,21.9065,-0.287914,366.333,376.833,-15.421,1
18.175,21.9427,-0.287906,366.204,376.704,-15.421,1
18.1833,21.9789,-0.287897,366.076,376.576,-15.4209,1
18.1917,22.015,-0.287888,365.947,376.447,-15.4209,1
18.2,22.0512,-0.28788,365.819,376.319,-15.4209,1
18.2083,22.0874,-0.287871,365.69,376.19,-15.4208,1
18.2167,22.1236,-0.287862,365.562,376.062,-15.4208,1
18.225,22.1597,-0.287853,365.433,375.933,-15.4207,1
18.2333,22.1959,-0.287845,365.305,375.805,-15.4207,1
18.2417,22.2321,-0.287836,365.176,375.676,-15.4206,1
18.25,22.2682,-0.287827,365.048,375.548,-15.4206,1
18.2583,22.3044,-0.287819,364.919,375.419,-15.4205,1
18.2667,22.3406,-0.28781,364.791,375.291,-15.4205,1
18.275,22.3768,-0.287801,364.662,375.162,-15.4204,1
18.2833,22.4129,-0.287793,364.534,375.034,-15.4204,1
18.2917,22.4491,-0.287784,364.405,374.905,-15.4204,1
18.3,22.4853,-0.287775,364.277,374.777,-15.4203,1
18.3083,22.5215,-0.287767,364.148,374.648,-15.4203,1
18.3167,22.5576,-0.287758,364.02,374.52,-15.4202,1
18.325,22.5938,-0.287749,363.891,374.391,-15.4202,1
18.3333,22.63,-0.28774,363.763,374.263,-15.4202,1
18.3417,22.6662,-0.287732,363.634,374.134,-15.4202,1
18.35,22.7023,-0.287723,363.506,374.006,-15.4201,1
18.3583,22.7385,-0.287714,363.377,373.877,-15.4201,1
18.3667,22.7747,-0.287706,363.249,373.749,-15.4201,1
18.375,22.8108,-0.287697,363.12,373.62,-15.4201,1
18.3833,22.847,-0.287688,362.992,373.492,-15.4201,1
18.3917,22.8832,-0.28768,362.863,373.363,-15.4201,1
18.4,22.9194,-0.287671,362.735,373.235,-15.4202,1
18.4083,22.9555,-0.287662,362.606,373.106,-15.4202,1
18.4167,22.9917,-0.287654,362.478,372.978,-15.4202,1
18.425,23.0279,-0.287645,362.349,372.849,-15.4202,1
18.4333,23.0641,-0.287636,362.221,372.721,-15.4202,1
18.4417,23.1002,-0.287627,362.092,372.592,-15.4202,1
18.45,23.1364,-0.287619,361.964,372.464,-15.4202,1
18.4583,23.1726,-0.28761,361.835,372.335,-15.4202,1
18.4667,23.2088,-0.287601,361.707,372.207,-15.4202,1
18.475,23.2449,-0.287593,361.578,372.078,-15.4202,1
18.4833,23.2811,-0.287584,361.45,371.95,-15.4201,1
18.4917,23.3173,-0.287575,361.321,371.821,-15.4201,1
18.5,23.3535,-0.287567,361.193,371.693,-15.4201,1
18.5083,23.3896,-0.287558,361.064,371.564,-15.42,1
18.5167,23.4258,-0.287549,360.936,371.436,-15.42,1
18.525,23.462,-0.28754,360.807,371.307,-15.4199,1
18.5333,23.4981,-0.287532,360.679,371.179,-15.4199,1
18.5417,23.5343,-0.287523,360.55,371.05,-15.4198,1
18.55,23.5705,-0.287514,360.422,370.922,-15.4198,1
18.5583,23.6067,-0.287506,360.293,370.793,-15.4197,1
18.5667,23.6428,-0.287497,360.165,370.665,-15.4197,1
18.575,23.679,-0.287488,360.036,370.536,-15.4196,1
18.5833,23.7152,-0.28748,359.908,370.408,-15.4196,1
18.5917,23.7514,-0.287471,359.779,370.279,-15.4196,1
18.6,23.7875,-0.287462,359.651,370.151,-15.4195,1
18.6083,23.8237,-0.287454,359.522,370.022,-15.4195,1
18.6167,23.8599,-0.287445,359.394,369.894,-15.4194,1
18.625,23.8961,-0.287436,359.265,369.765,-15.4194,1
18.6333,23.9322,-0.287427,359.137,369.637,-15.4193,1
18.6417,23.9684,-0.287419,359.008,369.508,-15.4193,1
18.65,24.0046,-0.28741,358.88,369.38,-15.4192,1
18.6583,24.0408,-0.287401,358.751,369.251,-15.4192,1
18.6667,24.0769,-0.287393,358.623,369.123,-15.4191,1
18.675,24.1131,-0.287384,358.494,368.994,-15.4191,1
18.6833,24.1493,-0.287375,358.366,368.866,-15.4191,1
18.6917,24.1854,-0.287367,358.237,368.737,-15.419,1
18.7,24.2216,-0.287358,358.109,368.609,-15.419,1
18.7083,24.2578,-0.287349,357.98,368.48,-15.4189,1
18.7167,24.294,-0.287341,357.852,368.352,-15.4189,1
18.725,24.3301,-0.287332,357.723,368.223,-15.4188,1
18.7333,24.3663,-0.287323,357.595,368.095,-15.4188,1
18.7417,24.4025,-0.287314,357.466,367.966,-15.4188,1
18.75,24.4387,-0.287306,357.338,367.838,-15.4187,1
18.7583,24.4748,-0.287297,357.209,367.709,-15.4187,1
18.7667,24.511,-0.287288,357.081,367.581,-15.4187,1
18.775,24.5472,-0.28728,356.952,367.452,-15.4187,1
18.7833,24.5834,-0.287271,356.824,367.324,-15.4187,1
18.7917,24.6195,-0.287262,356.696,367.196,-15.4187,1
18.8,24.6557,-0.287254,356.567,367.067,-15.4187,1
18.8083,24.6919,-0.287245,356.439,366.939,-15.4187,1
18.8167,24.7281,-0.287236,356.31,366.81,-15.4187,1
18.825,24.7642,-0.287228,356.182,366.682,-15.4187,1
18.8333,24.8004,-0.287219,356.053,366.553,-15.4187,1
18.8417,24.8366,-0.28721,355.925,366.425,-15.4188,1
18.85,24.8727,-0.287201,355.796,366.296,-15.4188,1
18.8583,24.9089,-0.287193,355.668,366.168,-15.4188,1
18.8667,24.9451,-0.287184,355.539,366.039,-15.4188,1
18.875,24.9813,-0.287175,355.411,365.911,-15.4188,1
18.8833,25.0174,-0.287167,355.282,365.782,-15.4187,1
18.8917,25.0536,-0.287158,355.154,365.654,-15.4187,1
18.9,25.0898,-0.287149,355.025,365.525,-15.4187,1
18.9083,25.126,-0.287141,354.897,365.397,-15.4187,1
18.9167,25.1621,-0.287132,354.768,365.268,-15.4186,1
18.925,25.1983,-0.287123,354.64,365.14,-15.4186,1
18.9333,25.2345,-0.287115,354.511,365.011,-15.4186,1
18.9417,25.2707,-0.287106,354.383,364.883,-15.4185,1
18.95,25.3068,-0.287097,354.254,364.754,-15.4185,1
18.9583,25.343,-0.287088,354.126,364.626,-15.4184,1
18.9667,25.3792,-0.28708,353.997,364.497,-15.4184,1
18.975,25.4154,-0.287071,353.869,364.369,-15.4183,1
18.9833,25.4515,-0.287062,353.74,364.24,-15.4183,1
18.9917,25.4877,-0.287054,353.612,364.112,-15.4182,1
19,25.5239,-0.287045,353.483,363.983,-15.4182,1
19.0083,25.56,-0.287036,353.355,363.855,-15.4181,1
19.0167,25.5962,-0.287028,353.226,363.726,-15.4181,1
19.025,25.6324,-0.287019,353.098,363.598,-15.418,1
19.0333,25.6686,-0.28701,352.969,363.469,-15.418,1
19.0417,25.7047,-0.287002,352.841,363.341,-15.4179,1
19.05,25.7409,-0.286993,352.712,363.212,-15.4179,1
19.0583,25.7771,-0.286984,352.584,363.084,-15.4178,1
19.0667,25.8133,-0.286975,352.455,362.955,-15.4178,1
19.075,25.8494,-0.286967,352.327,362.827,-15.4177,1
19.0833,25.8856,-0.286958,352.198,362.698,-15.4177,1
19.0917,25.9218,-0.286949,352.07,362.57,-15.4177,1
19.1,25.958,-0.286941,351.941,362.441,-15.4176,1
19.1083,25.9941,-0.286932,351.813,362.313,-15.4176,1
19.1167,26.0303,-0.286923,351.685,362.185,-15.4175,1
19.125,26.0665,-0.286915,351.556,362.056,-15.4175,1
19.1333,26.1027,-0.286906,351.428,361.928,-15.4174,1
19.1417,26.1388,-0.286897,351.299,361.799,-15.4174,1
19.15,26.175,-0.286889,351.171,361.671,-15.4174,1
19.1583,26.2112,-0.28688,351.042,361.542,-15.4173,1
19.1667,26.2473,-0.286871,350.914,361.414,-15.4173,1
19.175,26.2835,-0.286862,350.785,361.285,-15.4173,1
19.1833,26.3197,-0.286854,350.657,361.157,-15.4172,1
19.1917,26.3559,-0.286845,350.528,361.028,-15.4172,1
19.2,26.392,-0.286836,350.4,360.9,-15.4172,1
19.2083,26.4282,-0.286828,350.271,360.771,-15.4172,1
19.2167,26.4644,-0.286819,350.143,360.643,-15.4172,1
19.225,26.5006,-0.28681,350.014,360.514,-15.4172,1
19.2333,26.5367,-0.286802,349.886,360.386,-15.4172,1
19.2417,26.5729,-0.286793,349.757,360.257,-15.4173,1
19.25,26.6091,-0.286784,349.629,360.129,-15.4173,1
19.2583,26.6453,-0.286776,349.5,360,-15.4173,1
19.2667,26.6814,-0.286767,349.372,359.872,-15.4173,1
19.275,26.7176,-0.286758,349.243,359.743,-15.4173,1
19.2833,26.7538,-0.28675,349.115,359.615,-15.4173,1
19.2917,26.79,-0.286741,348.986,359.486,-15.4173,1
19.3,26.8261,-0.286732,348.858,359.358,-15.4173,1
19.3083,26.8623,-0.286723,348.73,359.23,-15.4173,1
19.3167,26.8985,-0.286715,348.601,359.101,-15.4173,1
19.325,26.9346,-0.286706,348.473,358.973,-15.4172,1
19.3333,26.9708,-0.286697,348.344,358.844,-15.4172,1
19.3417,27.007,-0.286689,348.216,358.716,-15.4172,1
19.35,27.0432,-0.28668,348.087,358.587,-15.4171,1
19.3583,27.0793,-0.286671,347.959,358.459,-15.4171,1
19.3667,27.1155,-0.286663,347.83,358.33,-15.417,1
19.375,27.1517,-0.286654,347.702,358.202,-15.417,1
19.3833,27.1879,-0.286645,347.573,358.073,-15.4169,1
19.3917,27.224,-0.286637,347.445,357.945,-15.4169,1
19.4,27.2602,-0.286628,347.316,357.816,-15.4168,1
19.4083,27.2964,-0.286619,347.188,357.688,-15.4168,1
19.4167,27.3326,-0.28661,347.059,357.559,-15.4167,1
19.425,27.3687,-0.286602,346.931,357.431,-15.4167,1
19.4333,27.4049,-0.286593,346.802,357.302,-15.4166,1
19.4417,27.4411,-0.286584,346.674,357.174,-15.4166,1
19.45,27.4773,-0.286576,346.545,357.045,-15.4165,1
19.4583,27.5134,-0.286567,346.417,356.917,-15.4165,1
19.4667,27.5496,-0.286558,346.289,356.789,-15.4164,1
19.475,27.5858,-0.28655,346.16,356.66,-15.4164,1
19.4833,27.6219,-0.286541,346.032,356.532,-15.4163,1
19.4917,27.6581,-0.286532,345.903,356.403,-15.4163,1
19.5,27.6943,-0.286524,345.775,356.275,-15.4163,1
19.5083,27.7305,-0.286515,345.646,356.146,-15.4162,1
19.5167,27.7666,-0.286506,345.518,356.018,-15.4162,1
19.525,27.8028,-0.286497,345.389,355.889,-15.4161,1
19.5333,27.839,-0.286489,345.261,355.761,-15.4161,1
19.5417,27.8752,-0.28648,345.132,355.632,-15.416,1
19.55,27.9113,-0.286471,345.004,355.504,-15.416,1
19.5583,27.9475,-0.286463,344.875,355.375,-15.416,1
19.5667,27.9837,-0.286454,344.747,355.247,-15.4159,1
19.575,28.0199,-0.286445,344.618,355.118,-15.4159,1
19.5833,28.056,-0.286437,344.49,354.99,-15.4159,1
19.5917,28.0922,-0.286428,344.361,354.861,-15.4158,1
19.6,28.1284,-0.286419,344.233,354.733,-15.4158,1
19.6083,28.1646,-0.286411,344.105,354.605,-15.4158,1
19.6167,28.2007,-0.286402,343.976,354.476,-15.4158,1
19.625,28.2369,-0.286393,343.848,354.348,-15.4158,1
19.6333,28.2731,-0.286385,343.719,354.219,-15.4158,1
19.6417,28.3093,-0.286376,343.591,354.091,-15.4158,1
19.65,28.3454,-0.286367,343.462,353.962,-15.4158,1
19.6583,28.3816,-0.286358,343.334,353.834,-15.4158,1
19.6667,28.4178,-0.28635,343.205,353.705,-15.4158,1
19.675,28.4539,-0.286341,343.077,353.577,-15.4158,1
19.6833,28.4901,-0.286332,342.948,353.448,-15.4158,1
19.6917,28.5263,-0.286324,342.82,353.32,-15.4159,1
19.7,28.5625,-0.286315,342.691,353.191,-15.4159,1
19.7083,28.5986,-0.286306,342.563,353.063,-15.4159,1
19.7167,28.6348,-0.286298,342.435,352.935,-15.4159,1
19.725,28.671,-0.286289,342.306,352.806,-15.4158,1
19.7333,28.7072,-0.28628,342.178,352.678,-15.4158,1
19.7417,28.7433,-0.286272,342.049,352.549,-15.4158,1
19.75,28.7795,-0.286263,341.921,352.421,-15.4158,1
19.7583,28.8157,-0.286254,341.792,352.292,-15.4157,1
19.7667,28.8519,-0.286245,341.664,352.164,-15.4157,1
19.775,28.888,-0.286237,341.535,352.035,-15.4156,1
19.7833,28.9242,-0.286228,341.407,351.907,-15.4156,1
19.7917,28.9604,-0.286219,341.278,351.778,-15.4155,1
19.8,28.9966,-0.286211,341.15,351.65,-15.4155,1
19.8083,29.0327,-0.286202,341.021,351.521,-15.4154,1
19.8167,29.0689,-0.286193,340.893,351.393,-15.4154,1
19.825,29.1051,-0.286185,340.764,351.264,-15.4153,1
19.8333,29.1412,-0.286176,340.636,351.136,-15.4153,1
19.8417,29.1774,-0.286167,340.508,351.008,-15.4152,1
19.85,29.2136,-0.286159,340.379,350.879,-15.4152,1
19.8583,29.2498,-0.28615,340.251,350.751,-15.4151,1
19.8667,29.2859,-0.286141,340.122,350.622,-15.4151,1
19.875,29.3221,-0.286133,339.994,350.494,-15.415,1
19.8833,29.3583,-0.286124,339.865,350.365,-15.415,1
19.8917,29.3945,-0.286115,339.737,350.237,-15.4149,1
19.9,29.4306,-0.286106,339.608,350.108,-15.4149,1
19.9083,29.4668,-0.286098,339.48,349.98,-15.4149,1
19.9167,29.503,-0.286089,339.351,349.851,-15.4148,1
19.925,29.5392,-0.28608,339.223,349.723,-15.4148,1
19.9333,29.5753,-0.286072,339.095,349.595,-15.4147,1
19.9417,29.6115,-0.286063,338.966,349.466,-15.4147,1
19.95,29.6477,-0.286054,338.838,349.338,-15.4146,1
19.9583,29.6839,-0.286046,338.709,349.209,-15.4146,1
19.9667,29.72,-0.286037,338.581,349.081,-15.4146,1
19.975,29.7562,-0.286028,338.452,348.952,-15.4145,1
19.9833,29.7924,-0.28602,338.324,348.824,-15.4145,1
19.9917,29.8285,-0.286011,338.195,348.695,-15.4144,1
20,29.8647,-0.286002,338.067,348.567,-15.4144,1
20.0083,29.9009,-0.285994,337.938,348.438,-15.4144,1
20.0167,29.9371,-0.285985,337.81,348.31,-15.4144,1
20.025,29.9732,-0.285976,337.681,348.181,-15.4143,1
20.0333,30.0094,-0.285967,337.553,348.053,-15.4143,1
20.0417,30.0456,-0.285959,337.425,347.925,-15.4143,1
20.05,30.0818,-0.28595,337.296,347.796,-15.4143,1
20.0583,30.1179,-0.285941,337.168,347.668,-15.4143,1
20.0667,30.1541,-0.285933,337.039,347.539,-15.4143,1
20.075,30.1903,-0.285924,336.911,347.411,-15.4143,1
20.0833,30.2265,-0.285915,336.782,347.282,-15.4143,1
20.0917,30.2626,-0.285907,336.654,347.154,-15.4144,1
20.1,30.2988,-0.285898,336.525,347.025,-15.4144,1
20.1083,30.335,-0.285889,336.397,346.897,-15.4144,1
20.1167,30.3712,-0.285881,336.269,346.769,-15.4144,1
20.125,30.4073,-0.285872,336.14,346.64,-15.4144,1
20.1333,30.4435,-0.285863,336.012,346.512,-15.4144,1
20.1417,30.4797,-0.285855,335.883,346.383,-15.4144,1
20.15,30.5159,-0.285846,335.755,346.255,-15.4144,1
20.1583,30.552,-0.285837,335.626,346.126,-15.4143,1
20.1667,30.5882,-0.285828,335.498,345.998,-15.4143,1
20.175,30.6244,-0.28582,335.369,345.869,-15.4143,1
20.1833,30.6605,-0.285811,335.241,345.741,-15.4142,1
20.1917,30.6967,-0.285802,335.112,345.612,-15.4142,1
20.2,30.7329,-0.285794,334.984,345.484,-15.4141,1
20.2083,30.7691,-0.285785,334.856,345.356,-15.4141,1
20.2167,30.8052,-0.285776,334.727,345.227,-15.414,1
20.225,30.8414,-0.285768,334.599,345.099,-15.414,1
20.2333,30.8776,-0.285759,334.47,344.97,-15.4139,1
20.2417,30.9138,-0.28575,334.342,344.842,-15.4139,1
20.25,30.9499,-0.285742,334.213,344.713,-15.4138,1
20.2583,30.9861,-0.285733,334.085,344.585,-15.4138,1
20.2667,31.0223,-0.285724,333.956,344.456,-15.4137,1
20.275,31.0585,-0.285716,333.828,344.328,-15.4137,1
20.2833,31.0946,-0.285707,333.699,344.199,-15.4136,1
20.2917,31.1308,-0.285698,333.571,344.071,-15.4136,1
20.3,31.167,-0.285689,333.443,343.943,-15.4135,1
20.3083,31.2032,-0.285681,333.314,343.814,-15.4135,1
20.3167,31.2393,-0.285672,333.186,343.686,-15.4134,1
20.325,31.2755,-0.285663,333.057,343.557,-15.4134,1
20.3333,31.3117,-0.285655,332.929,343.429,-15.4134,1
20.3417,31.3478,-0.285646,332.8,343.3,-15.4133,1
20.35,31.384,-0.285637,332.672,343.172,-15.4133,1
20.3583,31.4202,-0.285629,332.543,343.043,-15.4132,1
20.3667,31.4564,-0.28562,332.415,342.915,-15.4132,1
20.375,31.4925,-0.285611,332.287,342.787,-15.4132,1
20.3833,31.5287,-0.285603,332.158,342.658,-15.4131,1
20.3917,31.5649,-0.285594,332.03,342.53,-15.4131,1
20.4,31.6011,-0.285585,331.901,342.401,-15.413,1
20.4083,31.6372,-0.285577,331.773,342.273,-15.413,1
20.4167,31.6734,-0.285568,331.644,342.144,-15.413,1
20.425,31.7096,-0.285559,331.516,342.016,-15.4129,1
20.4333,31.7458,-0.28555,331.387,341.887,-15.4129,1
20.4417,31.7819,-0.285542,331.259,341.759,-15.4129,1
20.45,31.8181,-0.285533,331.131,341.631,-15.4129,1
20.4583,31.8543,-0.285524,331.002,341.502,-15.4129,1
20.4667,31.8905,-0.285516,330.874,341.374,-15.4129,1
20.475,31.9266,-0.285507,330.745,341.245,-15.4129,1
20.4833,31.9628,-0.285498,330.617,341.117,-15.4129,1
20.4917,31.999,-0.28549,330.488,340.988,-15.4129,1
20.5,32.0352,-0.285481,330.36,340.86,-15.4129,1
20.5083,32.0713,-0.285472,330.232,340.732,-15.4129,1
20.5167,32.1075,-0.285464,330.103,340.603,-15.4129,1
20.525,32.1437,-0.285455,329.975,340.475,-15.4129,1
20.5333,32.1798,-0.285446,329.846,340.346,-15.413,1
20.5417,32.216,-0.285438,329.718,340.218,-15.413,1
20.55,32.2522,-0.285429,329.589,340.089,-15.413,1
20.5583,32.2884,-0.28542,329.461,339.961,-15.4129,1
20.5667,32.3245,-0.285411,329.332,339.832,-15.4129,1
20.575,32.3607,-0.285403,329.204,339.704,-15.4129,1
20.5833,32.3969,-0.285394,329.076,339.576,-15.4129,1
20.5917,32.4331,-0.285385,328.947,339.447,-15.4128,1
20.6,32.4692,-0.285377,328.819,339.319,-15.4128,1
20.6083,32.5054,-0.285368,328.69,339.19,-15.4128,1
20.6167,32.5416,-0.285359,328.562,339.062,-15.4127,1
20.625,32.5778,-0.285351,328.433,338.933,-15.4126,1
20.6333,32.6139,-0.285342,328.305,338.805,-15.4126,1
20.6417,32.6501,-0.285333,328.176,338.676,-15.4125,1
20.65,32.6863,-0.285325,328.048,338.548,-15.4125,1
20.6583,32.7225,-0.285316,327.92,338.42,-15.4124,1
20.6667,32.7586,-0.285307,327.791,338.291,-15.4124,1
20.675,32.7948,-0.285299,327.663,338.163,-15.4123,1
20.6833,32.831,-0.28529,327.534,338.034,-15.4123,1
20.6917,32.8672,-0.285281,327.406,337.906,-15.4122,1
20.7,32.9033,-0.285273,327.277,337.777,-15.4122,1
20.7083,32.9395,-0.285264,327.149,337.649,-15.4121,1
20.7167,32.9757,-0.285255,327.021,337.521,-15.4121,1
20.725,33.0118,-0.285246,326.892,337.392,-15.412,1
20.7333,33.048,-0.285238,326.764,337.264,-15.412,1
20.7417,33.0842,-0.285229,326.635,337.135,-15.412,1
20.75,33.1204,-0.28522,326.507,337.007,-15.4119,1
20.7583,33.1565,-0.285212,326.378,336.878,-15.4119,1
20.7667,33.1927,-0.285203,326.25,336.75,-15.4118,1
20.775,33.2289,-0.285194,326.121,336.621,-15.4118,1
20.7833,33.2651,-0.285186,325.993,336.493,-15.4117,1
20.7917,33.3012,-0.285177,325.865,336.365,-15.4117,1
20.8,33.3374,-0.285168,325.736,336.236,-15.4117,1
20.8083,33.3736,-0.28516,325.608,336.108,-15.4116,1
20.8167,33.4098,-0.285151,325.479,335.979,-15.4116,1
20.825,33.4459,-0.285142,325.351,335.851,-15.4116,1
20.8333,33.4821,-0.285134,325.222,335.722,-15.4115,1
20.8417,33.5183,-0.285125,325.094,335.594,-15.4115,1
20.85,33.5545,-0.285116,324.966,335.466,-15.4115,1
20.8583,33.5906,-0.285107,324.837,335.337,-15.4114,1
20.8667,33.6268,-0.285099,324.709,335.209,-15.4114,1
20.875,33.663,-0.28509,324.58,335.08,-15.4114,1
20.8833,33.6992,-0.285081,324.452,334.952,-15.4114,1
20.8917,33.7353,-0.285073,324.323,334.823,-15.4114,1
20.9,33.7715,-0.285064,324.195,334.695,-15.4114,1
20.9083,33.8077,-0.285055,324.067,334.567,-15.4114,1
20.9167,33.8438,-0.285047,323.938,334.438,-15.4114,1
20.925,33.88,-0.285038,323.81,334.31,-15.4114,1
20.9333,33.9162,-0.285029,323.681,334.181,-15.4115,1
20.9417,33.9524,-0.285021,323.553,334.053,-15.4115,1
20.95,33.9885,-0.285012,323.424,333.924,-15.4115,1
20.9583,34.0247,-0.285003,323.296,333.796,-15.4115,1
20.9667,34.0609,-0.284995,323.168,333.668,-15.4115,1
20.975,34.0971,-0.284986,323.039,333.539,-15.4115,1
20.9833,34.1332,-0.284977,322.911,333.411,-15.4115,1
20.9917,34.1694,-0.284969,322.782,333.282,-15.4115,1
21,34.2056,-0.28496,322.654,333.154,-15.4114,1
21.0083,34.2418,-0.284951,322.525,333.025,-15.4114,1
21.0167,34.2779,-0.284942,322.397,332.897,-15.4114,1
21.025,34.3141,-0.284934,322.269,332.769,-15.4113,1
21.0333,34.3503,-0.284925,322.14,332.64,-15.4113,1
21.0417,34.3865,-0.284916,322.012,332.512,-15.4112,1
21.05,34.4226,-0.284908,321.883,332.383,-15.4111,1
21.0583,34.4588,-0.284899,321.755,332.255,-15.4111,1
21.0667,34.495,-0.28489,321.626,332.126,-15.411,1
21.075,34.5312,-0.284882,321.498,331.998,-15.411,1
21.0833,34.5673,-0.284873,321.37,331.87,-15.4109,1
21.0917,34.6035,-0.284864,321.241,331.741,-15.4109,1
21.1,34.6397,-0.284856,321.113,331.613,-15.4108,1
21.1083,34.6758,-0.284847,320.984,331.484,-15.4108,1
21.1167,34.712,-0.284838,320.856,331.356,-15.4107,1
21.125,34.7482,-0.28483,320.727,331.227,-15.4107,1
21.1333,34.7844,-0.284821,320.599,331.099,-15.4106,1
21.1417,34.8205,-0.284812,320.471,330.971,-15.4106,1
21.15,34.8567,-0.284804,320.342,330.842,-15.4105,1
21.1583,34.8929,-0.284795,320.214,330.714,-15.4105,1
21.1667,34.9291,-0.284786,320.085,330.585,-15.4105,1
21.175,34.9652,-0.284777,319.957,330.457,-15.4104,1
21.1833,35.0014,-0.284769,319.829,330.329,-15.4104,1
21.1917,35.0376,-0.28476,319.7,330.2,-15.4103,1
21.2,35.0738,-0.284751,319.572,330.072,-15.4103,1
21.2083,35.1099,-0.284743,319.443,329.943,-15.4103,1
21.2167,35.1461,-0.284734,319.315,329.815,-15.4102,1
21.225,35.1823,-0.284725,319.186,329.686,-15.4102,1
21.2333,35.2185,-0.284717,319.058,329.558,-15.4101,1
21.2417,35.2546,-0.284708,318.93,329.43,-15.4101,1
21.25,35.2908,-0.284699,318.801,329.301,-15.4101,1
21.2583,35.327,-0.284691,318.673,329.173,-15.41,1
21.2667,35.3632,-0.284682,318.544,329.044,-15.41,1
21.275,35.3993,-0.284673,318.416,328.916,-15.41,1
21.2833,35.4355,-0.284665,318.288,328.788,-15.41,1
21.2917,35.4717,-0.284656,318.159,328.659,-15.41,1
21.3,35.5078,-0.284647,318.031,328.531,-15.41,1
21.3083,35.544,-0.284639,317.902,328.402,-15.41,1
21.3167,35.5802,-0.28463,317.774,328.274,-15.41,1
21.325,35.6164,-0.284621,317.645,328.145,-15.41,1
21.3333,35.6525,-0.284612,317.517,328.017,-15.41,1
21.3417,35.6887,-0.284604,317.389,327.889,-15.41,1
21.35,35.7249,-0.284595,317.26,327.76,-15.41,1
21.3583,35.7611,-0.284586,317.132,327.632,-15.41,1
21.3667,35.7972,-0.284578,317.003,327.503,-15.41,1
21.375,35.8334,-0.284569,316.875,327.375,-15.4101,1
21.3833,35.8696,-0.28456,316.747,327.247,-15.4101,1
21.3917,35.9058,-0.284552,316.618,327.118,-15.41,1
21.4,35.9419,-0.284543,316.49,326.99,-15.41,1
21.4083,35.9781,-0.284534,316.361,326.861,-15.41,1
21.4167,36.0143,-0.284526,316.233,326.733,-15.41,1
21.425,36.0505,-0.284517,316.104,326.604,-15.41,1
21.4333,36.0866,-0.284508,315.976,326.476,-15.4099,1
21.4417,36.1228,-0.2845,315.848,326.348,-15.4099,1
21.45,36.159,-0.284491,315.719,326.219,-15.4098,1
21.4583,36.1952,-0.284482,315.591,326.091,-15.4098,1
21.4667,36.2313,-0.284474,315.462,325.962,-15.4097,1
21.475,36.2675,-0.284465,315.334,325.834,-15.4096,1
21.4833,36.3037,-0.284456,315.206,325.706,-15.4096,1
21.4917,36.3398,-0.284448,315.077,325.577,-15.4095,1
21.5,36.376,-0.284439,314.949,325.449,-15.4095,1
21.5083,36.4122,-0.28443,314.82,325.32,-15.4094,1
21.5167,36.4484,-0.284421,314.692,325.192,-15.4094,1
21.525,36.4845,-0.284413,314.563,325.063,-15.4093,1
21.5333,36.5207,-0.284404,314.435,324.935,-15.4093,1
21.5417,36.5569,-0.284395,314.307,324.807,-15.4092,1
21.55,36.5931,-0.284387,314.178,324.678,-15.4092,1
21.5583,36.6292,-0.284378,314.05,324.55,-15.4091,1
21.5667,36.6654,-0.284369,313.921,324.421,-15.4091,1
21.575,36.7016,-0.284361,313.793,324.293,-15.409,1
21.5833,36.7378,-0.284352,313.665,324.165,-15.409,1
21.5917,36.7739,-0.284343,313.536,324.036,-15.409,1
21.6,36.8101,-0.284335,313.408,323.908,-15.4089,1
21.6083,36.8463,-0.284326,313.279,323.779,-15.4089,1
21.6167,36.8825,-0.284317,313.151,323.651,-15.4088,1
21.625,36.9186,-0.284309,313.023,323.523,-15.4088,1
21.6333,36.9548,-0.2843,312.894,323.394,-15.4088,1
21.6417,36.991,-0.284291,312.766,323.266,-15.4087,1
21.65,37.0272,-0.284283,312.637,323.137,-15.4087,1
21.6583,37.0633,-0.284274,312.509,323.009,-15.4086,1
21.6667,37.0995,-0.284265,312.381,322.881,-15.4086,1
21.675,37.1357,-0.284256,312.252,322.752,-15.4086,1
21.6833,37.1719,-0.284248,312.124,322.624,-15.4086,1
21.6917,37.208,-0.284239,311.995,322.495,-15.4085,1
21.7,37.2442,-0.28423,311.867,322.367,-15.4085,1
21.7083,37.2804,-0.284222,311.738,322.238,-15.4085,1
21.7167,37.3165,-0.284213,311.61,322.11,-15.4085,1
21.725,37.3527,-0.284204,311.482,321.982,-15.4085,1
21.7333,37.3889,-0.284196,311.353,321.853,-15.4085,1
21.7417,37.4251,-0.284187,311.225,321.725,-15.4085,1
21.75,37.4612,-0.284178,311.096,321.596,-15.4085,1
21.7583,37.4974,-0.28417,310.968,321.468,-15.4085,1
21.7667,37.5336,-0.284161,310.84,321.34,-15.4086,1
21.775,37.5698,-0.284152,310.711,321.211,-15.4086,1
21.7833,37.6059,-0.284144,310.583,321.083,-15.4086,1
21.7917,37.6421,-0.284135,310.454,320.954,-15.4086,1
21.8,37.6783,-0.284126,310.326,320.826,-15.4086,1
21.8083,37.7145,-0.284118,310.198,320.698,-15.4086,1
21.8167,37.7506,-0.284109,310.069,320.569,-15.4086,1
21.825,37.7868,-0.2841,309.941,320.441,-15.4086,1
21.8333,37.823,-0.284092,309.812,320.312,-15.4085,1
21.8417,37.8592,-0.284083,309.684,320.184,-15.4085,1
21.85,37.8953,-0.284074,309.556,320.056,-15.4085,1
21.8583,37.9315,-0.284065,309.427,319.927,-15.4084,1
21.8667,37.9677,-0.284057,309.299,319.799,-15.4084,1
21.875,38.0039,-0.284048,309.17,319.67,-15.4083,1
21.8833,38.04,-0.284039,309.042,319.542,-15.4082,1
21.8917,38.0762,-0.284031,308.914,319.414,-15.4082,1
21.9,38.1124,-0.284022,308.785,319.285,-15.4081,1
21.9083,38.1486,-0.284013,308.657,319.157,-15.4081,1
21.9167,38.1847,-0.284005,308.528,319.028,-15.408,1
21.925,38.2209,-0.283996,308.4,318.9,-15.408,1
21.9333,38.2571,-0.283987,308.272,318.772,-15.4079,1
21.9417,38.2932,-0.283979,308.143,318.643,-15.4079,1
21.95,38.3294,-0.28397,308.015,318.515,-15.4078,1
21.9583,38.3656,-0.283961,307.886,318.386,-15.4078,1
21.9667,38.4018,-0.283953,307.758,318.258,-15.4077,1
21.975,38.4379,-0.283944,307.63,318.13,-15.4077,1
21.9833,38.4741,-0.283935,307.501,318.001,-15.4076,1
21.9917,38.5103,-0.283927,307.373,317.873,-15.4076,1
22,38.5465,-0.283918,307.244,317.744,-15.4076,1
22.0083,38.5826,-0.283909,307.116,317.616,-15.4075,1
22.0167,38.6188,-0.283901,306.988,317.488,-15.4075,1
22.025,38.655,-0.283892,306.859,317.359,-15.4074,1
22.0333,38.6912,-0.283883,306.731,317.231,-15.4074,1
22.0417,38.7273,-0.283875,306.602,317.102,-15.4074,1
22.05,38.7635,-0.283866,306.474,316.974,-15.4073,1
22.0583,38.7997,-0.283857,306.346,316.846,-15.4073,1
22.0667,38.8359,-0.283848,306.217,316.717,-15.4072,1
22.075,38.872,-0.28384,306.089,316.589,-15.4072,1
22.0833,38.9082,-0.283831,305.96,316.46,-15.4072,1
22.0917,38.9444,-0.283822,305.832,316.332,-15.4071,1
22.1,38.9806,-0.283814,305.704,316.204,-15.4071,1
22.1083,39.0167,-0.283805,305.575,316.075,-15.4071,1
22.1167,39.0529,-0.283796,305.447,315.947,-15.4071,1
22.125,39.0891,-0.283788,305.318,315.818,-15.4071,1
22.1333,39.1252,-0.283779,305.19,315.69,-15.4071,1
22.1417,39.1614,-0.28377,305.062,315.562,-15.4071,1
22.15,39.1976,-0.283762,304.933,315.433,-15.4071,1
22.1583,39.2338,-0.283753,304.805,315.305,-15.4071,1
22.1667,39.2699,-0.283744,304.676,315.176,-15.4071,1
22.175,39.3061,-0.283736,304.548,315.048,-15.4071,1
22.1833,39.3423,-0.283727,304.42,314.92,-15.4071,1
22.1917,39.3785,-0.283718,304.291,314.791,-15.4071,1
22.2,39.4146,-0.28371,304.163,314.663,-15.4071,1
22.2083,39.4508,-0.283701,304.035,314.535,-15.4072,1
22.2167,39.487,-0.283692,303.906,314.406,-15.4072,1
22.225,39.5232,-0.283684,303.778,314.278,-15.4071,1
22.2333,39.5593,-0.283675,303.649,314.149,-15.4071,1
22.2417,39.5955,-0.283666,303.521,314.021,-15.4071,1
22.25,39.6317,-0.283657,303.393,313.893,-15.4071,1
22.2583,39.6679,-0.283649,303.264,313.764,-15.4071,1
22.2667,39.704,-0.28364,303.136,313.636,-15.407,1
22.275,39.7402,-0.283631,303.007,313.507,-15.407,1
22.2833,39.7764,-0.283623,302.879,313.379,-15.4069,1
22.2917,39.8126,-0.283614,302.751,313.251,-15.4069,1
22.3,39.8487,-0.283605,302.622,313.122,-15.4068,1
22.3083,39.8849,-0.283597,302.494,312.994,-15.4067,1
22.3167,39.9211,-0.283588,302.365,312.865,-15.4067,1
22.325,39.9573,-0.283579,302.237,312.737,-15.4066,1
22.3333,39.9934,-0.283571,302.109,312.609,-15.4066,1
22.3417,40.0296,-0.283562,301.98,312.48,-15.4065,1
22.35,40.0658,-0.283553,301.852,312.352,-15.4065,1
22.3583,40.1019,-0.283545,301.723,312.223,-15.4064,1
22.3667,40.1381,-0.283536,301.595,312.095,-15.4064,1
22.375,40.1743,-0.283527,301.467,311.967,-15.4063,1
22.3833,40.2105,-0.283519,301.338,311.838,-15.4063,1
22.3917,40.2466,-0.28351,301.21,311.71,-15.4062,1
22.4,40.2828,-0.283501,301.082,311.582,-15.4062,1
22.4083,40.319,-0.283493,300.953,311.453,-15.4061,1
22.4167,40.3552,-0.283484,300.825,311.325,-15.4061,1
22.425,40.3913,-0.283475,300.696,311.196,-15.4061,1
22.4333,40.4275,-0.283467,300.568,311.068,-15.406,1
22.4417,40.4637,-0.283458,300.44,310.94,-15.406,1
22.45,40.4999,-0.283449,300.311,310.811,-15.4059,1
22.4583,40.536,-0.28344,300.183,310.683,-15.4059,1
22.4667,40.5722,-0.283432,300.054,310.554,-15.4059,1
22.475,40.6084,-0.283423,299.926,310.426,-15.4058,1
22.4833,40.6446,-0.283414,299.798,310.298,-15.4058,1
22.4917,40.6807,-0.283406,299.669,310.169,-15.4057,1
22.5,40.7169,-0.283397,299.541,310.041,-15.4057,1
22.5083,40.7531,-0.283388,299.413,309.913,-15.4057,1
22.5167,40.7893,-0.28338,299.284,309.784,-15.4056,1
22.525,40.8254,-0.283371,299.156,309.656,-15.4056,1
22.5333,40.8616,-0.283362,299.027,309.527,-15.4056,1
22.5417,40.8978,-0.283354,298.899,309.399,-15.4056,1
22.55,40.934,-0.283345,298.771,309.271,-15.4056,1
22.5583,40.9701,-0.283336,298.642,309.142,-15.4056,1
22.5667,41.0063,-0.283328,298.514,309.014,-15.4056,1
22.575,41.0425,-0.283319,298.386,308.886,-15.4056,1
22.5833,41.0787,-0.28331,298.257,308.757,-15.4056,1
22.5917,41.1148,-0.283302,298.129,308.629,-15.4057,1
22.6,41.151,-0.283293,298,308.5,-15.4057,1
22.6083,41.1872,-0.283284,297.872,308.372,-15.4057,1
22.6167,41.2233,-0.283276,297.744,308.244,-15.4057,1
22.625,41.2595,-0.283267,297.615,308.115,-15.4057,1
22.6333,41.2957,-0.283258,297.487,307.987,-15.4057,1
22.6417,41.3319,-0.28325,297.358,307.858,-15.4057,1
22.65,41.368,-0.283241,297.23,307.73,-15.4057,1
22.6583,41.4042,-0.283232,297.102,307.602,-15.4057,1
22.6667,41.4404,-0.283224,296.973,307.473,-15.4056,1
22.675,41.4766,-0.283215,296.845,307.345,-15.4056,1
22.6833,41.5127,-0.283206,296.717,307.217,-15.4056,1
22.6917,41.5489,-0.283197,296.588,307.088,-15.4055,1
22.7,41.5851,-0.283189,296.46,306.96,-15.4055,1
22.7083,41.6213,-0.28318,296.331,306.831,-15.4054,1
22.7167,41.6574,-0.283171,296.203,306.703,-15.4053,1
22.725,41.6936,-0.283163,296.075,306.575,-15.4053,1
22.7333,41.7298,-0.283154,295.946,306.446,-15.4052,1
22.7417,41.766,-0.283145,295.818,306.318,-15.4052,1
22.75,41.8021,-0.283137,295.69,306.19,-15.4051,1
22.7583,41.8383,-0.283128,295.561,306.061,-15.405,1
22.7667,41.8745,-0.283119,295.433,305.933,-15.405,1
22.775,41.9107,-0.283111,295.304,305.804,-15.4049,1
22.7833,41.9468,-0.283102,295.176,305.676,-15.4049,1
22.7917,41.983,-0.283093,295.048,305.548,-15.4049,1
22.8,42.0192,-0.283085,294.919,305.419,-15.4048,1
22.8083,42.0554,-0.283076,294.791,305.291,-15.4048,1
22.8167,42.0915,-0.283067,294.663,305.163,-15.4047,1
22.825,42.1277,-0.283059,294.534,305.034,-15.4047,1
22.8333,42.1639,-0.28305,294.406,304.906,-15.4046,1
22.8417,42.2,-0.283041,294.277,304.777,-15.4046,1
22.85,42.2362,-0.283033,294.149,304.649,-15.4046,1
22.8583,42.2724,-0.283024,294.021,304.521,-15.4045,1
22.8667,42.3086,-0.283015,293.892,304.392,-15.4045,1
22.875,42.3447,-0.283007,293.764,304.264,-15.4044,1
22.8833,42.3809,-0.282998,293.636,304.136,-15.4044,1
22.8917,42.4171,-0.282989,293.507,304.007,-15.4044,1
22.9,42.4533,-0.282981,293.379,303.879,-15.4043,1
22.9083,42.4894,-0.282972,293.25,303.75,-15.4043,1
22.9167,42.5256,-0.282963,293.122,303.622,-15.4042,1
22.925,42.5618,-0.282954,292.994,303.494,-15.4042,1
22.9333,42.598,-0.282946,292.865,303.365,-15.4042,1
22.9417,42.6341,-0.282937,292.737,303.237,-15.4042,1
22.95,42.6703,-0.282928,292.609,303.109,-15.4042,1
22.9583,42.7065,-0.28292,292.48,302.98,-15.4042,1
22.9667,42.7427,-0.282911,292.352,302.852,-15.4042,1
22.975,42.7788,-0.282902,292.224,302.724,-15.4042,1
22.9833,42.815,-0.282894,292.095,302.595,-15.4042,1
22.9917,42.8512,-0.282885,291.967,302.467,-15.4042,1
23,42.8874,-0.282876,291.838,302.338,-15.4042,1
23.0083,42.9235,-0.282868,291.71,302.21,-15.4042,1
23.0167,42.9597,-0.282859,291.582,302.082,-15.4042,1
23.025,42.9959,-0.28285,291.453,301.953,-15.4043,1
23.0333,43.0321,-0.282842,291.325,301.825,-15.4043,1
23.0417,43.0682,-0.282833,291.197,301.697,-15.4043,1
23.05,43.1044,-0.282824,291.068,301.568,-15.4043,1
23.0583,43.1406,-0.282816,290.94,301.44,-15.4043,1
23.0667,43.1768,-0.282807,290.811,301.311,-15.4042,1
23.075,43.2129,-0.282798,290.683,301.183,-15.4042,1
23.0833,43.2491,-0.28279,290.555,301.055,-15.4042,1
23.0917,43.2853,-0.282781,290.426,300.926,-15.4042,1
23.1,43.3214,-0.282772,290.298,300.798,-15.4041,1
23.1083,43.3576,-0.282764,290.17,300.67,-15.4041,1
23.1167,43.3938,-0.282755,290.041,300.541,-15.404,1
23.125,43.43,-0.282746,289.913,300.413,-15.4039,1
23.1333,43.4661,-0.282738,289.784,300.284,-15.4039,1
23.1417,43.5023,-0.282729,289.656,300.156,-15.4038,1
23.15,43.5385,-0.28272,289.528,300.028,-15.4037,1
23.1583,43.5747,-0.282712,289.399,299.899,-15.4037,1
23.1667,43.6108,-0.282703,289.271,299.771,-15.4036,1
23.175,43.647,-0.282694,289.143,299.643,-15.4036,1
23.1833,43.6832,-0.282686,289.014,299.514,-15.4035,1
23.1917,43.7194,-0.282677,288.886,299.386,-15.4035,1
23.2,43.7555,-0.282668,288.758,299.258,-15.4034,1
23.2083,43.7917,-0.282659,288.629,299.129,-15.4034,1
23.2167,43.8279,-0.282651,288.501,299.001,-15.4034,1
23.225,43.8641,-0.282642,288.372,298.872,-15.4033,1
23.2333,43.9002,-0.282633,288.244,298.744,-15.4033,1
23.2417,43.9364,-0.282625,288.116,298.616,-15.4032,1
23.25,43.9726,-0.282616,287.987,298.487,-15.4032,1
23.2583,44.0088,-0.282607,287.859,298.359,-15.4031,1
23.2667,44.0449,-0.282599,287.731,298.231,-15.4031,1
23.275,44.0811,-0.28259,287.602,298.102,-15.4031,1
23.2833,44.1173,-0.282581,287.474,297.974,-15.403,1
23.2917,44.1535,-0.282573,287.346,297.846,-15.403,1
23.3,44.1896,-0.282564,287.217,297.717,-15.4029,1
23.3083,44.2258,-0.282555,287.089,297.589,-15.4029,1
23.3167,44.262,-0.282547,286.961,297.461,-15.4028,1
23.325,44.2982,-0.282538,286.832,297.332,-15.4028,1
23.3333,44.3343,-0.282529,286.704,297.204,-15.4028,1
23.3417,44.3705,-0.282521,286.575,297.075,-15.4028,1
23.35,44.4067,-0.282512,286.447,296.947,-15.4027,1
23.3583,44.4428,-0.282503,286.319,296.819,-15.4027,1
23.3667,44.479,-0.282495,286.19,296.69,-15.4027,1
23.375,44.5152,-0.282486,286.062,296.562,-15.4027,1
23.3833,44.5514,-0.282477,285.934,296.434,-15.4027,1
23.3917,44.5875,-0.282469,285.805,296.305,-15.4027,1
23.4,44.6237,-0.28246,285.677,296.177,-15.4027,1
23.4083,44.6599,-0.282451,285.549,296.049,-15.4028,1
23.4167,44.6961,-0.282443,285.42,295.92,-15.4028,1
23.425,44.7322,-0.282434,285.292,295.792,-15.4028,1
23.4333,44.7684,-0.282425,285.164,295.664,-15.4028,1
23.4417,44.8046,-0.282417,285.035,295.535,-15.4028,1
23.45,44.8408,-0.282408,284.907,295.407,-15.4028,1
23.4583,44.8769,-0.282399,284.778,295.278,-15.4028,1
23.4667,44.9131,-0.282391,284.65,295.15,-15.4028,1
23.475,44.9493,-0.282382,284.522,295.022,-15.4028,1
23.4833,44.9855,-0.282373,284.393,294.893,-15.4028,1
23.4917,45.0216,-0.282364,284.265,294.765,-15.4028,1
23.5,45.0578,-0.282356,284.137,294.637,-15.4028,1
23.5083,45.094,-0.282347,284.008,294.508,-15.4027,1
23.5167,45.1302,-0.282338,283.88,294.38,-15.4027,1
23.525,45.1663,-0.28233,283.752,294.252,-15.4026,1
23.5333,45.2025,-0.282321,283.623,294.123,-15.4025,1
23.5417,45.2387,-0.282312,283.495,293.995,-15.4025,1
23.55,45.2749,-0.282304,283.367,293.867,-15.4024,1
23.5583,45.311,-0.282295,283.238,293.738,-15.4023,1
23.5667,45.3472,-0.282286,283.11,293.61,-15.4023,1
23.575,45.3834,-0.282278,282.981,293.481,-15.4022,1
23.5833,45.4196,-0.282269,282.853,293.353,-15.4022,1
23.5917,45.4557,-0.28226,282.725,293.225,-15.4021,1
23.6,45.4919,-0.282252,282.596,293.096,-15.4021,1
23.6083,45.5281,-0.282243,282.468,292.968,-15.402,1
23.6167,45.5642,-0.282234,282.34,292.84,-15.402,1
23.625,45.6004,-0.282226,282.211,292.711,-15.4019,1
23.6333,45.6366,-0.282217,282.083,292.583,-15.4019,1
23.6417,45.6728,-0.282208,281.955,292.455,-15.4019,1
23.65,45.7089,-0.2822,281.826,292.326,-15.4018,1
23.6583,45.7451,-0.282191,281.698,292.198,-15.4018,1
23.6667,45.7813,-0.282182,281.57,292.07,-15.4017,1
23.675,45.8175,-0.282174,281.441,291.941,-15.4017,1
23.6833,45.8536,-0.282165,281.313,291.813,-15.4016,1
23.6917,45.8898,-0.282156,281.185,291.685,-15.4016,1
23.7,45.926,-0.282148,281.056,291.556,-15.4016,1
23.7083,45.9622,-0.282139,280.928,291.428,-15.4015,1
23.7167,45.9983,-0.28213,280.8,291.3,-15.4015,1
23.725,46.0345,-0.282122,280.671,291.171,-15.4014,1
23.7333,46.0707,-0.282113,280.543,291.043,-15.4014,1
23.7417,46.1069,-0.282104,280.415,290.915,-15.4014,1
23.75,46.143,-0.282096,280.286,290.786,-15.4013,1
23.7583,46.1792,-0.282087,280.158,290.658,-15.4013,1
23.7667,46.2154,-0.282078,280.029,290.529,-15.4013,1
23.775,46.2516,-0.28207,279.901,290.401,-15.4013,1
23.7833,46.2877,-0.282061,279.773,290.273,-15.4013,1
23.7917,46.3239,-0.282052,279.644,290.144,-15.4013,1
23.8,46.3601,-0.282044,279.516,290.016,-15.4013,1
23.8083,46.3963,-0.282035,279.388,289.888,-15.4013,1
23.8167,46.4324,-0.282026,279.259,289.759,-15.4013,1
23.825,46.4686,-0.282017,279.131,289.631,-15.4013,1
23.8333,46.5048,-0.282009,279.003,289.503,-15.4014,1
23.8417,46.541,-0.282,278.874,289.374,-15.4014,1
23.85,46.5771,-0.281991,278.746,289.246,-15.4014,1
23.8583,46.6133,-0.281983,278.618,289.118,-15.4014,1
23.8667,46.6495,-0.281974,278.489,288.989,-15.4014,1
23.875,46.6857,-0.281965,278.361,288.861,-15.4014,1
23.8833,46.7218,-0.281957,278.233,288.733,-15.4014,1
23.8917,46.758,-0.281948,278.104,288.604,-15.4014,1
23.9,46.7942,-0.281939,277.976,288.476,-15.4014,1
23.9083,46.8303,-0.281931,277.848,288.348,-15.4013,1
23.9167,46.8665,-0.281922,277.719,288.219,-15.4013,1
23.925,46.9027,-0.281913,277.591,288.091,-15.4013,1
23.9333,46.9389,-0.281905,277.463,287.963,-15.4012,1
23.9417,46.975,-0.281896,277.334,287.834,-15.4011,1
23.95,47.0112,-0.281887,277.206,287.706,-15.4011,1
23.9583,47.0474,-0.281879,277.078,287.578,-15.401,1
23.9667,47.0836,-0.28187,276.949,287.449,-15.4009,1
23.975,47.1197,-0.281861,276.821,287.321,-15.4009,1
23.9833,47.1559,-0.281853,276.693,287.193,-15.4008,1
23.9917,47.1921,-0.281844,276.564,287.064,-15.4008,1
24,47.2283,-0.281835,276.436,286.936,-15.4007,1
24.0083,47.2644,-0.281827,276.308,286.808,-15.4007,1
24.0167,47.3006,-0.281818,276.179,286.679,-15.4006,1
24.025,47.3368,-0.281809,276.051,286.551,-15.4006,1
24.0333,47.373,-0.281801,275.922,286.422,-15.4005,1
24.0417,47.4091,-0.281792,275.794,286.294,-15.4005,1
24.05,47.4453,-0.281783,275.666,286.166,-15.4004,1
24.0583,47.4815,-0.281775,275.537,286.037,-15.4004,1
24.0667,47.5177,-0.281766,275.409,285.909,-15.4004,1
24.075,47.5538,-0.281757,275.281,285.781,-15.4003,1
24.0833,47.59,-0.281749,275.152,285.652,-15.4003,1
24.0917,47.6262,-0.28174,275.024,285.524,-15.4002,1
24.1,47.6624,-0.281731,274.896,285.396,-15.4002,1
24.1083,47.6985,-0.281723,274.767,285.267,-15.4001,1
24.1167,47.7347,-0.281714,274.639,285.139,-15.4001,1
24.125,47.7709,-0.281705,274.511,285.011,-15.4001,1
24.1333,47.8071,-0.281697,274.382,284.882,-15.4,1
24.1417,47.8432,-0.281688,274.254,284.754,-15.4,1
24.15,47.8794,-0.281679,274.126,284.626,-15.3999,1
24.1583,47.9156,-0.281671,273.997,284.497,-15.3999,1
24.1667,47.9518,-0.281662,273.869,284.369,-15.3999,1
24.175,47.9879,-0.281653,273.741,284.241,-15.3999,1
24.1833,48.0241,-0.281645,273.612,284.112,-15.3999,1
24.1917,48.0603,-0.281636,273.484,283.984,-15.3999,1
24.2,48.0964,-0.281627,273.356,283.856,-15.3999,1
24.2083,48.1326,-0.281618,273.227,283.727,-15.3999,1
24.2167,48.1688,-0.28161,273.099,283.599,-15.3999,1
24.225,48.205,-0.281601,272.971,283.471,-15.3999,1
24.2333,48.2411,-0.281592,272.842,283.342,-15.3999,1
24.2417,48.2773,-0.281584,272.714,283.214,-15.3999,1
24.25,48.3135,-0.281575,272.586,283.086,-15.4,1
24.2583,48.3497,-0.281566,272.457,282.957,-15.4,1
24.2667,48.3858,-0.281558,272.329,282.829,-15.4,1
24.275,48.422,-0.281549,272.201,282.701,-15.4,1
24.2833,48.4582,-0.28154,272.072,282.572,-15.4,1
24.2917,48.4944,-0.281532,271.944,282.444,-15.4,1
24.3,48.5305,-0.281523,271.816,282.316,-15.4,1
24.3083,48.5667,-0.281514,271.687,282.187,-15.4,1
24.3167,48.6029,-0.281506,271.559,282.059,-15.3999,1
24.325,48.6391,-0.281497,271.431,281.931,-15.3999,1
24.3333,48.6752,-0.281488,271.302,281.802,-15.3999,1
24.3417,48.7114,-0.28148,271.174,281.674,-15.3998,1
24.35,48.7476,-0.281471,271.046,281.546,-15.3997,1
24.3583,48.7838,-0.281462,270.917,281.417,-15.3997,1
24.3667,48.8199,-0.281454,270.789,281.289,-15.3996,1
24.375,48.8561,-0.281445,270.661,281.161,-15.3995,1
24.3833,48.8923,-0.281436,270.532,281.032,-15.3995,1
24.3917,48.9285,-0.281428,270.404,280.904,-15.3994,1
24.4,48.9646,-0.281419,270.276,280.776,-15.3994,1
24.4083,49.0008,-0.28141,270.147,280.647,-15.3993,1
24.4167,49.037,-0.281402,270.019,280.519,-15.3993,1
24.425,49.0732,-0.281393,269.891,280.391,-15.3992,1
24.4333,49.1093,-0.281384,269.762,280.262,-15.3992,1
24.4417,49.1455,-0.281376,269.634,280.134,-15.3991,1
24.45,49.1817,-0.281367,269.506,280.006,-15.3991,1
24.4583,49.2179,-0.281358,269.378,279.878,-15.399,1
24.4667,49.254,-0.28135,269.249,279.749,-15.399,1
24.475,49.2902,-0.281341,269.121,279.621,-15.399,1
24.4833,49.3264,-0.281332,268.993,279.493,-15.3989,1
24.4917,49.3625,-0.281324,268.864,279.364,-15.3989,1
24.5,49.3987,-0.281315,268.736,279.236,-15.3988,1
24.5083,49.4349,-0.281306,268.608,279.108,-15.3988,1
24.5167,49.4711,-0.281298,268.479,278.979,-15.3987,1
24.525,49.5072,-0.281289,268.351,278.851,-15.3987,1
24.5333,49.5434,-0.28128,268.223,278.723,-15.3986,1
24.5417,49.5796,-0.281272,268.094,278.594,-15.3986,1
24.55,49.6158,-0.281263,267.966,278.466,-15.3985,1
24.5583,49.6519,-0.281254,267.838,278.338,-15.3985,1
24.5667,49.6881,-0.281246,267.709,278.209,-15.3985,1
24.575,49.7243,-0.281237,267.581,278.081,-15.3985,1
24.5833,49.7605,-0.281228,267.453,277.953,-15.3985,1
24.5917,49.7966,-0.28122,267.324,277.824,-15.3985,1
24.6,49.8328,-0.281211,267.196,277.696,-15.3985,1
24.6083,49.869,-0.281202,267.068,277.568,-15.3985,1
24.6167,49.9052,-0.281194,266.939,277.439,-15.3985,1
24.625,49.9413,-0.281185,266.811,277.311,-15.3985,1
24.6333,49.9775,-0.281176,266.683,277.183,-15.3985,1
24.6417,50.0137,-0.281168,266.554,277.054,-15.3985,1
24.65,50.0499,-0.281159,266.426,276.926,-15.3985,1
24.6583,50.086,-0.28115,266.298,276.798,-15.3985,1
24.6667,50.1222,-0.281142,266.169,276.669,-15.3986,1
24.675,50.1584,-0.281133,266.041,276.541,-15.3986,1
24.6833,50.1946,-0.281124,265.913,276.413,-15.3986,1
24.6917,50.2307,-0.281116,265.784,276.284,-15.3986,1
24.7,50.2669,-0.281107,265.656,276.156,-15.3986,1
24.7083,50.3031,-0.281098,265.528,276.028,-15.3986,1
24.7167,50.3393,-0.281089,265.4,275.9,-15.3986,1
24.725,50.3754,-0.281081,265.271,275.771,-15.3985,1
24.7333,50.4116,-0.281072,265.143,275.643,-15.3985,1
24.7417,50.4478,-0.281063,265.015,275.515,-15.3984,1
24.75,50.484,-0.281055,264.886,275.386,-15.3984,1
24.7583,50.5201,-0.281046,264.758,275.258,-15.3983,1
24.7667,50.5563,-0.281037,264.63,275.13,-15.3982,1
24.775,50.5925,-0.281029,264.501,275.001,-15.3982,1
24.7833,50.6287,-0.28102,264.373,274.873,-15.3981,1
24.7917,50.6648,-0.281011,264.245,274.745,-15.3981,1
24.8,50.701,-0.281003,264.116,274.616,-15.398,1
24.8083,50.7372,-0.280994,263.988,274.488,-15.3979,1
24.8167,50.7733,-0.280985,263.86,274.36,-15.3979,1
24.825,50.8095,-0.280977,263.731,274.231,-15.3978,1
24.8333,50.8457,-0.280968,263.603,274.103,-15.3978,1
24.8417,50.8819,-0.280959,263.475,273.975,-15.3978,1
24.85,50.918,-0.280951,263.346,273.846,-15.3977,1
24.8583,50.9542,-0.280942,263.218,273.718,-15.3977,1
24.8667,50.9904,-0.280933,263.09,273.59,-15.3976,1
24.875,51.0266,-0.280925,262.961,273.461,-15.3976,1
24.8833,51.0627,-0.280916,262.833,273.333,-15.3975,1
24.8917,51.0989,-0.280907,262.705,273.205,-15.3975,1
24.9,51.1351,-0.280899,262.577,273.077,-15.3975,1
24.9083,51.1713,-0.28089,262.448,272.948,-15.3974,1
24.9167,51.2074,-0.280881,262.32,272.82,-15.3974,1
24.925,51.2436,-0.280873,262.192,272.692,-15.3973,1
24.9333,51.2798,-0.280864,262.063,272.563,-15.3973,1
24.9417,51.316,-0.280855,261.935,272.435,-15.3972,1
24.95,51.3521,-0.280847,261.807,272.307,-15.3972,1
24.9583,51.3883,-0.280838,261.678,272.178,-15.3971,1
24.9667,51.4245,-0.280829,261.55,272.05,-15.3971,1
24.975,51.4607,-0.280821,261.422,271.922,-15.3971,1
24.9833,51.4968,-0.280812,261.293,271.793,-15.3971,1
24.9917,51.533,-0.280803,261.165,271.665,-15.397,1
25,51.5692,-0.280795,261.037,271.537,-15.397,1
25.0083,51.6054,-0.280786,260.908,271.408,-15.397,1
25.0167,51.6415,-0.280777,260.78,271.28,-15.3971,1
25.025,51.6777,-0.280769,260.652,271.152,-15.3971,1
25.0333,51.7139,-0.28076,260.524,271.024,-15.3971,1
25.0417,51.7501,-0.280751,260.395,270.895,-15.3971,1
25.05,51.7862,-0.280743,260.267,270.767,-15.3971,1
25.0583,51.8224,-0.280734,260.139,270.639,-15.3971,1
25.0667,51.8586,-0.280725,260.01,270.51,-15.3971,1
25.075,51.8948,-0.280717,259.882,270.382,-15.3972,1
25.0833,51.9309,-0.280708,259.754,270.254,-15.3972,1
25.0917,51.9671,-0.280699,259.625,270.125,-15.3972,1
25.1,52.0033,-0.280691,259.497,269.997,-15.3972,1
25.1083,52.0395,-0.280682,259.369,269.869,-15.3972,1
25.1167,52.0756,-0.280673,259.24,269.74,-15.3972,1
25.125,52.1118,-0.280665,259.112,269.612,-15.3972,1
25.1333,52.148,-0.280656,258.984,269.484,-15.3971,1
25.1417,52.1842,-0.280647,258.856,269.356,-15.3971,1
25.15,52.2203,-0.280639,258.727,269.227,-15.397,1
25.1583,52.2565,-0.28063,258.599,269.099,-15.397,1
25.1667,52.2927,-0.280621,258.471,268.971,-15.3969,1
25.175,52.3288,-0.280613,258.342,268.842,-15.3968,1
25.1833,52.365,-0.280604,258.214,268.714,-15.3968,1
25.1917,52.4012,-0.280595,258.086,268.586,-15.3967,1
25.2,52.4374,-0.280587,257.957,268.457,-15.3966,1
25.2083,52.4735,-0.280578,257.829,268.329,-15.3966,1
25.2167,52.5097,-0.280569,257.701,268.201,-15.3965,1
25.225,52.5459,-0.280561,257.572,268.072,-15.3965,1
25.2333,52.5821,-0.280552,257.444,267.944,-15.3964,1
25.2417,52.6182,-0.280543,257.316,267.816,-15.3964,1
25.25,52.6544,-0.280535,257.188,267.688,-15.3963,1
25.2583,52.6906,-0.280526,257.059,267.559,-15.3963,1
25.2667,52.7268,-0.280517,256.931,267.431,-15.3963,1
25.275,52.7629,-0.280509,256.803,267.303,-15.3962,1
25.2833,52.7991,-0.2805,256.674,267.174,-15.3962,1
25.2917,52.8353,-0.280491,256.546,267.046,-15.3961,1
25.3,52.8715,-0.280483,256.418,266.918,-15.3961,1
25.3083,52.9076,-0.280474,256.289,266.789,-15.396,1
25.3167,52.9438,-0.280465,256.161,266.661,-15.396,1
25.325,52.98,-0.280457,256.033,266.533,-15.3959,1
25.3333,53.0162,-0.280448,255.905,266.405,-15.3959,1
25.3417,53.0523,-0.280439,255.776,266.276,-15.3958,1
25.35,53.0885,-0.280431,255.648,266.148,-15.3958,1
25.3583,53.1247,-0.280422,255.52,266.02,-15.3958,1
25.3667,53.1609,-0.280413,255.391,265.891,-15.3957,1
25.375,53.197,-0.280405,255.263,265.763,-15.3957,1
25.3833,53.2332,-0.280396,255.135,265.635,-15.3957,1
25.3917,53.2694,-0.280387,255.006,265.506,-15.3956,1
25.4,53.3056,-0.280379,254.878,265.378,-15.3956,1
25.4083,53.3417,-0.28037,254.75,265.25,-15.3956,1
25.4167,53.3779,-0.280361,254.622,265.122,-15.3956,1
25.425,53.4141,-0.280353,254.493,264.993,-15.3957,1
25.4333,53.4503,-0.280344,254.365,264.865,-15.3957,1
25.4417,53.4864,-0.280335,254.237,264.737,-15.3957,1
25.45,53.5226,-0.280327,254.108,264.608,-15.3957,1
25.4583,53.5588,-0.280318,253.98,264.48,-15.3957,1
25.4667,53.595,-0.280309,253.852,264.352,-15.3957,1
25.475,53.6311,-0.280301,253.723,264.223,-15.3957,1
25.4833,53.6673,-0.280292,253.595,264.095,-15.3958,1
25.4917,53.7035,-0.280283,253.467,263.967,-15.3958,1
25.5,53.7397,-0.280275,253.339,263.839,-15.3958,1
25.5083,53.7758,-0.280266,253.21,263.71,-15.3958,1
25.5167,53.812,-0.280257,253.082,263.582,-15.3958,1
25.525,53.8482,-0.280249,252.954,263.454,-15.3958,1
25.5333,53.8843,-0.28024,252.825,263.325,-15.3958,1
25.5417,53.9205,-0.280231,252.697,263.197,-15.3957,1
25.55,53.9567,-0.280223,252.569,263.069,-15.3957,1
25.5583,53.9929,-0.280214,252.44,262.94,-15.3956,1
25.5667,54.029,-0.280205,252.312,262.812,-15.3956,1
25.575,54.0652,-0.280197,252.184,262.684,-15.3955,1
25.5833,54.1014,-0.280188,252.056,262.556,-15.3954,1
25.5917,54.1376,-0.280179,251.927,262.427,-15.3954,1
25.6,54.1737,-0.280171,251.799,262.299,-15.3953,1
25.6083,54.2099,-0.280162,251.671,262.171,-15.3952,1
25.6167,54.2461,-0.280153,251.542,262.042,-15.3952,1
25.625,54.2823,-0.280145,251.414,261.914,-15.3951,1
25.6333,54.3184,-0.280136,251.286,261.786,-15.3951,1
25.6417,54.3546,-0.280127,251.158,261.658,-15.395,1
25.65,54.3908,-0.280118,251.029,261.529,-15.395,1
25.6583,54.427,-0.28011,250.901,261.401,-15.3949,1
25.6667,54.4631,-0.280101,250.773,261.273,-15.3949,1
25.675,54.4993,-0.280092,250.644,261.144,-15.3949,1
25.6833,54.5355,-0.280084,250.516,261.016,-15.3948,1
25.6917,54.5717,-0.280075,250.388,260.888,-15.3948,1
25.7,54.6078,-0.280066,250.259,260.759,-15.3947,1
25.7083,54.644,-0.280058,250.131,260.631,-15.3947,1
25.7167,54.6802,-0.280049,250.003,260.503,-15.3946,1
25.725,54.7164,-0.28004,249.875,260.375,-15.3946,1
25.7333,54.7525,-0.280032,249.746,260.246,-15.3945,1
25.7417,54.7887,-0.280023,249.618,260.118,-15.3945,1
25.75,54.8249,-0.280014,249.49,259.99,-15.3944,1
25.7583,54.8611,-0.280006,249.361,259.861,-15.3944,1
25.7667,54.8972,-0.279997,249.233,259.733,-15.3943,1
25.775,54.9334,-0.279988,249.105,259.605,-15.3943,1
25.7833,54.9696,-0.27998,248.977,259.477,-15.3943,1
25.7917,55.0058,-0.279971,248.848,259.348,-15.3943,1
25.8,55.0419,-0.279962,248.72,259.22,-15.3942,1
25.8083,55.0781,-0.279954,248.592,259.092,-15.3942,1
25.8167,55.1143,-0.279945,248.463,258.963,-15.3942,1
25.825,55.1505,-0.279936,248.335,258.835,-15.3943,1
25.8333,55.1866,-0.279928,248.207,258.707,-15.3943,1
25.8417,55.2228,-0.279919,248.079,258.579,-15.3943,1
25.85,55.259,-0.27991,247.95,258.45,-15.3943,1
25.8583,55.2952,-0.279902,247.822,258.322,-15.3943,1
25.8667,55.3313,-0.279893,247.694,258.194,-15.3943,1
25.875,55.3675,-0.279884,247.565,258.065,-15.3943,1
25.8833,55.4037,-0.279876,247.437,257.937,-15.3944,1
25.8917,55.4399,-0.279867,247.309,257.809,-15.3944,1
25.9,55.476,-0.279858,247.181,257.681,-15.3944,1
25.9083,55.5122,-0.27985,247.052,257.552,-15.3944,1
25.9167,55.5484,-0.279841,246.924,257.424,-15.3944,1
25.925,55.5846,-0.279832,246.796,257.296,-15.3944,1
25.9333,55.6207,-0.279824,246.667,257.167,-15.3944,1
25.9417,55.6569,-0.279815,246.539,257.039,-15.3944,1
25.95,55.6931,-0.279806,246.411,256.911,-15.3943,1
25.9583,55.7292,-0.279798,246.283,256.783,-15.3943,1
25.9667,55.7654,-0.279789,246.154,256.654,-15.3942,1
25.975,55.8016,-0.27978,246.026,256.526,-15.3942,1
25.9833,55.8378,-0.279772,245.898,256.398,-15.3941,1
25.9917,55.8739,-0.279763,245.769,256.269,-15.394,1
26,55.9101,-0.279754,245.641,256.141,-15.3939,1
26.0083,55.9463,-0.279746,245.513,256.013,-15.3939,1
26.0167,55.9825,-0.279737,245.385,255.885,-15.3938,1
26.025,56.0186,-0.279728,245.256,255.756,-15.3938,1
26.0333,56.0548,-0.27972,245.128,255.628,-15.3937,1
26.0417,56.091,-0.279711,245,255.5,-15.3937,1
26.05,56.1272,-0.279702,244.871,255.371,-15.3936,1
26.0583,56.1633,-0.279694,244.743,255.243,-15.3936,1
26.0667,56.1995,-0.279685,244.615,255.115,-15.3935,1
26.075,56.2357,-0.279676,244.487,254.987,-15.3935,1
26.0833,56.2719,-0.279668,244.358,254.858,-15.3934,1
26.0917,56.308,-0.279659,244.23,254.73,-15.3934,1
26.1,56.3442,-0.27965,244.102,254.602,-15.3934,1
26.1083,56.3804,-0.279642,243.974,254.474,-15.3933,1
26.1167,56.4166,-0.279633,243.845,254.345,-15.3933,1
26.125,56.4527,-0.279624,243.717,254.217,-15.3932,1
26.1333,56.4889,-0.279616,243.589,254.089,-15.3932,1
26.1417,56.5251,-0.279607,243.46,253.96,-15.3931,1
26.15,56.5613,-0.279598,243.332,253.832,-15.3931,1
26.1583,56.5974,-0.27959,243.204,253.704,-15.393,1
26.1667,56.6336,-0.279581,243.076,253.576,-15.393,1
26.175,56.6698,-0.279572,242.947,253.447,-15.3929,1
26.1833,56.706,-0.279564,242.819,253.319,-15.3929,1
26.1917,56.7421,-0.279555,242.691,253.191,-15.3929,1
26.2,56.7783,-0.279546,242.562,253.062,-15.3929,1
26.2083,56.8145,-0.279538,242.434,252.934,-15.3929,1
26.2167,56.8507,-0.279529,242.306,252.806,-15.3929,1
26.225,56.8868,-0.27952,242.178,252.678,-15.3929,1
26.2333,56.923,-0.279512,242.049,252.549,-15.3929,1
26.2417,56.9592,-0.279503,241.921,252.421,-15.3929,1
26.25,56.9954,-0.279494,241.793,252.293,-15.3929,1
26.2583,57.0315,-0.279486,241.665,252.165,-15.3929,1
26.2667,57.0677,-0.279477,241.536,252.036,-15.3929,1
26.275,57.1039,-0.279468,241.408,251.908,-15.393,1
26.2833,57.1401,-0.27946,241.28,251.78,-15.393,1
26.2917,57.1762,-0.279451,241.151,251.651,-15.393,1
26.3,57.2124,-0.279442,241.023,251.523,-15.393,1
26.3083,57.2486,-0.279434,240.895,251.395,-15.393,1
26.3167,57.2848,-0.279425,240.767,251.267,-15.393,1
26.325,57.3209,-0.279416,240.638,251.138,-15.393,1
26.3333,57.3571,-0.279408,240.51,251.01,-15.393,1
26.3417,57.3933,-0.279399,240.382,250.882,-15.393,1
26.35,57.4295,-0.27939,240.254,250.754,-15.393,1
26.3583,57.4656,-0.279382,240.125,250.625,-15.3929,1
26.3667,57.5018,-0.279373,239.997,250.497,-15.3929,1
26.375,57.538,-0.279364,239.869,250.369,-15.3928,1
26.3833,57.5742,-0.279356,239.74,250.24,-15.3927,1
26.3917,57.6103,-0.279347,239.612,250.112,-15.3927,1
26.4,57.6465,-0.279338,239.484,249.984,-15.3926,1
26.4083,57.6827,-0.27933,239.356,249.856,-15.3925,1
26.4167,57.7188,-0.279321,239.227,249.727,-15.3925,1
26.425,57.755,-0.279312,239.099,249.599,-15.3924,1
26.4333,57.7912,-0.279304,238.971,249.471,-15.3924,1
26.4417,57.8274,-0.279295,238.843,249.343,-15.3923,1
26.45,57.8635,-0.279287,238.714,249.214,-15.3923,1
26.4583,57.8997,-0.279278,238.586,249.086,-15.3922,1
26.4667,57.9359,-0.279269,238.458,248.958,-15.3922,1
26.475,57.9721,-0.279261,238.329,248.829,-15.3921,1
26.4833,58.0082,-0.279252,238.201,248.701,-15.3921,1
26.4917,58.0444,-0.279243,238.073,248.573,-15.392,1
26.5,58.0806,-0.279235,237.945,248.445,-15.392,1
26.5083,58.1168,-0.279226,237.816,248.316,-15.3919,1
26.5167,58.1529,-0.279217,237.688,248.188,-15.3919,1
26.525,58.1891,-0.279209,237.56,248.06,-15.3918,1
26.5333,58.2253,-0.2792,237.432,247.932,-15.3918,1
26.5417,58.2615,-0.279191,237.303,247.803,-15.3917,1
26.55,58.2976,-0.279183,237.175,247.675,-15.3917,1
26.5583,58.3338,-0.279174,237.047,247.547,-15.3916,1
26.5667,58.37,-0.279165,236.919,247.419,-15.3916,1
26.575,58.4062,-0.279157,236.79,247.29,-15.3915,1
26.5833,58.4423,-0.279148,236.662,247.162,-15.3915,1
26.5917,58.4785,-0.279139,236.534,247.034,-15.3915,1
26.6,58.5147,-0.279131,236.405,246.905,-15.3915,1
26.6083,58.5509,-0.279122,236.277,246.777,-15.3915,1
26.6167,58.587,-0.279113,236.149,246.649,-15.3915,1
26.625,58.6232,-0.279105,236.021,246.521,-15.3915,1
26.6333,58.6594,-0.279096,235.892,246.392,-15.3915,1
26.6417,58.6956,-0.279087,235.764,246.264,-15.3915,1
26.65,58.7317,-0.279079,235.636,246.136,-15.3915,1
26.6583,58.7679,-0.27907,235.508,246.008,-15.3915,1
26.6667,58.8041,-0.279061,235.379,245.879,-15.3916,1
26.675,58.8403,-0.279053,235.251,245.751,-15.3916,1
26.6833,58.8764,-0.279044,235.123,245.623,-15.3916,1
26.6917,58.9126,-0.279035,234.995,245.495,-15.3916,1
26.7,58.9488,-0.279027,234.866,245.366,-15.3916,1
26.7083,58.985,-0.279018,234.738,245.238,-15.3916,1
26.7167,59.0211,-0.279009,234.61,245.11,-15.3916,1
26.725,59.0573,-0.279001,234.482,244.982,-15.3916,1
26.7333,59.0935,-0.278992,234.353,244.853,-15.3916,1
26.7417,59.1297,-0.278983,234.225,244.725,-15.3916,1
26.75,59.1658,-0.278975,234.097,244.597,-15.3916,1
26.7583,59.202,-0.278966,233.968,244.468,-15.3916,1
26.7667,59.2382,-0.278957,233.84,244.34,-15.3915,1
26.775,59.2744,-0.278949,233.712,244.212,-15.3915,1
26.7833,59.3105,-0.27894,233.584,244.084,-15.3914,1
26.7917,59.3467,-0.278931,233.455,243.955,-15.3913,1
26.8,59.3829,-0.278923,233.327,243.827,-15.3912,1
26.8083,59.4191,-0.278914,233.199,243.699,-15.3912,1
26.8167,59.4552,-0.278905,233.071,243.571,-15.3911,1
26.825,59.4914,-0.278897,232.942,243.442,-15.3911,1
26.8333,59.5276,-0.278888,232.814,243.314,-15.391,1
26.8417,59.5638,-0.278879,232.686,243.186,-15.3909,1
26.85,59.5999,-0.278871,232.558,243.058,-15.3909,1
26.8583,59.6361,-0.278862,232.429,242.929,-15.3908,1
26.8667,59.6723,-0.278853,232.301,242.801,-15.3908,1
26.875,59.7085,-0.278845,232.173,242.673,-15.3908,1
26.8833,59.7446,-0.278836,232.045,242.545,-15.3907,1
26.8917,59.7808,-0.278827,231.916,242.416,-15.3907,1
26.9,59.817,-0.278819,231.788,242.288,-15.3906,1
26.9083,59.8532,-0.27881,231.66,242.16,-15.3906,1
26.9167,59.8893,-0.278801,231.532,242.032,-15.3905,1
26.925,59.9255,-0.278793,231.403,241.903,-15.3905,1
26.9333,59.9617,-0.278784,231.275,241.775,-15.3904,1
26.9417,59.9978,-0.278775,231.147,241.647,-15.3904,1
26.95,60.034,-0.278767,231.019,241.519,-15.3903,1
26.9583,60.0702,-0.278758,230.89,241.39,-15.3903,1
26.9667,60.1064,-0.278749,230.762,241.262,-15.3902,1
26.975,60.1425,-0.278741,230.634,241.134,-15.3902,1
26.9833,60.1787,-0.278732,230.506,241.006,-15.3901,1
26.9917,60.2149,-0.278723,230.377,240.877,-15.3901,1
27,60.2511,-0.278715,230.249,240.749,-15.3901,1
27.0083,60.2872,-0.278706,230.121,240.621,-15.3901,1
27.0167,60.3234,-0.278697,229.993,240.493,-15.3901,1
27.025,60.3596,-0.278689,229.864,240.364,-15.3901,1
27.0333,60.3958,-0.27868,229.736,240.236,-15.3901,1
27.0417,60.4319,-0.278671,229.608,240.108,-15.3901,1
27.05,60.4681,-0.278663,229.479,239.979,-15.3901,1
27.0583,60.5043,-0.278654,229.351,239.851,-15.3902,1
27.0667,60.5405,-0.278645,229.223,239.723,-15.3902,1
27.075,60.5766,-0.278637,229.095,239.595,-15.3902,1
27.0833,60.6128,-0.278628,228.966,239.466,-15.3902,1
27.0917,60.649,-0.278619,228.838,239.338,-15.3902,1
27.1,60.6852,-0.278611,228.71,239.21,-15.3902,1
27.1083,60.7213,-0.278602,228.582,239.082,-15.3902,1
27.1167,60.7575,-0.278593,228.453,238.953,-15.3903,1
27.125,60.7937,-0.278585,228.325,238.825,-15.3903,1
27.1333,60.8299,-0.278576,228.197,238.697,-15.3903,1
27.1417,60.866,-0.278567,228.069,238.569,-15.3902,1
27.15,60.9022,-0.278559,227.94,238.44,-15.3902,1
27.1583,60.9384,-0.27855,227.812,238.312,-15.3902,1
27.1667,60.9746,-0.278541,227.684,238.184,-15.3902,1
27.175,61.0107,-0.278533,227.556,238.056,-15.3901,1
27.1833,61.0469,-0.278524,227.427,237.927,-15.39,1
27.1917,61.0831,-0.278515,227.299,237.799,-15.39,1
27.2,61.1193,-0.278507,227.171,237.671,-15.3899,1
27.2083,61.1554,-0.278498,227.043,237.543,-15.3898,1
27.2167,61.1916,-0.278489,226.914,237.414,-15.3898,1
27.225,61.2278,-0.278481,226.786,237.286,-15.3897,1
27.2333,61.264,-0.278472,226.658,237.158,-15.3896,1
27.2417,61.3001,-0.278463,226.53,237.03,-15.3896,1
27.25,61.3363,-0.278455,226.401,236.901,-15.3895,1
27.2583,61.3725,-0.278446,226.273,236.773,-15.3895,1
27.2667,61.4087,-0.278437,226.145,236.645,-15.3894,1
27.275,61.4448,-0.278429,226.017,236.517,-15.3894,1
27.2833,61.481,-0.27842,225.888,236.388,-15.3894,1
27.2917,61.5172,-0.278411,225.76,236.26,-15.3893,1
27.3,61.5534,-0.278403,225.632,236.132,-15.3893,1
27.3083,61.5895,-0.278394,225.504,236.004,-15.3892,1
27.3167,61.6257,-0.278385,225.376,235.876,-15.3892,1
27.325,61.6619,-0.278377,225.247,235.747,-15.3891,1
27.3333,61.6981,-0.278368,225.119,235.619,-15.3891,1
27.3417,61.7342,-0.278359,224.991,235.491,-15.389,1
27.35,61.7704,-0.278351,224.863,235.363,-15.389,1
27.3583,61.8066,-0.278342,224.734,235.234,-15.3889,1
27.3667,61.8428,-0.278334,224.606,235.106,-15.3888,1
27.375,61.8789,-0.278325,224.478,234.978,-15.3888,1
27.3833,61.9151,-0.278316,224.35,234.85,-15.3888,1
27.3917,61.9513,-0.278308,224.221,234.721,-15.3887,1
27.4,61.9875,-0.278299,224.093,234.593,-15.3887,1
27.4083,62.0236,-0.27829,223.965,234.465,-15.3887,1
27.4167,62.0598,-0.278282,223.837,234.337,-15.3887,1
27.425,62.096,-0.278273,223.708,234.208,-15.3887,1
27.4333,62.1322,-0.278264,223.58,234.08,-15.3888,1
27.4417,62.1683,-0.278256,223.452,233.952,-15.3888,1
27.45,62.2045,-0.278247,223.324,233.824,-15.3888,1
27.4583,62.2407,-0.278238,223.195,233.695,-15.3888,1
27.4667,62.2769,-0.27823,223.067,233.567,-15.3888,1
27.475,62.313,-0.278221,222.939,233.439,-15.3888,1
27.4833,62.3492,-0.278212,222.811,233.311,-15.3888,1
27.4917,62.3854,-0.278204,222.682,233.182,-15.3889,1
27.5,62.4216,-0.278195,222.554,233.054,-15.3889,1
27.5083,62.4577,-0.278186,222.426,232.926,-15.3889,1
27.5167,62.4939,-0.278178,222.298,232.798,-15.3889,1
27.525,62.5301,-0.278169,222.169,232.669,-15.3889,1
27.5333,62.5663,-0.27816,222.041,232.541,-15.3889,1
27.5417,62.6024,-0.278152,221.913,232.413,-15.3889,1
27.55,62.6386,-0.278143,221.785,232.285,-15.3889,1
27.5583,62.6748,-0.278134,221.657,232.157,-15.3889,1
27.5667,62.7109,-0.278126,221.528,232.028,-15.3888,1
27.575,62.7471,-0.278117,221.4,231.9,-15.3888,1
27.5833,62.7833,-0.278108,221.272,231.772,-15.3887,1
27.5917,62.8195,-0.2781,221.144,231.644,-15.3886,1
27.6,62.8556,-0.278091,221.015,231.515,-15.3885,1
27.6083,62.8918,-0.278082,220.887,231.387,-15.3885,1
27.6167,62.928,-0.278074,220.759,231.259,-15.3884,1
27.625,62.9642,-0.278065,220.631,231.131,-15.3883,1
27.6333,63.0003,-0.278056,220.502,231.002,-15.3883,1
27.6417,63.0365,-0.278048,220.374,230.874,-15.3882,1
27.65,63.0727,-0.278039,220.246,230.746,-15.3882,1
27.6583,63.1089,-0.27803,220.118,230.618,-15.3881,1
27.6667,63.145,-0.278022,219.989,230.489,-15.3881,1
27.675,63.1812,-0.278013,219.861,230.361,-15.388,1
27.6833,63.2174,-0.278004,219.733,230.233,-15.388,1
27.6917,63.2536,-0.277996,219.605,230.105,-15.3879,1
27.7,63.2897,-0.277987,219.476,229.976,-15.3879,1
27.7083,63.3259,-0.277978,219.348,229.848,-15.3878,1
27.7167,63.3621,-0.27797,219.22,229.72,-15.3878,1
27.725,63.3983,-0.277961,219.092,229.592,-15.3877,1
27.7333,63.4344,-0.277952,218.964,229.464,-15.3877,1
27.7417,63.4706,-0.277944,218.835,229.335,-15.3876,1
27.75,63.5068,-0.277935,218.707,229.207,-15.3876,1
27.7583,63.543,-0.277926,218.579,229.079,-15.3875,1
27.7667,63.5791,-0.277918,218.451,228.951,-15.3875,1
27.775,63.6153,-0.277909,218.322,228.822,-15.3874,1
27.7833,63.6515,-0.2779,218.194,228.694,-15.3874,1
27.7917,63.6877,-0.277892,218.066,228.566,-15.3874,1
27.8,63.7238,-0.277883,217.938,228.438,-15.3874,1
27.8083,63.76,-0.277874,217.809,228.309,-15.3874,1
27.8167,63.7962,-0.277866,217.681,228.181,-15.3874,1
27.825,63.8324,-0.277857,217.553,228.053,-15.3874,1
27.8333,63.8685,-0.277848,217.425,227.925,-15.3874,1
27.8417,63.9047,-0.27784,217.297,227.797,-15.3874,1
27.85,63.9409,-0.277831,217.168,227.668,-15.3874,1
27.8583,63.9771,-0.277823,217.04,227.54,-15.3874,1
27.8667,64.0132,-0.277814,216.912,227.412,-15.3875,1
27.875,64.0494,-0.277805,216.784,227.284,-15.3875,1
27.8833,64.0856,-0.277797,216.655,227.155,-15.3875,1
27.8917,64.1218,-0.277788,216.527,227.027,-15.3875,1
27.9,64.1579,-0.277779,216.399,226.899,-15.3875,1
27.9083,64.1941,-0.277771,216.271,226.771,-15.3875,1
27.9167,64.2303,-0.277762,216.143,226.643,-15.3875,1
27.925,64.2665,-0.277753,216.014,226.514,-15.3875,1
27.9333,64.3026,-0.277745,215.886,226.386,-15.3875,1
27.9417,64.3388,-0.277736,215.758,226.258,-15.3875,1
27.95,64.375,-0.277727,215.63,226.13,-15.3875,1
27.9583,64.4112,-0.277719,215.501,226.001,-15.3875,1
27.9667,64.4473,-0.27771,215.373,225.873,-15.3875,1
27.975,64.4835,-0.277701,215.245,225.745,-15.3874,1
27.9833,64.5197,-0.277693,215.117,225.617,-15.3873,1
27.9917,64.5559,-0.277684,214.988,225.488,-15.3873,1
28,64.592,-0.277675,214.86,225.36,-15.3872,1
28.0083,64.6282,-0.277667,214.732,225.232,-15.3871,1
28.0167,64.6644,-0.277658,214.604,225.104,-15.387,1
28.025,64.7006,-0.277649,214.476,224.976,-15.387,1
28.0333,64.7367,-0.277641,214.347,224.847,-15.3869,1
28.0417,64.7729,-0.277632,214.219,224.719,-15.3869,1
28.05,64.8091,-0.277623,214.091,224.591,-15.3868,1
28.0583,64.8453,-0.277615,213.963,224.463,-15.3868,1
28.0667,64.8814,-0.277606,213.834,224.334,-15.3867,1
28.075,64.9176,-0.277597,213.706,224.206,-15.3867,1
28.0833,64.9538,-0.277589,213.578,224.078,-15.3866,1
28.0917,64.99,-0.27758,213.45,223.95,-15.3866,1
28.1,65.0261,-0.277571,213.322,223.822,-15.3865,1
28.1083,65.0623,-0.277563,213.193,223.693,-15.3865,1
28.1167,65.0985,-0.277554,213.065,223.565,-15.3864,1
28.125,65.1347,-0.277545,212.937,223.437,-15.3864,1
28.1333,65.1708,-0.277537,212.809,223.309,-15.3863,1
28.1417,65.207,-0.277528,212.68,223.18,-15.3863,1
28.15,65.2432,-0.277519,212.552,223.052,-15.3862,1
28.1583,65.2794,-0.277511,212.424,222.924,-15.3862,1
28.1667,65.3155,-0.277502,212.296,222.796,-15.3861,1
28.175,65.3517,-0.277493,212.168,222.668,-15.386,1
28.1833,65.3879,-0.277485,212.039,222.539,-15.386,1
28.1917,65.4241,-0.277476,211.911,222.411,-15.386,1
28.2,65.4602,-0.277467,211.783,222.283,-15.386,1
28.2083,65.4964,-0.277459,211.655,222.155,-15.386,1
28.2167,65.5326,-0.27745,211.526,222.026,-15.386,1
28.225,65.5688,-0.277441,211.398,221.898,-15.386,1
28.2333,65.6049,-0.277433,211.27,221.77,-15.386,1
28.2417,65.6411,-0.277424,211.142,221.642,-15.3861,1
28.25,65.6773,-0.277416,211.014,221.514,-15.3861,1
28.2583,65.7135,-0.277407,210.885,221.385,-15.3861,1
28.2667,65.7496,-0.277398,210.757,221.257,-15.3861,1
28.275,65.7858,-0.27739,210.629,221.129,-15.3861,1
28.2833,65.822,-0.277381,210.501,221.001,-15.3861,1
28.2917,65.8582,-0.277372,210.373,220.873,-15.3861,1
28.3,65.8943,-0.277364,210.244,220.744,-15.3861,1
28.3083,65.9305,-0.277355,210.116,220.616,-15.3862,1
28.3167,65.9667,-0.277346,209.988,220.488,-15.3862,1
28.325,66.0029,-0.277338,209.86,220.36,-15.3862,1
28.3333,66.039,-0.277329,209.731,220.231,-15.3861,1
28.3417,66.0752,-0.27732,209.603,220.103,-15.3861,1
28.35,66.1114,-0.277312,209.475,219.975,-15.3861,1
28.3583,66.1476,-0.277303,209.347,219.847,-15.3861,1
28.3667,66.1837,-0.277294,209.219,219.719,-15.3861,1
28.375,66.2199,-0.277286,209.09,219.59,-15.3861,1
28.3833,66.2561,-0.277277,208.962,219.462,-15.386,1
28.3917,66.2923,-0.277268,208.834,219.334,-15.3859,1
28.4,66.3284,-0.27726,208.706,219.206,-15.3858,1
28.4083,66.3646,-0.277251,208.577,219.077,-15.3858,1
28.4167,66.4008,-0.277242,208.449,218.949,-15.3857,1
28.425,66.437,-0.277234,208.321,218.821,-15.3856,1
28.4333,66.4731,-0.277225,208.193,218.693,-15.3856,1
28.4417,66.5093,-0.277216,208.065,218.565,-15.3855,1
28.45,66.5455,-0.277208,207.936,218.436,-15.3855,1
28.4583,66.5816,-0.277199,207.808,218.308,-15.3854,1
28.4667,66.6178,-0.27719,207.68,218.18,-15.3854,1
28.475,66.654,-0.277182,207.552,218.052,-15.3853,1
28.4833,66.6902,-0.277173,207.424,217.924,-15.3853,1
28.4917,66.7263,-0.277164,207.295,217.795,-15.3852,1
28.5,66.7625,-0.277156,207.167,217.667,-15.3852,1
28.5083,66.7987,-0.277147,207.039,217.539,-15.3851,1
28.5167,66.8349,-0.277138,206.911,217.411,-15.3851,1
28.525,66.871,-0.27713,206.782,217.282,-15.385,1
28.5333,66.9072,-0.277121,206.654,217.154,-15.385,1
28.5417,66.9434,-0.277112,206.526,217.026,-15.3849,1
28.55,66.9796,-0.277104,206.398,216.898,-15.3848,1
28.5583,67.0157,-0.277095,206.27,216.77,-15.3848,1
28.5667,67.0519,-0.277087,206.141,216.641,-15.3847,1
28.575,67.0881,-0.277078,206.013,216.513,-15.3847,1
28.5833,67.1243,-0.277069,205.885,216.385,-15.3847,1
28.5917,67.1604,-0.277061,205.757,216.257,-15.3847,1
28.6,67.1966,-0.277052,205.629,216.129,-15.3847,1
28.6083,67.2328,-0.277043,205.5,216,-15.3847,1
28.6167,67.269,-0.277035,205.372,215.872,-15.3847,1
28.625,67.3051,-0.277026,205.244,215.744,-15.3847,1
28.6333,67.3413,-0.277017,205.116,215.616,-15.3847,1
28.6417,67.3775,-0.277009,204.988,215.488,-15.3847,1
28.65,67.4137,-0.277,204.859,215.359,-15.3847,1
28.6583,67.4498,-0.276991,204.731,215.231,-15.3847,1
28.6667,67.486,-0.276983,204.603,215.103,-15.3848,1
28.675,67.5222,-0.276974,204.475,214.975,-15.3848,1
28.6833,67.5584,-0.276965,204.347,214.847,-15.3848,1
28.6917,67.5945,-0.276957,204.218,214.718,-15.3848,1
28.7,67.6307,-0.276948,204.09,214.59,-15.3848,1
28.7083,67.6669,-0.276939,203.962,214.462,-15.3848,1
28.7167,67.7031,-0.276931,203.834,214.334,-15.3848,1
28.725,67.7392,-0.276922,203.706,214.206,-15.3848,1
28.7333,67.7754,-0.276913,203.577,214.077,-15.3848,1
28.7417,67.8116,-0.276905,203.449,213.949,-15.3848,1
28.75,67.8478,-0.276896,203.321,213.821,-15.3848,1
28.7583,67.8839,-0.276887,203.193,213.693,-15.3847,1
28.7667,67.9201,-0.276879,203.064,213.564,-15.3847,1
28.775,67.9563,-0.27687,202.936,213.436,-15.3846,1
28.7833,67.9925,-0.276861,202.808,213.308,-15.3845,1
28.7917,68.0286,-0.276853,202.68,213.18,-15.3845,1
28.8,68.0648,-0.276844,202.552,213.052,-15.3844,1
28.8083,68.101,-0.276835,202.423,212.923,-15.3843,1
28.8167,68.1372,-0.276827,202.295,212.795,-15.3843,1
28.825,68.1733,-0.276818,202.167,212.667,-15.3842,1
28.8333,68.2095,-0.276809,202.039,212.539,-15.3842,1
28.8417,68.2457,-0.276801,201.911,212.411,-15.3841,1
28.85,68.2819,-0.276792,201.782,212.282,-15.384,1
28.8583,68.318,-0.276783,201.654,212.154,-15.384,1
28.8667,68.3542,-0.276775,201.526,212.026,-15.384,1
28.875,68.3904,-0.276766,201.398,211.898,-15.3839,1
28.8833,68.4266,-0.276758,201.27,211.77,-15.3839,1
28.8917,68.4627,-0.276749,201.141,211.641,-15.3838,1
28.9,68.4989,-0.27674,201.013,211.513,-15.3838,1
28.9083,68.5351,-0.276732,200.885,211.385,-15.3837,1
28.9167,68.5713,-0.276723,200.757,211.257,-15.3837,1
28.925,68.6074,-0.276714,200.629,211.129,-15.3836,1
28.9333,68.6436,-0.276706,200.5,211,-15.3835,1
28.9417,68.6798,-0.276697,200.372,210.872,-15.3835,1
28.95,68.716,-0.276688,200.244,210.744,-15.3834,1
28.9583,68.7521,-0.27668,200.116,210.616,-15.3834,1
28.9667,68.7883,-0.276671,199.988,210.488,-15.3833,1
28.975,68.8245,-0.276662,199.859,210.359,-15.3833,1
28.9833,68.8607,-0.276654,199.731,210.231,-15.3833,1
28.9917,68.8968,-0.276645,199.603,210.103,-15.3833,1
29,68.933,-0.276636,199.475,209.975,-15.3833,1
29.0083,68.9692,-0.276628,199.347,209.847,-15.3833,1
29.0167,69.0054,-0.276619,199.218,209.718,-15.3833,1
29.025,69.0415,-0.27661,199.09,209.59,-15.3833,1
29.0333,69.0777,-0.276602,198.962,209.462,-15.3833,1
29.0417,69.1139,-0.276593,198.834,209.334,-15.3833,1
29.05,69.1501,-0.276584,198.706,209.206,-15.3834,1
29.0583,69.1862,-0.276576,198.578,209.078,-15.3834,1
29.0667,69.2224,-0.276567,198.449,208.949,-15.3834,1
29.075,69.2586,-0.276558,198.321,208.821,-15.3834,1
29.0833,69.2948,-0.27655,198.193,208.693,-15.3834,1
29.0917,69.3309,-0.276541,198.065,208.565,-15.3834,1
29.1,69.3671,-0.276532,197.937,208.437,-15.3834,1
29.1083,69.4033,-0.276524,197.808,208.308,-15.3834,1
29.1167,69.4395,-0.276515,197.68,208.18,-15.3834,1
29.125,69.4756,-0.276506,197.552,208.052,-15.3834,1
29.1333,69.5118,-0.276498,197.424,207.924,-15.3834,1
29.1417,69.548,-0.276489,197.296,207.796,-15.3834,1
29.15,69.5842,-0.276481,197.167,207.667,-15.3834,1
29.1583,69.6203,-0.276472,197.039,207.539,-15.3833,1
29.1667,69.6565,-0.276463,196.911,207.411,-15.3833,1
29.175,69.6927,-0.276455,196.783,207.283,-15.3832,1
29.1833,69.7289,-0.276446,196.655,207.155,-15.3831,1
29.1917,69.765,-0.276437,196.526,207.026,-15.383,1
29.2,69.8012,-0.276429,196.398,206.898,-15.383,1
29.2083,69.8374,-0.27642,196.27,206.77,-15.3829,1
29.2167,69.8736,-0.276411,196.142,206.642,-15.3829,1
29.225,69.9097,-0.276403,196.014,206.514,-15.3828,1
29.2333,69.9459,-0.276394,195.885,206.385,-15.3827,1
29.2417,69.9821,-0.276385,195.757,206.257,-15.3827,1
29.25,70.0183,-0.276377,195.629,206.129,-15.3826,1
29.2583,70.0544,-0.276368,195.501,206.001,-15.3826,1
29.2667,70.0906,-0.276359,195.373,205.873,-15.3825,1
29.275,70.1268,-0.276351,195.244,205.744,-15.3825,1
29.2833,70.163,-0.276342,195.116,205.616,-15.3825,1
29.2917,70.1991,-0.276333,194.988,205.488,-15.3824,1
29.3,70.2353,-0.276325,194.86,205.36,-15.3824,1
29.3083,70.2715,-0.276316,194.732,205.232,-15.3823,1
29.3167,70.3077,-0.276307,194.604,205.104,-15.3822,1
29.325,70.3438,-0.276299,194.475,204.975,-15.3822,1
29.3333,70.38,-0.27629,194.347,204.847,-15.3821,1
29.3417,70.4162,-0.276281,194.219,204.719,-15.3821,1
29.35,70.4524,-0.276273,194.091,204.591,-15.382,1
29.3583,70.4885,-0.276264,193.963,204.463,-15.382,1
29.3667,70.5247,-0.276255,193.834,204.334,-15.3819,1
29.375,70.5609,-0.276247,193.706,204.206,-15.3819,1
29.3833,70.5971,-0.276238,193.578,204.078,-15.3819,1
29.3917,70.6332,-0.27623,193.45,203.95,-15.3819,1
29.4,70.6694,-0.276221,193.322,203.822,-15.3819,1
29.4083,70.7056,-0.276212,193.194,203.694,-15.3819,1
29.4167,70.7418,-0.276204,193.065,203.565,-15.382,1
29.425,70.7779,-0.276195,192.937,203.437,-15.382,1
29.4333,70.8141,-0.276186,192.809,203.309,-15.382,1
29.4417,70.8503,-0.276178,192.681,203.181,-15.382,1
29.45,70.8865,-0.276169,192.553,203.053,-15.382,1
29.4583,70.9226,-0.27616,192.424,202.924,-15.382,1
29.4667,70.9588,-0.276152,192.296,202.796,-15.382,1
29.475,70.995,-0.276143,192.168,202.668,-15.382,1
29.4833,71.0312,-0.276134,192.04,202.54,-15.3821,1
29.4917,71.0673,-0.276126,191.912,202.412,-15.3821,1
29.5,71.1035,-0.276117,191.784,202.284,-15.3821,1
29.5083,71.1397,-0.276108,191.655,202.155,-15.3821,1
29.5167,71.1759,-0.2761,191.527,202.027,-15.3821,1
29.525,71.212,-0.276091,191.399,201.899,-15.382,1
29.5333,71.2482,-0.276082,191.271,201.771,-15.382,1
29.5417,71.2844,-0.276074,191.143,201.643,-15.382,1
29.55,71.3206,-0.276065,191.014,201.514,-15.382,1
29.5583,71.3567,-0.276056,190.886,201.386,-15.3819,1
29.5667,71.3929,-0.276048,190.758,201.258,-15.3818,1
29.575,71.4291,-0.276039,190.63,201.13,-15.3818,1
29.5833,71.4653,-0.27603,190.502,201.002,-15.3817,1
29.5917,71.5014,-0.276022,190.373,200.873,-15.3816,1
29.6,71.5376,-0.276013,190.245,200.745,-15.3816,1
29.6083,71.5738,-0.276005,190.117,200.617,-15.3815,1
29.6167,71.61,-0.275996,189.989,200.489,-15.3814,1
29.625,71.6461,-0.275987,189.861,200.361,-15.3814,1
29.6333,71.6823,-0.275979,189.733,200.233,-15.3813,1
29.6417,71.7185,-0.27597,189.604,200.104,-15.3813,1
29.65,71.7547,-0.275961,189.476,199.976,-15.3812,1
29.6583,71.7908,-0.275953,189.348,199.848,-15.3812,1
29.6667,71.827,-0.275944,189.22,199.72,-15.3811,1
29.675,71.8632,-0.275935,189.092,199.592,-15.3811,1
29.6833,71.8994,-0.275927,188.964,199.464,-15.381,1
29.6917,71.9355,-0.275918,188.835,199.335,-15.381,1
29.7,71.9717,-0.275909,188.707,199.207,-15.3809,1
29.7083,72.0079,-0.275901,188.579,199.079,-15.3809,1
29.7167,72.0441,-0.275892,188.451,198.951,-15.3808,1
29.725,72.0802,-0.275883,188.323,198.823,-15.3808,1
29.7333,72.1164,-0.275875,188.194,198.694,-15.3807,1
29.7417,72.1526,-0.275866,188.066,198.566,-15.3807,1
29.75,72.1888,-0.275857,187.938,198.438,-15.3806,1
29.7583,72.2249,-0.275849,187.81,198.31,-15.3806,1
29.7667,72.2611,-0.27584,187.682,198.182,-15.3806,1
29.775,72.2973,-0.275831,187.554,198.054,-15.3806,1
29.7833,72.3335,-0.275823,187.425,197.925,-15.3806,1
29.7917,72.3696,-0.275814,187.297,197.797,-15.3806,1
29.8,72.4058,-0.275805,187.169,197.669,-15.3806,1
29.8083,72.442,-0.275797,187.041,197.541,-15.3806,1
29.8167,72.4782,-0.275788,186.913,197.413,-15.3806,1
29.825,72.5143,-0.27578,186.785,197.285,-15.3806,1
29.8333,72.5505,-0.275771,186.656,197.156,-15.3806,1
29.8417,72.5867,-0.275762,186.528,197.028,-15.3806,1
29.85,72.6229,-0.275754,186.4,196.9,-15.3807,1
29.8583,72.659,-0.275745,186.272,196.772,-15.3807,1
29.8667,72.6952,-0.275736,186.144,196.644,-15.3807,1
29.875,72.7314,-0.275728,186.016,196.516,-15.3807,1
29.8833,72.7676,-0.275719,185.887,196.387,-15.3807,1
29.8917,72.8037,-0.27571,185.759,196.259,-15.3807,1
29.9,72.8399,-0.275702,185.631,196.131,-15.3807,1
29.9083,72.8761,-0.275693,185.503,196.003,-15.3807,1
29.9167,72.9123,-0.275684,185.375,195.875,-15.3807,1
29.925,72.9484,-0.275676,185.247,195.747,-15.3807,1
29.9333,72.9846,-0.275667,185.118,195.618,-15.3806,1
29.9417,73.0208,-0.275658,184.99,195.49,-15.3806,1
29.95,73.057,-0.27565,184.862,195.362,-15.3806,1
29.9583,73.0931,-0.275641,184.734,195.234,-15.3805,1
29.9667,73.1293,-0.275632,184.606,195.106,-15.3804,1
29.975,73.1655,-0.275624,184.477,194.977,-15.3803,1
29.9833,73.2017,-0.275615,184.349,194.849,-15.3803,1
29.9917,73.2378,-0.275606,184.221,194.721,-15.3802,1
30,73.274,-0.275598,184.093,194.593,-15.3801,1
30.0083,73.3102,-0.275589,183.965,194.465,-15.3801,1
30.0167,73.3464,-0.275581,183.837,194.337,-15.38,1
30.025,73.3825,-0.275572,183.708,194.208,-15.38,1
30.0333,73.4187,-0.275563,183.58,194.08,-15.3799,1
30.0417,73.4549,-0.275555,183.452,193.952,-15.3799,1
30.05,73.4911,-0.275546,183.324,193.824,-15.3798,1
30.0583,73.5272,-0.275537,183.196,193.696,-15.3798,1
30.0667,73.5634,-0.275529,183.068,193.568,-15.3797,1
30.075,73.5996,-0.27552,182.939,193.439,-15.3797,1
30.0833,73.6358,-0.275511,182.811,193.311,-15.3796,1
30.0917,73.6719,-0.275503,182.683,193.183,-15.3796,1
30.1,73.7081,-0.275494,182.555,193.055,-15.3795,1
30.1083,73.7443,-0.275485,182.427,192.927,-15.3795,1
30.1167,73.7805,-0.275477,182.299,192.799,-15.3794,1
30.125,73.8166,-0.275468,182.17,192.67,-15.3794,1
30.1333,73.8528,-0.275459,182.042,192.542,-15.3793,1
30.1417,73.889,-0.275451,181.914,192.414,-15.3793,1
30.15,73.9252,-0.275442,181.786,192.286,-15.3792,1
30.1583,73.9613,-0.275433,181.658,192.158,-15.3792,1
30.1667,73.9975,-0.275425,181.53,192.03,-15.3792,1
30.175,74.0337,-0.275416,181.402,191.902,-15.3792,1
30.1833,74.0699,-0.275407,181.273,191.773,-15.3792,1
30.1917,74.106,-0.275399,181.145,191.645,-15.3792,1
30.2,74.1422,-0.27539,181.017,191.517,-15.3792,1
30.2083,74.1784,-0.275381,180.889,191.389,-15.3793,1
30.2167,74.2146,-0.275373,180.761,191.261,-15.3793,1
30.225,74.2507,-0.275364,180.633,191.133,-15.3793,1
30.2333,74.2869,-0.275356,180.504,191.004,-15.3793,1
30.2417,74.3231,-0.275347,180.376,190.876,-15.3793,1
30.25,74.3593,-0.275338,180.248,190.748,-15.3793,1
30.2583,74.3954,-0.27533,180.12,190.62,-15.3793,1
30.2667,74.4316,-0.275321,179.992,190.492,-15.3793,1
30.275,74.4678,-0.275312,179.864,190.364,-15.3793,1
30.2833,74.504,-0.275304,179.735,190.235,-15.3793,1
30.2917,74.5401,-0.275295,179.607,190.107,-15.3793,1
30.3,74.5763,-0.275286,179.479,189.979,-15.3793,1
30.3083,74.6125,-0.275278,179.351,189.851,-15.3793,1
30.3167,74.6487,-0.275269,179.223,189.723,-15.3793,1
30.325,74.6848,-0.27526,179.095,189.595,-15.3793,1
30.3333,74.721,-0.275252,178.966,189.466,-15.3793,1
30.3417,74.7572,-0.275243,178.838,189.338,-15.3792,1
30.35,74.7934,-0.275234,178.71,189.21,-15.3792,1
30.3583,74.8295,-0.275226,178.582,189.082,-15.3791,1
30.3667,74.8657,-0.275217,178.454,188.954,-15.379,1
30.375,74.9019,-0.275208,178.326,188.826,-15.3789,1
30.3833,74.9381,-0.2752,178.198,188.698,-15.3789,1
30.3917,74.9742,-0.275191,178.069,188.569,-15.3788,1
30.4,75.0104,-0.275183,177.941,188.441,-15.3787,1
30.4083,75.0466,-0.275174,177.813,188.313,-15.3787,1
30.4167,75.0828,-0.275165,177.685,188.185,-15.3786,1
30.425,75.1189,-0.275157,177.557,188.057,-15.3786,1
30.4333,75.1551,-0.275148,177.429,187.929,-15.3785,1
30.4417,75.1913,-0.275139,177.3,187.8,-15.3785,1
30.45,75.2275,-0.275131,177.172,187.672,-15.3784,1
30.4583,75.2636,-0.275122,177.044,187.544,-15.3784,1
30.4667,75.2998,-0.275113,176.916,187.416,-15.3783,1
30.475,75.336,-0.275105,176.788,187.288,-15.3783,1
30.4833,75.3722,-0.275096,176.66,187.16,-15.3782,1
30.4917,75.4083,-0.275087,176.531,187.031,-15.3782,1
30.5,75.4445,-0.275079,176.403,186.903,-15.3781,1
30.5083,75.4807,-0.27507,176.275,186.775,-15.3781,1
30.5167,75.5169,-0.275061,176.147,186.647,-15.378,1
30.525,75.553,-0.275053,176.019,186.519,-15.378,1
30.5333,75.5892,-0.275044,175.891,186.391,-15.3779,1
30.5417,75.6254,-0.275035,175.763,186.263,-15.3779,1
30.55,75.6616,-0.275027,175.634,186.134,-15.3778,1
30.5583,75.6977,-0.275018,175.506,186.006,-15.3779,1
30.5667,75.7339,-0.275009,175.378,185.878,-15.3779,1
30.575,75.7701,-0.275001,175.25,185.75,-15.3779,1
30.5833,75.8063,-0.274992,175.122,185.622,-15.3779,1
30.5917,75.8424,-0.274984,174.994,185.494,-15.3779,1
30.6,75.8786,-0.274975,174.866,185.366,-15.3779,1
30.6083,75.9148,-0.274966,174.737,185.237,-15.3779,1
30.6167,75.951,-0.274958,174.609,185.109,-15.3779,1
30.625,75.9871,-0.274949,174.481,184.981,-15.3779,1
30.6333,76.0233,-0.27494,174.353,184.853,-15.378,1
30.6417,76.0595,-0.274932,174.225,184.725,-15.378,1
30.65,76.0957,-0.274923,174.097,184.597,-15.378,1
30.6583,76.1318,-0.274914,173.968,184.468,-15.378,1
30.6667,76.168,-0.274906,173.84,184.34,-15.378,1
30.675,76.2042,-0.274897,173.712,184.212,-15.378,1
30.6833,76.2404,-0.274888,173.584,184.084,-15.378,1
30.6917,76.2765,-0.27488,173.456,183.956,-15.378,1
30.7,76.3127,-0.274871,173.328,183.828,-15.378,1
30.7083,76.3489,-0.274862,173.2,183.7,-15.378,1
30.7167,76.3851,-0.274854,173.071,183.571,-15.3779,1
30.725,76.4212,-0.274845,172.943,183.443,-15.3779,1
30.7333,76.4574,-0.274836,172.815,183.315,-15.3779,1
30.7417,76.4936,-0.274828,172.687,183.187,-15.3778,1
30.75,76.5298,-0.274819,172.559,183.059,-15.3777,1
30.7583,76.5659,-0.274811,172.431,182.931,-15.3777,1
30.7667,76.6021,-0.274802,172.303,182.803,-15.3776,1
30.775,76.6383,-0.274793,172.174,182.674,-15.3775,1
30.7833,76.6745,-0.274785,172.046,182.546,-15.3774,1
30.7917,76.7106,-0.274776,171.918,182.418,-15.3774,1
30.8,76.7468,-0.274767,171.79,182.29,-15.3773,1
30.8083,76.783,-0.274759,171.662,182.162,-15.3773,1
30.8167,76.8192,-0.27475,171.534,182.034,-15.3772,1
30.825,76.8553,-0.274741,171.406,181.906,-15.3772,1
30.8333,76.8915,-0.274733,171.277,181.777,-15.3771,1
30.8417,76.9277,-0.274724,171.149,181.649,-15.3771,1
30.85,76.9639,-0.274715,171.021,181.521,-15.377,1
30.8583,77,-0.274707,170.893,181.393,-15.377,1
30.8667,77.0362,-0.274698,170.765,181.265,-15.3769,1
30.875,77.0724,-0.274689,170.637,181.137,-15.3769,1
30.8833,77.1086,-0.274681,170.509,181.009,-15.3768,1
30.8917,77.1447,-0.274672,170.38,180.88,-15.3768,1
30.9,77.1809,-0.274663,170.252,180.752,-15.3767,1
30.9083,77.2171,-0.274655,170.124,180.624,-15.3767,1
30.9167,77.2533,-0.274646,169.996,180.496,-15.3766,1
30.925,77.2894,-0.274638,169.868,180.368,-15.3766,1
30.9333,77.3256,-0.274629,169.74,180.24,-15.3765,1
30.9417,77.3618,-0.27462,169.612,180.112,-15.3765,1
30.95,77.398,-0.274612,169.483,179.983,-15.3765,1
30.9583,77.4341,-0.274603,169.355,179.855,-15.3765,1
30.9667,77.4703,-0.274594,169.227,179.727,-15.3765,1
30.975,77.5065,-0.274586,169.099,179.599,-15.3765,1
30.9833,77.5427,-0.274577,168.971,179.471,-15.3765,1
30.9917,77.5788,-0.274568,168.843,179.343,-15.3766,1
31,77.615,-0.27456,168.715,179.215,-15.3766,1
31.0083,77.6512,-0.274551,168.586,179.086,-15.3766,1
31.0167,77.6874,-0.274542,168.458,178.958,-15.3766,1
31.025,77.7235,-0.274534,168.33,178.83,-15.3766,1
31.0333,77.7597,-0.274525,168.202,178.702,-15.3766,1
31.0417,77.7959,-0.274516,168.074,178.574,-15.3766,1
31.05,77.8321,-0.274508,167.946,178.446,-15.3767,1
31.0583,77.8682,-0.274499,167.818,178.318,-15.3767,1
31.0667,77.9044,-0.274491,167.689,178.189,-15.3767,1
31.075,77.9406,-0.274482,167.561,178.061,-15.3767,1
31.0833,77.9768,-0.274473,167.433,177.933,-15.3766,1
31.0917,78.0129,-0.274465,167.305,177.805,-15.3766,1
31.1,78.0491,-0.274456,167.177,177.677,-15.3766,1
31.1083,78.0853,-0.274447,167.049,177.549,-15.3766,1
31.1167,78.1215,-0.274439,166.921,177.421,-15.3766,1
31.125,78.1576,-0.27443,166.792,177.292,-15.3765,1
31.1333,78.1938,-0.274421,166.664,177.164,-15.3765,1
31.1417,78.23,-0.274413,166.536,177.036,-15.3764,1
31.15,78.2662,-0.274404,166.408,176.908,-15.3763,1
31.1583,78.3023,-0.274395,166.28,176.78,-15.3762,1
31.1667,78.3385,-0.274387,166.152,176.652,-15.3762,1
31.175,78.3747,-0.274378,166.024,176.524,-15.3761,1
31.1833,78.4109,-0.274369,165.896,176.396,-15.376,1
31.1917,78.447,-0.274361,165.767,176.267,-15.376,1
31.2,78.4832,-0.274352,165.639,176.139,-15.3759,1
31.2083,78.5194,-0.274343,165.511,176.011,-15.3759,1
31.2167,78.5556,-0.274335,165.383,175.883,-15.3758,1
31.225,78.5917,-0.274326,165.255,175.755,-15.3758,1
31.2333,78.6279,-0.274318,165.127,175.627,-15.3757,1
31.2417,78.6641,-0.274309,164.999,175.499,-15.3757,1
31.25,78.7003,-0.2743,164.87,175.37,-15.3756,1
31.2583,78.7364,-0.274292,164.742,175.242,-15.3756,1
31.2667,78.7726,-0.274283,164.614,175.114,-15.3755,1
31.275,78.8088,-0.274274,164.486,174.986,-15.3755,1
31.2833,78.845,-0.274266,164.358,174.858,-15.3754,1
31.2917,78.8811,-0.274257,164.23,174.73,-15.3754,1
31.3,78.9173,-0.274248,164.102,174.602,-15.3753,1
31.3083,78.9535,-0.27424,163.974,174.474,-15.3753,1
31.3167,78.9897,-0.274231,163.845,174.345,-15.3752,1
31.325,79.0258,-0.274222,163.717,174.217,-15.3752,1
31.3333,79.062,-0.274214,163.589,174.089,-15.3751,1
31.3417,79.0982,-0.274205,163.461,173.961,-15.3751,1
31.35,79.1344,-0.274196,163.333,173.833,-15.3752,1
31.3583,79.1705,-0.274188,163.205,173.705,-15.3752,1
31.3667,79.2067,-0.274179,163.077,173.577,-15.3752,1
31.375,79.2429,-0.274171,162.949,173.449,-15.3752,1
31.3833,79.2791,-0.274162,162.82,173.32,-15.3752,1
31.3917,79.3152,-0.274153,162.692,173.192,-15.3752,1
31.4,79.3514,-0.274145,162.564,173.064,-15.3752,1
31.4083,79.3876,-0.274136,162.436,172.936,-15.3753,1
31.4167,79.4238,-0.274127,162.308,172.808,-15.3753,1
31.425,79.4599,-0.274119,162.18,172.68,-15.3753,1
31.4333,79.4961,-0.27411,162.052,172.552,-15.3753,1
31.4417,79.5323,-0.274101,161.924,172.424,-15.3753,1
31.45,79.5685,-0.274093,161.795,172.295,-15.3753,1
31.4583,79.6046,-0.274084,161.667,172.167,-15.3753,1
31.4667,79.6408,-0.274075,161.539,172.039,-15.3753,1
31.475,79.677,-0.274067,161.411,171.911,-15.3753,1
31.4833,79.7132,-0.274058,161.283,171.783,-15.3753,1
31.4917,79.7493,-0.274049,161.155,171.655,-15.3753,1
31.5,79.7855,-0.274041,161.027,171.527,-15.3752,1
31.5083,79.8217,-0.274032,160.899,171.399,-15.3752,1
31.5167,79.8579,-0.274023,160.77,171.27,-15.3752,1
31.525,79.894,-0.274015,160.642,171.142,-15.3751,1
31.5333,79.9302,-0.274006,160.514,171.014,-15.375,1
31.5417,79.9664,-0.273998,160.386,170.886,-15.375,1
31.55,80.0026,-0.273989,160.258,170.758,-15.3749,1
31.5583,80.0388,-0.27398,160.13,170.63,-15.3748,1
31.5667,80.0749,-0.273972,160.002,170.502,-15.3748,1
31.575,80.1111,-0.273963,159.873,170.373,-15.3747,1
31.5833,80.1473,-0.273954,159.745,170.245,-15.3746,1
31.5917,80.1835,-0.273946,159.617,170.117,-15.3746,1
31.6,80.2196,-0.273937,159.489,169.989,-15.3745,1
31.6083,80.2558,-0.273928,159.361,169.861,-15.3745,1
31.6167,80.292,-0.27392,159.233,169.733,-15.3744,1
31.625,80.3282,-0.273911,159.105,169.605,-15.3744,1
31.6333,80.3643,-0.273902,158.977,169.477,-15.3743,1
31.6417,80.4005,-0.273894,158.849,169.349,-15.3743,1
31.65,80.4367,-0.273885,158.72,169.22,-15.3742,1
31.6583,80.4729,-0.273876,158.592,169.092,-15.3742,1
31.6667,80.509,-0.273868,158.464,168.964,-15.3741,1
31.675,80.5452,-0.273859,158.336,168.836,-15.3741,1
31.6833,80.5814,-0.273851,158.208,168.708,-15.374,1
31.6917,80.6176,-0.273842,158.08,168.58,-15.374,1
31.7,80.6537,-0.273833,157.952,168.452,-15.3739,1
31.7083,80.6899,-0.273825,157.824,168.324,-15.3739,1
31.7167,80.7261,-0.273816,157.695,168.195,-15.3738,1
31.725,80.7623,-0.273807,157.567,168.067,-15.3738,1
31.7333,80.7984,-0.273799,157.439,167.939,-15.3738,1
31.7417,80.8346,-0.27379,157.311,167.811,-15.3738,1
31.75,80.8708,-0.273781,157.183,167.683,-15.3738,1
31.7583,80.907,-0.273773,157.055,167.555,-15.3738,1
31.7667,80.9431,-0.273764,156.927,167.427,-15.3738,1
31.775,80.9793,-0.273755,156.799,167.299,-15.3739,1
31.7833,81.0155,-0.273747,156.671,167.171,-15.3739,1
31.7917,81.0517,-0.273738,156.542,167.042,-15.3739,1
31.8,81.0878,-0.27373,156.414,166.914,-15.3739,1
31.8083,81.124,-0.273721,156.286,166.786,-15.3739,1
31.8167,81.1602,-0.273712,156.158,166.658,-15.3739,1
31.825,81.1964,-0.273704,156.03,166.53,-15.3739,1
31.8333,81.2325,-0.273695,155.902,166.402,-15.374,1
31.8417,81.2687,-0.273686,155.774,166.274,-15.374,1
31.85,81.3049,-0.273678,155.646,166.146,-15.374,1
31.8583,81.3411,-0.273669,155.517,166.017,-15.374,1
31.8667,81.3772,-0.27366,155.389,165.889,-15.3739,1
31.875,81.4134,-0.273652,155.261,165.761,-15.3739,1
31.8833,81.4496,-0.273643,155.133,165.633,-15.3739,1
31.8917,81.4858,-0.273634,155.005,165.505,-15.3739,1
31.9,81.5219,-0.273626,154.877,165.377,-15.3739,1
31.9083,81.5581,-0.273617,154.749,165.249,-15.3738,1
31.9167,81.5943,-0.273608,154.621,165.121,-15.3738,1
31.925,81.6305,-0.2736,154.493,164.993,-15.3737,1
31.9333,81.6666,-0.273591,154.364,164.864,-15.3736,1
31.9417,81.7028,-0.273583,154.236,164.736,-15.3735,1
31.95,81.739,-0.273574,154.108,164.608,-15.3735,1
31.9583,81.7752,-0.273565,153.98,164.48,-15.3734,1
31.9667,81.8113,-0.273557,153.852,164.352,-15.3734,1
31.975,81.8475,-0.273548,153.724,164.224,-15.3733,1
31.9833,81.8837,-0.273539,153.596,164.096,-15.3732,1
31.9917,81.9199,-0.273531,153.468,163.968,-15.3732,1
32,81.956,-0.273522,153.34,163.84,-15.3731,1
32.0083,81.9922,-0.273513,153.211,163.711,-15.3731,1
32.0167,82.0284,-0.273505,153.083,163.583,-15.373,1
32.025,82.0646,-0.273496,152.955,163.455,-15.373,1
32.0333,82.1007,-0.273487,152.827,163.327,-15.3729,1
32.0417,82.1369,-0.273479,152.699,163.199,-15.3729,1
32.05,82.1731,-0.27347,152.571,163.071,-15.3729,1
32.0583,82.2093,-0.273461,152.443,162.943,-15.3728,1
32.0667,82.2454,-0.273453,152.315,162.815,-15.3727,1
32.075,82.2816,-0.273444,152.187,162.687,-15.3727,1
32.0833,82.3178,-0.273436,152.058,162.558,-15.3726,1
32.0917,82.354,-0.273427,151.93,162.43,-15.3726,1
32.1,82.3901,-0.273418,151.802,162.302,-15.3725,1
32.1083,82.4263,-0.27341,151.674,162.174,-15.3725,1
32.1167,82.4625,-0.273401,151.546,162.046,-15.3724,1
32.125,82.4987,-0.273392,151.418,161.918,-15.3724,1
32.1333,82.5348,-0.273384,151.29,161.79,-15.3724,1
32.1417,82.571,-0.273375,151.162,161.662,-15.3724,1
32.15,82.6072,-0.273366,151.034,161.534,-15.3725,1
32.1583,82.6434,-0.273358,150.906,161.406,-15.3725,1
32.1667,82.6795,-0.273349,150.777,161.277,-15.3725,1
32.175,82.7157,-0.27334,150.649,161.149,-15.3725,1
32.1833,82.7519,-0.273332,150.521,161.021,-15.3725,1
32.1917,82.7881,-0.273323,150.393,160.893,-15.3725,1
32.2,82.8242,-0.273315,150.265,160.765,-15.3725,1
32.2083,82.8604,-0.273306,150.137,160.637,-15.3726,1
32.2167,82.8966,-0.273297,150.009,160.509,-15.3726,1
32.225,82.9328,-0.273289,149.881,160.381,-15.3726,1
32.2333,82.9689,-0.27328,149.753,160.253,-15.3726,1
32.2417,83.0051,-0.273271,149.624,160.124,-15.3726,1
32.25,83.0413,-0.273263,149.496,159.996,-15.3726,1
32.2583,83.0775,-0.273254,149.368,159.868,-15.3726,1
32.2667,83.1136,-0.273245,149.24,159.74,-15.3726,1
32.275,83.1498,-0.273237,149.112,159.612,-15.3726,1
32.2833,83.186,-0.273228,148.984,159.484,-15.3725,1
32.2917,83.2222,-0.273219,148.856,159.356,-15.3725,1
32.3,83.2583,-0.273211,148.728,159.228,-15.3725,1
32.3083,83.2945,-0.273202,148.6,159.1,-15.3724,1
32.3167,83.3307,-0.273193,148.472,158.972,-15.3723,1
32.325,83.3669,-0.273185,148.343,158.843,-15.3723,1
32.3333,83.403,-0.273176,148.215,158.715,-15.3722,1
32.3417,83.4392,-0.273168,148.087,158.587,-15.3721,1
32.35,83.4754,-0.273159,147.959,158.459,-15.3721,1
32.3583,83.5116,-0.27315,147.831,158.331,-15.372,1
32.3667,83.5477,-0.273142,147.703,158.203,-15.3719,1
32.375,83.5839,-0.273133,147.575,158.075,-15.3719,1
32.3833,83.6201,-0.273124,147.447,157.947,-15.3718,1
32.3917,83.6563,-0.273116,147.319,157.819,-15.3718,1
32.4,83.6924,-0.273107,147.191,157.691,-15.3717,1
32.4083,83.7286,-0.273098,147.062,157.562,-15.3717,1
32.4167,83.7648,-0.27309,146.934,157.434,-15.3716,1
32.425,83.801,-0.273081,146.806,157.306,-15.3716,1
32.4333,83.8372,-0.273072,146.678,157.178,-15.3715,1
32.4417,83.8733,-0.273064,146.55,157.05,-15.3715,1
32.45,83.9095,-0.273055,146.422,156.922,-15.3714,1
32.4583,83.9457,-0.273047,146.294,156.794,-15.3714,1
32.4667,83.9819,-0.273038,146.166,156.666,-15.3713,1
32.475,84.018,-0.273029,146.038,156.538,-15.3713,1
32.4833,84.0542,-0.273021,145.91,156.41,-15.3712,1
32.4917,84.0904,-0.273012,145.781,156.281,-15.3712,1
32.5,84.1266,-0.273003,145.653,156.153,-15.3711,1
32.5083,84.1627,-0.272995,145.525,156.025,-15.3711,1
32.5167,84.1989,-0.272986,145.397,155.897,-15.371,1
32.525,84.2351,-0.272977,145.269,155.769,-15.371,1
32.5333,84.2713,-0.272969,145.141,155.641,-15.3711,1
32.5417,84.3074,-0.27296,145.013,155.513,-15.3711,1
32.55,84.3436,-0.272951,144.885,155.385,-15.3711,1
32.5583,84.3798,-0.272943,144.757,155.257,-15.3711,1
32.5667,84.416,-0.272934,144.629,155.129,-15.3711,1
32.575,84.4521,-0.272926,144.501,155.001,-15.3711,1
32.5833,84.4883,-0.272917,144.372,154.872,-15.3711,1
32.5917,84.5245,-0.272908,144.244,154.744,-15.3712,1
32.6,84.5607,-0.2729,144.116,154.616,-15.3712,1
32.6083,84.5968,-0.272891,143.988,154.488,-15.3712,1
32.6167,84.633,-0.272882,143.86,154.36,-15.3712,1
32.625,84.6692,-0.272874,143.732,154.232,-15.3712,1
32.6333,84.7054,-0.272865,143.604,154.104,-15.3712,1
32.6417,84.7415,-0.272856,143.476,153.976,-15.3712,1
32.65,84.7777,-0.272848,143.348,153.848,-15.3712,1
32.6583,84.8139,-0.272839,143.22,153.72,-15.3712,1
32.6667,84.8501,-0.27283,143.092,153.592,-15.3712,1
32.675,84.8862,-0.272822,142.963,153.463,-15.3712,1
32.6833,84.9224,-0.272813,142.835,153.335,-15.3711,1
32.6917,84.9586,-0.272805,142.707,153.207,-15.3711,1
32.7,84.9948,-0.272796,142.579,153.079,-15.371,1
32.7083,85.0309,-0.272787,142.451,152.951,-15.371,1
32.7167,85.0671,-0.272779,142.323,152.823,-15.3709,1
32.725,85.1033,-0.27277,142.195,152.695,-15.3708,1
32.7333,85.1395,-0.272761,142.067,152.567,-15.3707,1
32.7417,85.1756,-0.272753,141.939,152.439,-15.3707,1
32.75,85.2118,-0.272744,141.811,152.311,-15.3706,1
32.7583,85.248,-0.272735,141.682,152.182,-15.3706,1
32.7667,85.2842,-0.272727,141.554,152.054,-15.3705,1
32.775,85.3203,-0.272718,141.426,151.926,-15.3705,1
32.7833,85.3565,-0.272709,141.298,151.798,-15.3704,1
32.7917,85.3927,-0.272701,141.17,151.67,-15.3704,1
32.8,85.4289,-0.272692,141.042,151.542,-15.3703,1
32.8083,85.465,-0.272684,140.914,151.414,-15.3703,1
32.8167,85.5012,-0.272675,140.786,151.286,-15.3702,1
32.825,85.5374,-0.272666,140.658,151.158,-15.3702,1
32.8333,85.5736,-0.272658,140.53,151.03,-15.3701,1
32.8417,85.6097,-0.272649,140.402,150.902,-15.3701,1
32.85,85.6459,-0.27264,140.274,150.774,-15.37,1
32.8583,85.6821,-0.272632,140.145,150.645,-15.37,1
32.8667,85.7183,-0.272623,140.017,150.517,-15.3699,1
32.875,85.7544,-0.272614,139.889,150.389,-15.3699,1
32.8833,85.7906,-0.272606,139.761,150.261,-15.3698,1
32.8917,85.8268,-0.272597,139.633,150.133,-15.3698,1
32.9,85.863,-0.272588,139.505,150.005,-15.3697,1
32.9083,85.8991,-0.27258,139.377,149.877,-15.3697,1
32.9167,85.9353,-0.272571,139.249,149.749,-15.3697,1
32.925,85.9715,-0.272563,139.121,149.621,-15.3697,1
32.9333,86.0077,-0.272554,138.993,149.493,-15.3697,1
32.9417,86.0438,-0.272545,138.865,149.365,-15.3697,1
32.95,86.08,-0.272537,138.737,149.237,-15.3697,1
32.9583,86.1162,-0.272528,138.608,149.108,-15.3697,1
32.9667,86.1524,-0.272519,138.48,148.98,-15.3697,1
32.975,86.1885,-0.272511,138.352,148.852,-15.3698,1
32.9833,86.2247,-0.272502,138.224,148.724,-15.3698,1
32.9917,86.2609,-0.272493,138.096,148.596,-15.3698,1
33,86.2971,-0.272485,137.968,148.468,-15.3698,1
33.0083,86.3332,-0.272476,137.84,148.34,-15.3698,1
33.0167,86.3694,-0.272467,137.712,148.212,-15.3698,1
33.025,86.4056,-0.272459,137.584,148.084,-15.3698,1
33.0333,86.4418,-0.27245,137.456,147.956,-15.3698,1
33.0417,86.4779,-0.272442,137.328,147.828,-15.3698,1
33.05,86.5141,-0.272433,137.2,147.7,-15.3698,1
33.0583,86.5503,-0.272424,137.071,147.571,-15.3698,1
33.0667,86.5865,-0.272416,136.943,147.443,-15.3698,1
33.075,86.6227,-0.272407,136.815,147.315,-15.3697,1
33.0833,86.6588,-0.272398,136.687,147.187,-15.3697,1
33.0917,86.695,-0.27239,136.559,147.059,-15.3697,1
33.1,86.7312,-0.272381,136.431,146.931,-15.3696,1
33.1083,86.7674,-0.272372,136.303,146.803,-15.3695,1
33.1167,86.8035,-0.272364,136.175,146.675,-15.3695,1
33.125,86.8397,-0.272355,136.047,146.547,-15.3694,1
33.1333,86.8759,-0.272346,135.919,146.419,-15.3693,1
33.1417,86.9121,-0.272338,135.791,146.291,-15.3693,1
33.15,86.9482,-0.272329,135.663,146.163,-15.3692,1
33.1583,86.9844,-0.272321,135.535,146.035,-15.3691,1
33.1667,87.0206,-0.272312,135.406,145.906,-15.3691,1
33.175,87.0568,-0.272303,135.278,145.778,-15.369,1
33.1833,87.0929,-0.272295,135.15,145.65,-15.369,1
33.1917,87.1291,-0.272286,135.022,145.522,-15.3689,1
33.2,87.1653,-0.272277,134.894,145.394,-15.3689,1
33.2083,87.2015,-0.272269,134.766,145.266,-15.3689,1
33.2167,87.2376,-0.27226,134.638,145.138,-15.3688,1
33.225,87.2738,-0.272251,134.51,145.01,-15.3688,1
33.2333,87.31,-0.272243,134.382,144.882,-15.3687,1
33.2417,87.3462,-0.272234,134.254,144.754,-15.3687,1
33.25,87.3823,-0.272225,134.126,144.626,-15.3686,1
33.2583,87.4185,-0.272217,133.998,144.498,-15.3686,1
33.2667,87.4547,-0.272208,133.87,144.37,-15.3685,1
33.275,87.4909,-0.2722,133.741,144.241,-15.3685,1
33.2833,87.527,-0.272191,133.613,144.113,-15.3684,1
33.2917,87.5632,-0.272182,133.485,143.985,-15.3683,1
33.3,87.5994,-0.272174,133.357,143.857,-15.3683,1
33.3083,87.6356,-0.272165,133.229,143.729,-15.3683,1
33.3167,87.6717,-0.272156,133.101,143.601,-15.3683,1
33.325,87.7079,-0.272148,132.973,143.473,-15.3683,1
33.3333,87.7441,-0.272139,132.845,143.345,-15.3683,1
33.3417,87.7803,-0.27213,132.717,143.217,-15.3683,1
33.35,87.8164,-0.272122,132.589,143.089,-15.3683,1
33.3583,87.8526,-0.272113,132.461,142.961,-15.3684,1
33.3667,87.8888,-0.272105,132.333,142.833,-15.3684,1
33.375,87.925,-0.272096,132.205,142.705,-15.3684,1
33.3833,87.9611,-0.272087,132.077,142.577,-15.3684,1
33.3917,87.9973,-0.272079,131.949,142.449,-15.3684,1
33.4,88.0335,-0.27207,131.82,142.32,-15.3684,1
33.4083,88.0697,-0.272061,131.692,142.192,-15.3684,1
33.4167,88.1058,-0.272053,131.564,142.064,-15.3685,1
33.425,88.142,-0.272044,131.436,141.936,-15.3685,1
33.4333,88.1782,-0.272035,131.308,141.808,-15.3684,1
33.4417,88.2144,-0.272027,131.18,141.68,-15.3684,1
33.45,88.2505,-0.272018,131.052,141.552,-15.3684,1
33.4583,88.2867,-0.272009,130.924,141.424,-15.3684,1
33.4667,88.3229,-0.272001,130.796,141.296,-15.3684,1
33.475,88.3591,-0.271992,130.668,141.168,-15.3683,1
33.4833,88.3952,-0.271984,130.54,141.04,-15.3683,1
33.4917,88.4314,-0.271975,130.412,140.912,-15.3682,1
33.5,88.4676,-0.271966,130.284,140.784,-15.3682,1
33.5083,88.5038,-0.271958,130.156,140.656,-15.3681,1
33.5167,88.5399,-0.271949,130.027,140.527,-15.368,1
33.525,88.5761,-0.27194,129.899,140.399,-15.368,1
33.5333,88.6123,-0.271932,129.771,140.271,-15.3679,1
33.5417,88.6485,-0.271923,129.643,140.143,-15.3678,1
33.55,88.6846,-0.271914,129.515,140.015,-15.3678,1
33.5583,88.7208,-0.271906,129.387,139.887,-15.3677,1
33.5667,88.757,-0.271897,129.259,139.759,-15.3677,1
33.575,88.7932,-0.271889,129.131,139.631,-15.3676,1
33.5833,88.8294,-0.27188,129.003,139.503,-15.3676,1
33.5917,88.8655,-0.271871,128.875,139.375,-15.3675,1
33.6,88.9017,-0.271863,128.747,139.247,-15.3675,1
33.6083,88.9379,-0.271854,128.619,139.119,-15.3675,1
33.6167,88.9741,-0.271845,128.491,138.991,-15.3674,1
33.625,89.0102,-0.271837,128.363,138.863,-15.3674,1
33.6333,89.0464,-0.271828,128.235,138.735,-15.3673,1
33.6417,89.0826,-0.271819,128.106,138.606,-15.3673,1
33.65,89.1188,-0.271811,127.978,138.478,-15.3672,1
33.6583,89.1549,-0.271802,127.85,138.35,-15.3672,1
33.6667,89.1911,-0.271793,127.722,138.222,-15.3671,1
33.675,89.2273,-0.271785,127.594,138.094,-15.3671,1
33.6833,89.2635,-0.271776,127.466,137.966,-15.367,1
33.6917,89.2996,-0.271768,127.338,137.838,-15.3669,1
33.7,89.3358,-0.271759,127.21,137.71,-15.3669,1
33.7083,89.372,-0.27175,127.082,137.582,-15.3669,1
33.7167,89.4082,-0.271742,126.954,137.454,-15.3669,1
33.725,89.4443,-0.271733,126.826,137.326,-15.3669,1
33.7333,89.4805,-0.271724,126.698,137.198,-15.3669,1
33.7417,89.5167,-0.271716,126.57,137.07,-15.367,1
33.75,89.5529,-0.271707,126.442,136.942,-15.367,1
33.7583,89.589,-0.271698,126.314,136.814,-15.367,1
33.7667,89.6252,-0.27169,126.186,136.686,-15.367,1
33.775,89.6614,-0.271681,126.058,136.558,-15.367,1
33.7833,89.6976,-0.271673,125.929,136.429,-15.367,1
33.7917,89.7337,-0.271664,125.801,136.301,-15.3671,1
33.8,89.7699,-0.271655,125.673,136.173,-15.3671,1
33.8083,89.8061,-0.271647,125.545,136.045,-15.3671,1
33.8167,89.8423,-0.271638,125.417,135.917,-15.3671,1
33.825,89.8784,-0.271629,125.289,135.789,-15.3671,1
33.8333,89.9146,-0.271621,125.161,135.661,-15.3671,1
33.8417,89.9508,-0.271612,125.033,135.533,-15.3671,1
33.85,89.987,-0.271603,124.905,135.405,-15.367,1
33.8583,90.0231,-0.271595,124.777,135.277,-15.367,1
33.8667,90.0593,-0.271586,124.649,135.149,-15.367,1
33.875,90.0955,-0.271577,124.521,135.021,-15.3669,1
33.8833,90.1317,-0.271569,124.393,134.893,-15.3669,1
33.8917,90.1678,-0.27156,124.265,134.765,-15.3668,1
33.9,90.204,-0.271552,124.137,134.637,-15.3667,1
33.9083,90.2402,-0.271543,124.009,134.509,-15.3667,1
33.9167,90.2764,-0.271534,123.881,134.381,-15.3666,1
33.925,90.3125,-0.271526,123.752,134.252,-15.3665,1
33.9333,90.3487,-0.271517,123.624,134.124,-15.3665,1
33.9417,90.3849,-0.271508,123.496,133.996,-15.3664,1
33.95,90.4211,-0.2715,123.368,133.868,-15.3664,1
33.9583,90.4572,-0.271491,123.24,133.74,-15.3663,1
33.9667,90.4934,-0.271482,123.112,133.612,-15.3663,1
33.975,90.5296,-0.271474,122.984,133.484,-15.3662,1
33.9833,90.5658,-0.271465,122.856,133.356,-15.3662,1
33.9917,90.6019,-0.271457,122.728,133.228,-15.3661,1
34,90.6381,-0.271448,122.6,133.1,-15.3661,1
34.0083,90.6743,-0.271439,122.472,132.972,-15.3661,1
34.0167,90.7105,-0.271431,122.344,132.844,-15.366,1
34.025,90.7466,-0.271422,122.216,132.716,-15.366,1
34.0333,90.7828,-0.271413,122.088,132.588,-15.3659,1
34.0417,90.819,-0.271405,121.96,132.46,-15.3659,1
34.05,90.8552,-0.271396,121.832,132.332,-15.3658,1
34.0583,90.8914,-0.271387,121.704,132.204,-15.3658,1
34.0667,90.9275,-0.271379,121.576,132.076,-15.3657,1
34.075,90.9637,-0.27137,121.448,131.948,-15.3656,1
34.0833,90.9999,-0.271362,121.32,131.82,-15.3656,1
34.0917,91.0361,-0.271353,121.191,131.691,-15.3656,1
34.1,91.0722,-0.271344,121.063,131.563,-15.3655,1
34.1083,91.1084,-0.271336,120.935,131.435,-15.3655,1
34.1167,91.1446,-0.271327,120.807,131.307,-15.3656,1
34.125,91.1808,-0.271318,120.679,131.179,-15.3656,1
34.1333,91.2169,-0.27131,120.551,131.051,-15.3656,1
34.1417,91.2531,-0.271301,120.423,130.923,-15.3656,1
34.15,91.2893,-0.271292,120.295,130.795,-15.3656,1
34.1583,91.3255,-0.271284,120.167,130.667,-15.3656,1
34.1667,91.3616,-0.271275,120.039,130.539,-15.3657,1
34.175,91.3978,-0.271267,119.911,130.411,-15.3657,1
34.1833,91.434,-0.271258,119.783,130.283,-15.3657,1
34.1917,91.4702,-0.271249,119.655,130.155,-15.3657,1
34.2,91.5063,-0.271241,119.527,130.027,-15.3657,1
34.2083,91.5425,-0.271232,119.399,129.899,-15.3657,1
34.2167,91.5787,-0.271223,119.271,129.771,-15.3657,1
34.225,91.6149,-0.271215,119.143,129.643,-15.3657,1
34.2333,91.651,-0.271206,119.015,129.515,-15.3657,1
34.2417,91.6872,-0.271197,118.887,129.387,-15.3657,1
34.25,91.7234,-0.271189,118.759,129.259,-15.3656,1
34.2583,91.7596,-0.27118,118.631,129.131,-15.3656,1
34.2667,91.7957,-0.271172,118.502,129.002,-15.3656,1
34.275,91.8319,-0.271163,118.374,128.874,-15.3655,1
34.2833,91.8681,-0.271154,118.246,128.746,-15.3654,1
34.2917,91.9043,-0.271146,118.118,128.618,-15.3654,1
34.3,91.9404,-0.271137,117.99,128.49,-15.3653,1
34.3083,91.9766,-0.271128,117.862,128.362,-15.3652,1
34.3167,92.0128,-0.27112,117.734,128.234,-15.3652,1
34.325,92.049,-0.271111,117.606,128.106,-15.3651,1
34.3333,92.0851,-0.271102,117.478,127.978,-15.3651,1
34.3417,92.1213,-0.271094,117.35,127.85,-15.365,1
34.35,92.1575,-0.271085,117.222,127.722,-15.365,1
34.3583,92.1937,-0.271076,117.094,127.594,-15.3649,1
34.3667,92.2298,-0.271068,116.966,127.466,-15.3649,1
34.375,92.266,-0.271059,116.838,127.338,-15.3648,1
34.3833,92.3022,-0.271051,116.71,127.21,-15.3648,1
34.3917,92.3384,-0.271042,116.582,127.082,-15.3647,1
34.4,92.3745,-0.271033,116.454,126.954,-15.3647,1
34.4083,92.4107,-0.271025,116.326,126.826,-15.3647,1
34.4167,92.4469,-0.271016,116.198,126.698,-15.3646,1
34.425,92.4831,-0.271007,116.07,126.57,-15.3646,1
34.4333,92.5192,-0.270999,115.942,126.442,-15.3645,1
34.4417,92.5554,-0.27099,115.814,126.314,-15.3645,1
34.45,92.5916,-0.270981,115.686,126.186,-15.3644,1
34.4583,92.6278,-0.270973,115.558,126.058,-15.3643,1
34.4667,92.664,-0.270964,115.429,125.929,-15.3643,1
34.475,92.7001,-0.270956,115.301,125.801,-15.3642,1
34.4833,92.7363,-0.270947,115.173,125.673,-15.3642,1
34.4917,92.7725,-0.270938,115.045,125.545,-15.3642,1
34.5,92.8087,-0.27093,114.917,125.417,-15.3642,1
34.5083,92.8448,-0.270921,114.789,125.289,-15.3642,1
34.5167,92.881,-0.270912,114.661,125.161,-15.3642,1
34.525,92.9172,-0.270904,114.533,125.033,-15.3642,1
34.5333,92.9534,-0.270895,114.405,124.905,-15.3642,1
34.5417,92.9895,-0.270886,114.277,124.777,-15.3642,1
34.55,93.0257,-0.270878,114.149,124.649,-15.3643,1
34.5583,93.0619,-0.270869,114.021,124.521,-15.3643,1
34.5667,93.0981,-0.270861,113.893,124.393,-15.3643,1
34.575,93.1342,-0.270852,113.765,124.265,-15.3643,1
34.5833,93.1704,-0.270843,113.637,124.137,-15.3643,1
34.5917,93.2066,-0.270835,113.509,124.009,-15.3643,1
34.6,93.2428,-0.270826,113.381,123.881,-15.3643,1
34.6083,93.2789,-0.270817,113.253,123.753,-15.3643,1
34.6167,93.3151,-0.270809,113.125,123.625,-15.3643,1
34.625,93.3513,-0.2708,112.997,123.497,-15.3643,1
34.6333,93.3875,-0.270791,112.869,123.369,-15.3643,1
34.6417,93.4236,-0.270783,112.741,123.241,-15.3643,1
34.65,93.4598,-0.270774,112.613,123.113,-15.3642,1
34.6583,93.496,-0.270766,112.485,122.985,-15.3642,1
34.6667,93.5322,-0.270757,112.357,122.857,-15.3641,1
34.675,93.5683,-0.270748,112.229,122.729,-15.3641,1
34.6833,93.6045,-0.27074,112.101,122.601,-15.364,1
34.6917,93.6407,-0.270731,111.973,122.473,-15.3639,1
34.7,93.6769,-0.270722,111.844,122.344,-15.3639,1
34.7083,93.713,-0.270714,111.716,122.216,-15.3638,1
34.7167,93.7492,-0.270705,111.588,122.088,-15.3638,1
34.725,93.7854,-0.270696,111.46,121.96,-15.3637,1
34.7333,93.8216,-0.270688,111.332,121.832,-15.3637,1
34.7417,93.8577,-0.270679,111.204,121.704,-15.3636,1
34.75,93.8939,-0.270671,111.076,121.576,-15.3636,1
34.7583,93.9301,-0.270662,110.948,121.448,-15.3635,1
34.7667,93.9663,-0.270653,110.82,121.32,-15.3635,1
34.775,94.0024,-0.270645,110.692,121.192,-15.3634,1
34.7833,94.0386,-0.270636,110.564,121.064,-15.3634,1
34.7917,94.0748,-0.270627,110.436,120.936,-15.3633,1
34.8,94.111,-0.270619,110.308,120.808,-15.3633,1
34.8083,94.1471,-0.27061,110.18,120.68,-15.3633,1
34.8167,94.1833,-0.270601,110.052,120.552,-15.3632,1
34.825,94.2195,-0.270593,109.924,120.424,-15.3632,1
34.8333,94.2557,-0.270584,109.796,120.296,-15.3631,1
34.8417,94.2919,-0.270576,109.668,120.168,-15.3631,1
34.85,94.328,-0.270567,109.54,120.04,-15.363,1
34.8583,94.3642,-0.270558,109.412,119.912,-15.3629,1
34.8667,94.4004,-0.27055,109.284,119.784,-15.3629,1
34.875,94.4366,-0.270541,109.156,119.656,-15.3628,1
34.8833,94.4727,-0.270532,109.028,119.528,-15.3628,1
34.8917,94.5089,-0.270524,108.9,119.4,-15.3628,1
34.9,94.5451,-0.270515,108.772,119.272,-15.3628,1
34.9083,94.5813,-0.270507,108.644,119.144,-15.3628,1
34.9167,94.6174,-0.270498,108.516,119.016,-15.3628,1
34.925,94.6536,-0.270489,108.388,118.888,-15.3628,1
34.9333,94.6898,-0.270481,108.26,118.76,-15.3629,1
34.9417,94.726,-0.270472,108.132,118.632,-15.3629,1
34.95,94.7621,-0.270463,108.004,118.504,-15.3629,1
34.9583,94.7983,-0.270455,107.876,118.376,-15.3629,1
34.9667,94.8345,-0.270446,107.748,118.248,-15.3629,1
34.975,94.8707,-0.270437,107.62,118.12,-15.363,1
34.9833,94.9068,-0.270429,107.492,117.992,-15.363,1
34.9917,94.943,-0.27042,107.364,117.864,-15.363,1
35,94.9792,-0.270412,107.236,117.736,-15.363,1
35.0083,95.0154,-0.270403,107.107,117.607,-15.363,1
35.0167,95.0515,-0.270394,106.979,117.479,-15.3629,1
35.025,95.0877,-0.270386,106.851,117.351,-15.3629,1
35.0333,95.1239,-0.270377,106.723,117.223,-15.3629,1
35.0417,95.1601,-0.270368,106.595,117.095,-15.3629,1
35.05,95.1962,-0.27036,106.467,116.967,-15.3628,1
35.0583,95.2324,-0.270351,106.339,116.839,-15.3628,1
35.0667,95.2686,-0.270342,106.211,116.711,-15.3627,1
35.075,95.3048,-0.270334,106.083,116.583,-15.3626,1
35.0833,95.3409,-0.270325,105.955,116.455,-15.3626,1
35.0917,95.3771,-0.270317,105.827,116.327,-15.3625,1
35.1,95.4133,-0.270308,105.699,116.199,-15.3625,1
35.1083,95.4495,-0.270299,105.571,116.071,-15.3624,1
35.1167,95.4856,-0.270291,105.443,115.943,-15.3624,1
35.125,95.5218,-0.270282,105.315,115.815,-15.3623,1
35.1333,95.558,-0.270273,105.187,115.687,-15.3623,1
35.1417,95.5942,-0.270265,105.059,115.559,-15.3622,1
35.15,95.6303,-0.270256,104.931,115.431,-15.3622,1
35.1583,95.6665,-0.270247,104.803,115.303,-15.3621,1
35.1667,95.7027,-0.270239,104.675,115.175,-15.3621,1
35.175,95.7389,-0.27023,104.547,115.047,-15.362,1
35.1833,95.7751,-0.270222,104.419,114.919,-15.362,1
35.1917,95.8112,-0.270213,104.291,114.791,-15.362,1
35.2,95.8474,-0.270204,104.163,114.663,-15.3619,1
35.2083,95.8836,-0.270196,104.035,114.535,-15.3619,1
35.2167,95.9198,-0.270187,103.907,114.407,-15.3618,1
35.225,95.9559,-0.270178,103.779,114.279,-15.3618,1
35.2333,95.9921,-0.27017,103.651,114.151,-15.3617,1
35.2417,96.0283,-0.270161,103.523,114.023,-15.3617,1
35.25,96.0645,-0.270152,103.395,113.895,-15.3616,1
35.2583,96.1006,-0.270144,103.267,113.767,-15.3615,1
35.2667,96.1368,-0.270135,103.139,113.639,-15.3615,1
35.275,96.173,-0.270127,103.011,113.511,-15.3615,1
35.2833,96.2092,-0.270118,102.883,113.383,-15.3615,1
35.2917,96.2453,-0.270109,102.755,113.255,-15.3615,1
35.3,96.2815,-0.270101,102.627,113.127,-15.3615,1
35.3083,96.3177,-0.270092,102.499,112.999,-15.3615,1
35.3167,96.3539,-0.270083,102.371,112.871,-15.3615,1
35.325,96.39,-0.270075,102.243,112.743,-15.3615,1
35.3333,96.4262,-0.270066,102.115,112.615,-15.3615,1
35.3417,96.4624,-0.270058,101.987,112.487,-15.3615,1
35.35,96.4986,-0.270049,101.859,112.359,-15.3616,1
35.3583,96.5347,-0.27004,101.731,112.231,-15.3616,1
35.3667,96.5709,-0.270032,101.603,112.103,-15.3616,1
35.375,96.6071,-0.270023,101.475,111.975,-15.3616,1
35.3833,96.6433,-0.270014,101.347,111.847,-15.3616,1
35.3917,96.6794,-0.270006,101.219,111.719,-15.3616,1
35.4,96.7156,-0.269997,101.091,111.591,-15.3616,1
35.4083,96.7518,-0.269988,100.963,111.463,-15.3616,1
35.4167,96.788,-0.26998,100.835,111.335,-15.3616,1
35.425,96.8241,-0.269971,100.707,111.207,-15.3615,1
35.4333,96.8603,-0.269963,100.579,111.079,-15.3615,1
35.4417,96.8965,-0.269954,100.451,110.951,-15.3615,1
35.45,96.9327,-0.269945,100.323,110.823,-15.3614,1
35.4583,96.9688,-0.269937,100.195,110.695,-15.3614,1
35.4667,97.005,-0.269928,100.067,110.567,-15.3613,1
35.475,97.0412,-0.269919,99.9385,110.439,-15.3612,1
35.4833,97.0774,-0.269911,99.8105,110.311,-15.3612,1
35.4917,97.1135,-0.269902,99.6825,110.183,-15.3611,1
35.5,97.1497,-0.269893,99.5545,110.055,-15.3611,1
35.5083,97.1859,-0.269885,99.4265,109.927,-15.361,1
35.5167,97.2221,-0.269876,99.2985,109.798,-15.361,1
35.525,97.2583,-0.269868,99.1705,109.67,-15.3609,1
35.5333,97.2944,-0.269859,99.0425,109.542,-15.3609,1
35.5417,97.3306,-0.26985,98.9145,109.414,-15.3608,1
35.55,97.3668,-0.269842,98.7865,109.286,-15.3608,1
35.5583,97.403,-0.269833,98.6585,109.158,-15.3607,1
35.5667,97.4391,-0.269824,98.5304,109.03,-15.3607,1
35.575,97.4753,-0.269816,98.4024,108.902,-15.3606,1
35.5833,97.5115,-0.269807,98.2744,108.774,-15.3606,1
35.5917,97.5477,-0.269799,98.1464,108.646,-15.3606,1
35.6,97.5838,-0.26979,98.0184,108.518,-15.3605,1
35.6083,97.62,-0.269781,97.8904,108.39,-15.3605,1
35.6167,97.6562,-0.269773,97.7624,108.262,-15.3604,1
35.625,97.6924,-0.269764,97.6344,108.134,-15.3604,1
35.6333,97.7285,-0.269755,97.5064,108.006,-15.3603,1
35.6417,97.7647,-0.269747,97.3784,107.878,-15.3603,1
35.65,97.8009,-0.269738,97.2504,107.75,-15.3602,1
35.6583,97.8371,-0.269729,97.1224,107.622,-15.3602,1
35.6667,97.8732,-0.269721,96.9944,107.494,-15.3601,1
35.675,97.9094,-0.269712,96.8664,107.366,-15.3601,1
35.6833,97.9456,-0.269704,96.7384,107.238,-15.3601,1
35.6917,97.9818,-0.269695,96.6104,107.11,-15.3601,1
35.7,98.0179,-0.269686,96.4824,106.982,-15.3601,1
35.7083,98.0541,-0.269678,96.3544,106.854,-15.3601,1
35.7167,98.0903,-0.269669,96.2264,106.726,-15.3601,1
35.725,98.1265,-0.26966,96.0984,106.598,-15.3601,1
35.7333,98.1626,-0.269652,95.9704,106.47,-15.3602,1
35.7417,98.1988,-0.269643,95.8424,106.342,-15.3602,1
35.75,98.235,-0.269635,95.7144,106.214,-15.3602,1
35.7583,98.2712,-0.269626,95.5864,106.086,-15.3602,1
35.7667,98.3073,-0.269617,95.4584,105.958,-15.3602,1
35.775,98.3435,-0.269609,95.3304,105.83,-15.3602,1
35.7833,98.3797,-0.2696,95.2024,105.702,-15.3602,1
35.7917,98.4159,-0.269591,95.0744,105.574,-15.3602,1
35.8,98.4521,-0.269583,94.9464,105.446,-15.3602,1
35.8083,98.4882,-0.269574,94.8184,105.318,-15.3602,1
35.8167,98.5244,-0.269565,94.6904,105.19,-15.3602,1
35.825,98.5606,-0.269557,94.5624,105.062,-15.3601,1
35.8333,98.5968,-0.269548,94.4344,104.934,-15.3601,1
35.8417,98.6329,-0.26954,94.3064,104.806,-15.3601,1
35.85,98.6691,-0.269531,94.1784,104.678,-15.36,1
35.8583,98.7053,-0.269522,94.0504,104.55,-15.3599,1
35.8667,98.7415,-0.269514,93.9224,104.422,-15.3599,1
35.875,98.7776,-0.269505,93.7944,104.294,-15.3598,1
35.8833,98.8138,-0.269496,93.6664,104.166,-15.3598,1
35.8917,98.85,-0.269488,93.5384,104.038,-15.3597,1
35.9,98.8862,-0.269479,93.4104,103.91,-15.3597,1
35.9083,98.9223,-0.269471,93.2824,103.782,-15.3596,1
35.9167,98.9585,-0.269462,93.1544,103.654,-15.3596,1
35.925,98.9947,-0.269453,93.0264,103.526,-15.3595,1
35.9333,99.0309,-0.269445,92.8984,103.398,-15.3595,1
35.9417,99.067,-0.269436,92.7704,103.27,-15.3594,1
35.95,99.1032,-0.269427,92.6424,103.142,-15.3594,1
35.9583,99.1394,-0.269419,92.5144,103.014,-15.3593,1
35.9667,99.1756,-0.26941,92.3864,102.886,-15.3593,1
35.975,99.2117,-0.269401,92.2584,102.758,-15.3593,1
35.9833,99.2479,-0.269393,92.1304,102.63,-15.3592,1
35.9917,99.2841,-0.269384,92.0024,102.502,-15.3592,1
36,99.3203,-0.269376,91.8744,102.374,-15.3591,1
36.0083,99.3564,-0.269367,91.7464,102.246,-15.3591,1
36.0167,99.3926,-0.269358,91.6184,102.118,-15.359,1
36.025,99.4288,-0.26935,91.4904,101.99,-15.359,1
36.0333,99.465,-0.269341,91.3624,101.862,-15.3589,1
36.0417,99.5011,-0.269332,91.2345,101.734,-15.3589,1
36.05,99.5373,-0.269324,91.1065,101.606,-15.3588,1
36.0583,99.5735,-0.269315,90.9785,101.478,-15.3588,1
36.0667,99.6097,-0.269307,90.8505,101.35,-15.3588,1
36.075,99.6458,-0.269298,90.7225,101.222,-15.3587,1
36.0833,99.682,-0.269289,90.5945,101.095,-15.3587,1
36.0917,99.7182,-0.269281,90.4665,100.967,-15.3587,1
36.1,99.7544,-0.269272,90.3385,100.839,-15.3587,1
36.1083,99.7906,-0.269263,90.2105,100.711,-15.3588,1
36.1167,99.8267,-0.269255,90.0825,100.583,-15.3588,1
36.125,99.8629,-0.269246,89.9545,100.455,-15.3588,1
36.1333,99.8991,-0.269237,89.8266,100.327,-15.3588,1
36.1417,99.9353,-0.269229,89.6986,100.199,-15.3588,1
36.15,99.9714,-0.26922,89.5706,100.071,-15.3589,1
36.1583,100.008,-0.269212,89.4426,99.9426,-15.3589,1
36.1667,100.044,-0.269203,89.3146,99.8146,-15.3589,1
36.175,100.08,-0.269194,89.1866,99.6866,-15.3589,1
36.1833,100.116,-0.269186,89.0586,99.5586,-15.3589,1
36.1917,100.152,-0.269177,88.9306,99.4306,-15.3589,1
36.2,100.188,-0.269168,88.8026,99.3026,-15.3588,1
36.2083,100.225,-0.26916,88.6746,99.1746,-15.3588,1
36.2167,100.261,-0.269151,88.5466,99.0466,-15.3588,1
36.225,100.297,-0.269143,88.4187,98.9187,-15.3588,1
36.2333,100.333,-0.269134,88.2907,98.7907,-15.3587,1
36.2417,100.369,-0.269125,88.1627,98.6627,-15.3587,1
36.25,100.406,-0.269117,88.0347,98.5347,-15.3586,1
36.2583,100.442,-0.269108,87.9067,98.4067,-15.3585,1
36.2667,100.478,-0.269099,87.7787,98.2787,-15.3585,1
36.275,100.514,-0.269091,87.6507,98.1507,-15.3584,1
36.2833,100.55,-0.269082,87.5227,98.0227,-15.3584,1
36.2917,100.586,-0.269073,87.3947,97.8947,-15.3583,1
36.3,100.623,-0.269065,87.2668,97.7668,-15.3583,1
36.3083,100.659,-0.269056,87.1388,97.6388,-15.3582,1
36.3167,100.695,-0.269048,87.0108,97.5108,-15.3582,1
36.325,100.731,-0.269039,86.8828,97.3828,-15.3581,1
36.3333,100.767,-0.26903,86.7548,97.2548,-15.3581,1
36.3417,100.803,-0.269022,86.6268,97.1268,-15.358,1
36.35,100.84,-0.269013,86.4989,96.9989,-15.358,1
36.3583,100.876,-0.269004,86.3709,96.8709,-15.358,1
36.3667,100.912,-0.268996,86.2429,96.7429,-15.3579,1
36.375,100.948,-0.268987,86.1149,96.6149,-15.3579,1
36.3833,100.984,-0.268979,85.9869,96.4869,-15.3578,1
36.3917,101.021,-0.26897,85.8589,96.3589,-15.3578,1
36.4,101.057,-0.268961,85.731,96.231,-15.3577,1
36.4083,101.093,-0.268953,85.603,96.103,-15.3577,1
36.4167,101.129,-0.268944,85.475,95.975,-15.3576,1
36.425,101.165,-0.268935,85.347,95.847,-15.3576,1
36.4333,101.201,-0.268927,85.219,95.719,-15.3575,1
36.4417,101.238,-0.268918,85.0911,95.5911,-15.3575,1
36.45,101.274,-0.26891,84.9631,95.4631,-15.3574,1
36.4583,101.31,-0.268901,84.8351,95.3351,-15.3574,1
36.4667,101.346,-0.268892,84.7071,95.2071,-15.3574,1
36.475,101.382,-0.268884,84.5791,95.0791,-15.3574,1
36.4833,101.418,-0.268875,84.4512,94.9512,-15.3574,1
36.4917,101.455,-0.268866,84.3232,94.8232,-15.3574,1
36.5,101.491,-0.268858,84.1952,94.6952,-15.3574,1
36.5083,101.527,-0.268849,84.0672,94.5672,-15.3574,1
36.5167,101.563,-0.26884,83.9392,94.4392,-15.3574,1
36.525,101.599,-0.268832,83.8113,94.3113,-15.3575,1
36.5333,101.636,-0.268823,83.6833,94.1833,-15.3575,1
36.5417,101.672,-0.268815,83.5553,94.0553,-15.3575,1
36.55,101.708,-0.268806,83.4273,93.9273,-15.3575,1
36.5583,101.744,-0.268797,83.2993,93.7993,-15.3575,1
36.5667,101.78,-0.268789,83.1714,93.6714,-15.3575,1
36.575,101.816,-0.26878,83.0434,93.5434,-15.3575,1
36.5833,101.853,-0.268771,82.9154,93.4154,-15.3575,1
36.5917,101.889,-0.268763,82.7874,93.2874,-15.3575,1
36.6,101.925,-0.268754,82.6594,93.1594,-15.3575,1
36.6083,101.961,-0.268746,82.5315,93.0315,-15.3574,1
36.6167,101.997,-0.268737,82.4035,92.9035,-15.3574,1
36.625,102.033,-0.268728,82.2755,92.7755,-15.3574,1
36.6333,102.07,-0.26872,82.1475,92.6475,-15.3573,1
36.6417,102.106,-0.268711,82.0196,92.5196,-15.3573,1
36.65,102.142,-0.268702,81.8916,92.3916,-15.3572,1
36.6583,102.178,-0.268694,81.7636,92.2636,-15.3571,1
36.6667,102.214,-0.268685,81.6356,92.1356,-15.3571,1
36.675,102.251,-0.268677,81.5076,92.0076,-15.357,1
36.6833,102.287,-0.268668,81.3797,91.8797,-15.357,1
36.6917,102.323,-0.268659,81.2517,91.7517,-15.3569,1
36.7,102.359,-0.268651,81.1237,91.6237,-15.3569,1
36.7083,102.395,-0.268642,80.9957,91.4957,-15.3568,1
36.7167,102.431,-0.268633,80.8678,91.3678,-15.3568,1
36.725,102.468,-0.268625,80.7398,91.2398,-15.3567,1
36.7333,102.504,-0.268616,80.6118,91.1118,-15.3567,1
36.7417,102.54,-0.268607,80.4838,90.9838,-15.3567,1
36.75,102.576,-0.268599,80.3559,90.8559,-15.3566,1
36.7583,102.612,-0.26859,80.2279,90.7279,-15.3566,1
36.7667,102.648,-0.268582,80.0999,90.5999,-15.3565,1
36.775,102.685,-0.268573,79.972,90.472,-15.3565,1
36.7833,102.721,-0.268564,79.844,90.344,-15.3564,1
36.7917,102.757,-0.268556,79.716,90.216,-15.3564,1
36.8,102.793,-0.268547,79.588,90.088,-15.3563,1
36.8083,102.829,-0.268538,79.4601,89.9601,-15.3563,1
36.8167,102.865,-0.26853,79.3321,89.8321,-15.3562,1
36.825,102.902,-0.268521,79.2041,89.7041,-15.3562,1
36.8333,102.938,-0.268513,79.0762,89.5762,-15.3561,1
36.8417,102.974,-0.268504,78.9482,89.4482,-15.3561,1
36.85,103.01,-0.268495,78.8202,89.3202,-15.3561,1
36.8583,103.046,-0.268487,78.6923,89.1923,-15.356,1
36.8667,103.083,-0.268478,78.5643,89.0643,-15.356,1
36.875,103.119,-0.268469,78.4363,88.9363,-15.356,1
36.8833,103.155,-0.268461,78.3084,88.8084,-15.356,1
36.8917,103.191,-0.268452,78.1804,88.6804,-15.356,1
36.9,103.227,-0.268444,78.0524,88.5524,-15.356,1
36.9083,103.263,-0.268435,77.9245,88.4245,-15.3561,1
36.9167,103.3,-0.268426,77.7965,88.2965,-15.3561,1
36.925,103.336,-0.268418,77.6685,88.1685,-15.3561,1
36.9333,103.372,-0.268409,77.5406,88.0406,-15.3561,1
36.9417,103.408,-0.2684,77.4126,87.9126,-15.3561,1
36.95,103.444,-0.268392,77.2846,87.7846,-15.3562,1
36.9583,103.48,-0.268383,77.1567,87.6567,-15.3562,1
36.9667,103.517,-0.268375,77.0287,87.5287,-15.3562,1
36.975,103.553,-0.268366,76.9007,87.4007,-15.3561,1
36.9833,103.589,-0.268357,76.7727,87.2727,-15.3561,1
36.9917,103.625,-0.268349,76.6448,87.1448,-15.3561,1
37,103.661,-0.26834,76.5168,87.0168,-15.3561,1
37.0083,103.698,-0.268331,76.3888,86.8888,-15.356,1
37.0167,103.734,-0.268323,76.2609,86.7609,-15.356,1
37.025,103.77,-0.268314,76.1329,86.6329,-15.356,1
37.0333,103.806,-0.268306,76.0049,86.5049,-15.3559,1
37.0417,103.842,-0.268297,75.877,86.377,-15.3558,1
37.05,103.878,-0.268288,75.749,86.249,-15.3558,1
37.0583,103.915,-0.26828,75.621,86.121,-15.3557,1
37.0667,103.951,-0.268271,75.4931,85.9931,-15.3557,1
37.075,103.987,-0.268262,75.3651,85.8651,-15.3556,1
37.0833,104.023,-0.268254,75.2371,85.7371,-15.3556,1
37.0917,104.059,-0.268245,75.1092,85.6092,-15.3555,1
37.1,104.095,-0.268237,74.9812,85.4812,-15.3555,1
37.1083,104.132,-0.268228,74.8533,85.3533,-15.3554,1
37.1167,104.168,-0.268219,74.7253,85.2253,-15.3554,1
37.125,104.204,-0.268211,74.5973,85.0973,-15.3554,1
37.1333,104.24,-0.268202,74.4694,84.9694,-15.3553,1
37.1417,104.276,-0.268193,74.3414,84.8414,-15.3553,1
37.15,104.313,-0.268185,74.2135,84.7135,-15.3552,1
37.1583,104.349,-0.268176,74.0855,84.5855,-15.3552,1
37.1667,104.385,-0.268167,73.9575,84.4575,-15.3551,1
37.175,104.421,-0.268159,73.8296,84.3296,-15.3551,1
37.1833,104.457,-0.26815,73.7016,84.2016,-15.355,1
37.1917,104.493,-0.268142,73.5737,84.0737,-15.355,1
37.2,104.53,-0.268133,73.4457,83.9457,-15.3549,1
37.2083,104.566,-0.268124,73.3177,83.8177,-15.3549,1
37.2167,104.602,-0.268116,73.1898,83.6898,-15.3548,1
37.225,104.638,-0.268107,73.0618,83.5618,-15.3548,1
37.2333,104.674,-0.268098,72.9339,83.4339,-15.3547,1
37.2417,104.71,-0.26809,72.8059,83.3059,-15.3547,1
37.25,104.747,-0.268081,72.6779,83.1779,-15.3547,1
37.2583,104.783,-0.268073,72.55,83.05,-15.3547,1
37.2667,104.819,-0.268064,72.422,82.922,-15.3547,1
37.275,104.855,-0.268055,72.2941,82.7941,-15.3547,1
37.2833,104.891,-0.268047,72.1661,82.6661,-15.3547,1
37.2917,104.928,-0.268038,72.0382,82.5382,-15.3547,1
37.3,104.964,-0.268029,71.9102,82.4102,-15.3547,1
37.3083,105,-0.268021,71.7823,82.2823,-15.3547,1
37.3167,105.036,-0.268012,71.6543,82.1543,-15.3547,1
37.325,105.072,-0.268004,71.5263,82.0263,-15.3548,1
37.3333,105.108,-0.267995,71.3984,81.8984,-15.3548,1
37.3417,105.145,-0.267986,71.2704,81.7704,-15.3548,1
37.35,105.181,-0.267978,71.1425,81.6425,-15.3548,1
37.3583,105.217,-0.267969,71.0145,81.5145,-15.3548,1
37.3667,105.253,-0.26796,70.8866,81.3866,-15.3548,1
37.375,105.289,-0.267952,70.7586,81.2586,-15.3548,1
37.3833,105.325,-0.267943,70.6306,81.1306,-15.3548,1
37.3917,105.362,-0.267935,70.5027,81.0027,-15.3547,1
37.4,105.398,-0.267926,70.3747,80.8747,-15.3547,1
37.4083,105.434,-0.267917,70.2468,80.7468,-15.3547,1
37.4167,105.47,-0.267909,70.1188,80.6188,-15.3546,1
37.425,105.506,-0.2679,69.9909,80.4909,-15.3546,1
37.4333,105.543,-0.267891,69.8629,80.3629,-15.3545,1
37.4417,105.579,-0.267883,69.7349,80.2349,-15.3544,1
37.45,105.615,-0.267874,69.607,80.107,-15.3544,1
37.4583,105.651,-0.267866,69.479,79.979,-15.3543,1
37.4667,105.687,-0.267857,69.3511,79.8511,-15.3543,1
37.475,105.723,-0.267848,69.2231,79.7231,-15.3542,1
37.4833,105.76,-0.26784,69.0952,79.5952,-15.3542,1
37.4917,105.796,-0.267831,68.9672,79.4672,-15.3541,1
37.5,105.832,-0.267822,68.8393,79.3393,-15.3541,1
37.5083,105.868,-0.267814,68.7113,79.2113,-15.3541,1
37.5167,105.904,-0.267805,68.5834,79.0834,-15.354,1
37.525,105.94,-0.267797,68.4554,78.9554,-15.354,1
37.5333,105.977,-0.267788,68.3275,78.8275,-15.3539,1
37.5417,106.013,-0.267779,68.1995,78.6995,-15.3539,1
37.55,106.049,-0.267771,68.0716,78.5716,-15.3538,1
37.5583,106.085,-0.267762,67.9436,78.4436,-15.3538,1
37.5667,106.121,-0.267753,67.8157,78.3157,-15.3537,1
37.575,106.157,-0.267745,67.6877,78.1877,-15.3537,1
37.5833,106.194,-0.267736,67.5598,78.0598,-15.3537,1
37.5917,106.23,-0.267728,67.4318,77.9318,-15.3536,1
37.6,106.266,-0.267719,67.3039,77.8039,-15.3536,1
37.6083,106.302,-0.26771,67.1759,77.6759,-15.3535,1
37.6167,106.338,-0.267702,67.048,77.548,-15.3535,1
37.625,106.375,-0.267693,66.92,77.42,-15.3534,1
37.6333,106.411,-0.267684,66.7921,77.2921,-15.3534,1
37.6417,106.447,-0.267676,66.6642,77.1642,-15.3534,1
37.65,106.483,-0.267667,66.5362,77.0362,-15.3533,1
37.6583,106.519,-0.267659,66.4083,76.9083,-15.3533,1
37.6667,106.555,-0.26765,66.2803,76.7803,-15.3533,1
37.675,106.592,-0.267641,66.1524,76.6524,-15.3533,1
37.6833,106.628,-0.267633,66.0244,76.5244,-15.3533,1
37.6917,106.664,-0.267624,65.8965,76.3965,-15.3533,1
37.7,106.7,-0.267615,65.7685,76.2685,-15.3534,1
37.7083,106.736,-0.267607,65.6406,76.1406,-15.3534,1
37.7167,106.772,-0.267598,65.5126,76.0126,-15.3534,1
37.725,106.809,-0.26759,65.3847,75.8847,-15.3534,1
37.7333,106.845,-0.267581,65.2568,75.7568,-15.3534,1
37.7417,106.881,-0.267572,65.1288,75.6288,-15.3534,1
37.75,106.917,-0.267564,65.0009,75.5009,-15.3534,1
37.7583,106.953,-0.267555,64.8729,75.3729,-15.3534,1
37.7667,106.99,-0.267546,64.745,75.245,-15.3534,1
37.775,107.026,-0.267538,64.617,75.117,-15.3534,1
37.7833,107.062,-0.267529,64.4891,74.9891,-15.3534,1
37.7917,107.098,-0.267521,64.3611,74.8611,-15.3534,1
37.8,107.134,-0.267512,64.2332,74.7332,-15.3533,1
37.8083,107.17,-0.267503,64.1052,74.6052,-15.3533,1
37.8167,107.207,-0.267495,63.9773,74.4773,-15.3532,1
37.825,107.243,-0.267486,63.8494,74.3494,-15.3532,1
37.8333,107.279,-0.267477,63.7214,74.2214,-15.3531,1
37.8417,107.315,-0.267469,63.5935,74.0935,-15.3531,1
37.85,107.351,-0.26746,63.4655,73.9655,-15.353,1
37.8583,107.387,-0.267452,63.3376,73.8376,-15.353,1
37.8667,107.424,-0.267443,63.2096,73.7096,-15.3529,1
37.875,107.46,-0.267434,63.0817,73.5817,-15.3529,1
37.8833,107.496,-0.267426,62.9538,73.4538,-15.3528,1
37.8917,107.532,-0.267417,62.8258,73.3258,-15.3528,1
37.9,107.568,-0.267408,62.6979,73.1979,-15.3527,1
37.9083,107.605,-0.2674,62.5699,73.0699,-15.3527,1
37.9167,107.641,-0.267391,62.442,72.942,-15.3526,1
37.925,107.677,-0.267383,62.3141,72.8141,-15.3526,1
37.9333,107.713,-0.267374,62.1861,72.6861,-15.3525,1
37.9417,107.749,-0.267365,62.0582,72.5582,-15.3525,1
37.95,107.785,-0.267357,61.9302,72.4302,-15.3525,1
37.9583,107.822,-0.267348,61.8023,72.3023,-15.3524,1
37.9667,107.858,-0.267339,61.6744,72.1744,-15.3524,1
37.975,107.894,-0.267331,61.5464,72.0464,-15.3523,1
37.9833,107.93,-0.267322,61.4185,71.9185,-15.3523,1
37.9917,107.966,-0.267314,61.2906,71.7906,-15.3522,1
38,108.002,-0.267305,61.1626,71.6626,-15.3522,1
38.0083,108.039,-0.267296,61.0347,71.5347,-15.3521,1
38.0167,108.075,-0.267288,60.9068,71.4068,-15.3521,1
38.025,108.111,-0.267279,60.7788,71.2788,-15.352,1
38.0333,108.147,-0.26727,60.6509,71.1509,-15.352,1
38.0417,108.183,-0.267262,60.523,71.023,-15.352,1
38.05,108.22,-0.267253,60.395,70.895,-15.352,1
38.0583,108.256,-0.267245,60.2671,70.7671,-15.352,1
38.0667,108.292,-0.267236,60.1392,70.6392,-15.352,1
38.075,108.328,-0.267227,60.0112,70.5112,-15.352,1
38.0833,108.364,-0.267219,59.8833,70.3833,-15.352,1
38.0917,108.4,-0.26721,59.7554,70.2554,-15.352,1
38.1,108.437,-0.267201,59.6274,70.1274,-15.352,1
38.1083,108.473,-0.267193,59.4995,69.9995,-15.352,1
38.1167,108.509,-0.267184,59.3716,69.8716,-15.3521,1
38.125,108.545,-0.267176,59.2436,69.7436,-15.3521,1
38.1333,108.581,-0.267167,59.1157,69.6157,-15.3521,1
38.1417,108.617,-0.267158,58.9877,69.4877,-15.3521,1
38.15,108.654,-0.26715,58.8598,69.3598,-15.3521,1
38.1583,108.69,-0.267141,58.7319,69.2319,-15.3521,1
38.1667,108.726,-0.267132,58.6039,69.1039,-15.3521,1
38.175,108.762,-0.267124,58.476,68.976,-15.352,1
38.1833,108.798,-0.267115,58.3481,68.8481,-15.352,1
38.1917,108.835,-0.267107,58.2201,68.7201,-15.352,1
38.2,108.871,-0.267098,58.0922,68.5922,-15.3519,1
38.2083,108.907,-0.267089,57.9643,68.4643,-15.3519,1
38.2167,108.943,-0.267081,57.8363,68.3363,-15.3518,1
38.225,108.979,-0.267072,57.7084,68.2084,-15.3518,1
38.2333,109.015,-0.267063,57.5805,68.0805,-15.3517,1
38.2417,109.052,-0.267055,57.4525,67.9525,-15.3517,1
38.25,109.088,-0.267046,57.3246,67.8246,-15.3516,1
38.2583,109.124,-0.267038,57.1967,67.6967,-15.3516,1
38.2667,109.16,-0.267029,57.0688,67.5688,-15.3515,1
38.275,109.196,-0.26702,56.9408,67.4408,-15.3515,1
38.2833,109.232,-0.267012,56.8129,67.3129,-15.3514,1
38.2917,109.269,-0.267003,56.685,67.185,-15.3514,1
38.3,109.305,-0.266994,56.557,67.057,-15.3513,1
38.3083,109.341,-0.266986,56.4291,66.9291,-15.3513,1
38.3167,109.377,-0.266977,56.3012,66.8012,-15.3513,1
38.325,109.413,-0.266969,56.1733,66.6733,-15.3512,1
38.3333,109.45,-0.26696,56.0453,66.5453,-15.3512,1
38.3417,109.486,-0.266951,55.9174,66.4174,-15.3511,1
38.35,109.522,-0.266943,55.7895,66.2895,-15.3511,1
38.3583,109.558,-0.266934,55.6615,66.1615,-15.351,1
38.3667,109.594,-0.266925,55.5336,66.0336,-15.351,1
38.375,109.63,-0.266917,55.4057,65.9057,-15.3509,1
38.3833,109.667,-0.266908,55.2778,65.7778,-15.3509,1
38.3917,109.703,-0.2669,55.1498,65.6498,-15.3508,1
38.4,109.739,-0.266891,55.0219,65.5219,-15.3508,1
38.4083,109.775,-0.266882,54.894,65.394,-15.3507,1
38.4167,109.811,-0.266874,54.7661,65.2661,-15.3507,1
38.425,109.847,-0.266865,54.6382,65.1382,-15.3507,1
38.4333,109.884,-0.266856,54.5102,65.0102,-15.3507,1
38.4417,109.92,-0.266848,54.3823,64.8823,-15.3506,1
38.45,109.956,-0.266839,54.2544,64.7544,-15.3506,1
38.4583,109.992,-0.266831,54.1265,64.6265,-15.3506,1
38.4667,110.028,-0.266822,53.9985,64.4985,-15.3506,1
38.475,110.064,-0.266813,53.8706,64.3706,-15.3506,1
38.4833,110.101,-0.266805,53.7427,64.2427,-15.3506,1
38.4917,110.137,-0.266796,53.6148,64.1148,-15.3507,1
38.5,110.173,-0.266788,53.4868,63.9868,-15.3507,1
38.5083,110.209,-0.266779,53.3589,63.8589,-15.3507,1
38.5167,110.245,-0.26677,53.231,63.731,-15.3507,1
38.525,110.282,-0.266762,53.1031,63.6031,-15.3507,1
38.5333,110.318,-0.266753,52.9752,63.4752,-15.3507,1
38.5417,110.354,-0.266744,52.8472,63.3472,-15.3507,1
38.55,110.39,-0.266736,52.7193,63.2193,-15.3507,1
38.5583,110.426,-0.266727,52.5914,63.0914,-15.3507,1
38.5667,110.462,-0.266719,52.4635,62.9635,-15.3507,1
38.575,110.499,-0.26671,52.3355,62.8355,-15.3507,1
38.5833,110.535,-0.266701,52.2076,62.7076,-15.3506,1
38.5917,110.571,-0.266693,52.0797,62.5797,-15.3506,1
38.6,110.607,-0.266684,51.9518,62.4518,-15.3505,1
38.6083,110.643,-0.266675,51.8238,62.3238,-15.3505,1
38.6167,110.679,-0.266667,51.6959,62.1959,-15.3504,1
38.625,110.716,-0.266658,51.568,62.068,-15.3504,1
38.6333,110.752,-0.26665,51.4401,61.9401,-15.3503,1
38.6417,110.788,-0.266641,51.3122,61.8122,-15.3503,1
38.65,110.824,-0.266632,51.1842,61.6842,-15.3502,1
38.6583,110.86,-0.266624,51.0563,61.5563,-15.3502,1
38.6667,110.897,-0.266615,50.9284,61.4284,-15.3501,1
38.675,110.933,-0.266606,50.8005,61.3005,-15.3501,1
38.6833,110.969,-0.266598,50.6726,61.1726,-15.3501,1
38.6917,111.005,-0.266589,50.5447,61.0447,-15.35,1
38.7,111.041,-0.266581,50.4167,60.9167,-15.35,1
38.7083,111.077,-0.266572,50.2888,60.7888,-15.3499,1
38.7167,111.114,-0.266563,50.1609,60.6609,-15.3499,1
38.725,111.15,-0.266555,50.033,60.533,-15.3498,1
38.7333,111.186,-0.266546,49.9051,60.4051,-15.3498,1
38.7417,111.222,-0.266537,49.7772,60.2772,-15.3497,1
38.75,111.258,-0.266529,49.6492,60.1492,-15.3497,1
38.7583,111.294,-0.26652,49.5213,60.0213,-15.3496,1
38.7667,111.331,-0.266512,49.3934,59.8934,-15.3496,1
38.775,111.367,-0.266503,49.2655,59.7655,-15.3496,1
38.7833,111.403,-0.266494,49.1376,59.6376,-15.3495,1
38.7917,111.439,-0.266486,49.0097,59.5097,-15.3495,1
38.8,111.475,-0.266477,48.8818,59.3818,-15.3494,1
38.8083,111.512,-0.266468,48.7538,59.2538,-15.3494,1
38.8167,111.548,-0.26646,48.6259,59.1259,-15.3493,1
38.825,111.584,-0.266451,48.498,58.998,-15.3493,1
38.8333,111.62,-0.266443,48.3701,58.8701,-15.3493,1
38.8417,111.656,-0.266434,48.2422,58.7422,-15.3493,1
38.85,111.692,-0.266425,48.1143,58.6143,-15.3493,1
38.8583,111.729,-0.266417,47.9864,58.4864,-15.3493,1
38.8667,111.765,-0.266408,47.8585,58.3585,-15.3493,1
38.875,111.801,-0.2664,47.7306,58.2306,-15.3493,1
38.8833,111.837,-0.266391,47.6026,58.1026,-15.3493,1
38.8917,111.873,-0.266382,47.4747,57.9747,-15.3493,1
38.9,111.909,-0.266374,47.3468,57.8468,-15.3494,1
38.9083,111.946,-0.266365,47.2189,57.7189,-15.3494,1
38.9167,111.982,-0.266356,47.091,57.591,-15.3494,1
38.925,112.018,-0.266348,46.9631,57.4631,-15.3494,1
38.9333,112.054,-0.266339,46.8352,57.3352,-15.3494,1
38.9417,112.09,-0.266331,46.7073,57.2073,-15.3494,1
38.95,112.127,-0.266322,46.5793,57.0793,-15.3494,1
38.9583,112.163,-0.266313,46.4514,56.9514,-15.3493,1
38.9667,112.199,-0.266305,46.3235,56.8235,-15.3493,1
38.975,112.235,-0.266296,46.1956,56.6956,-15.3493,1
38.9833,112.271,-0.266287,46.0677,56.5677,-15.3492,1
38.9917,112.307,-0.266279,45.9398,56.4398,-15.3492,1
39,112.344,-0.26627,45.8119,56.3119,-15.3492,1
39.0083,112.38,-0.266262,45.684,56.184,-15.3491,1
39.0167,112.416,-0.266253,45.5561,56.0561,-15.3491,1
39.025,112.452,-0.266244,45.4282,55.9282,-15.349,1
39.0333,112.488,-0.266236,45.3002,55.8002,-15.349,1
39.0417,112.524,-0.266227,45.1723,55.6723,-15.3489,1
39.05,112.561,-0.266218,45.0444,55.5444,-15.3489,1
39.0583,112.597,-0.26621,44.9165,55.4165,-15.3488,1
39.0667,112.633,-0.266201,44.7886,55.2886,-15.3488,1
39.075,112.669,-0.266193,44.6607,55.1607,-15.3487,1
39.0833,112.705,-0.266184,44.5328,55.0328,-15.3487,1
39.0917,112.742,-0.266175,44.4049,54.9049,-15.3486,1
39.1,112.778,-0.266167,44.277,54.777,-15.3486,1
39.1083,112.814,-0.266158,44.1491,54.6491,-15.3485,1
39.1167,112.85,-0.26615,44.0212,54.5212,-15.3485,1
39.125,112.886,-0.266141,43.8933,54.3933,-15.3484,1
39.1333,112.922,-0.266132,43.7654,54.2654,-15.3484,1
39.1417,112.959,-0.266124,43.6375,54.1375,-15.3484,1
39.15,112.995,-0.266115,43.5096,54.0096,-15.3483,1
39.1583,113.031,-0.266106,43.3817,53.8817,-15.3483,1
39.1667,113.067,-0.266098,43.2538,53.7538,-15.3482,1
39.175,113.103,-0.266089,43.1259,53.6259,-15.3482,1
39.1833,113.139,-0.266081,42.9979,53.4979,-15.3481,1
39.1917,113.176,-0.266072,42.87,53.37,-15.3481,1
39.2,113.212,-0.266063,42.7421,53.2421,-15.348,1
39.2083,113.248,-0.266055,42.6142,53.1142,-15.348,1
39.2167,113.284,-0.266046,42.4863,52.9863,-15.348,1
39.225,113.32,-0.266037,42.3584,52.8584,-15.348,1
39.2333,113.357,-0.266029,42.2305,52.7305,-15.3479,1
39.2417,113.393,-0.26602,42.1026,52.6026,-15.3479,1
39.25,113.429,-0.266012,41.9747,52.4747,-15.3479,1
39.2583,113.465,-0.266003,41.8468,52.3468,-15.3479,1
39.2667,113.501,-0.265994,41.7189,52.2189,-15.3479,1
39.275,113.537,-0.265986,41.591,52.091,-15.348,1
39.2833,113.574,-0.265977,41.4631,51.9631,-15.348,1
39.2917,113.61,-0.265969,41.3352,51.8352,-15.348,1
39.3,113.646,-0.26596,41.2073,51.7073,-15.348,1
39.3083,113.682,-0.265951,41.0794,51.5794,-15.348,1
39.3167,113.718,-0.265943,40.9515,51.4515,-15.348,1
39.325,113.754,-0.265934,40.8236,51.3236,-15.348,1
39.3333,113.791,-0.265925,40.6957,51.1957,-15.348,1
39.3417,113.827,-0.265917,40.5678,51.0678,-15.348,1
39.35,113.863,-0.265908,40.4399,50.9399,-15.348,1
39.3583,113.899,-0.2659,40.312,50.812,-15.348,1
39.3667,113.935,-0.265891,40.1841,50.6841,-15.3479,1
39.375,113.972,-0.265882,40.0562,50.5562,-15.3479,1
39.3833,114.008,-0.265874,39.9283,50.4283,-15.3479,1
39.3917,114.044,-0.265865,39.8004,50.3004,-15.3478,1
39.4,114.08,-0.265856,39.6725,50.1725,-15.3478,1
39.4083,114.116,-0.265848,39.5446,50.0446,-15.3477,1
39.4167,114.152,-0.265839,39.4167,49.9167,-15.3477,1
39.425,114.189,-0.265831,39.2888,49.7888,-15.3476,1
39.4333,114.225,-0.265822,39.1609,49.6609,-15.3476,1
39.4417,114.261,-0.265813,39.033,49.533,-15.3475,1
39.45,114.297,-0.265805,38.9052,49.4052,-15.3475,1
39.4583,114.333,-0.265796,38.7773,49.2773,-15.3474,1
39.4667,114.369,-0.265787,38.6494,49.1494,-15.3474,1
39.475,114.406,-0.265779,38.5215,49.0215,-15.3473,1
39.4833,114.442,-0.26577,38.3936,48.8936,-15.3473,1
39.4917,114.478,-0.265762,38.2657,48.7657,-15.3472,1
39.5,114.514,-0.265753,38.1378,48.6378,-15.3472,1
39.5083,114.55,-0.265744,38.0099,48.5099,-15.3472,1
39.5167,114.587,-0.265736,37.882,48.382,-15.3471,1
39.525,114.623,-0.265727,37.7541,48.2541,-15.3471,1
39.5333,114.659,-0.265719,37.6262,48.1262,-15.347,1
39.5417,114.695,-0.26571,37.4983,47.9983,-15.347,1
39.55,114.731,-0.265701,37.3704,47.8704,-15.3469,1
39.5583,114.767,-0.265693,37.2425,47.7425,-15.3469,1
39.5667,114.804,-0.265684,37.1146,47.6146,-15.3468,1
39.575,114.84,-0.265675,36.9868,47.4868,-15.3468,1
39.5833,114.876,-0.265667,36.8589,47.3589,-15.3468,1
39.5917,114.912,-0.265658,36.731,47.231,-15.3467,1
39.6,114.948,-0.26565,36.6031,47.1031,-15.3467,1
39.6083,114.984,-0.265641,36.4752,46.9752,-15.3466,1
39.6167,115.021,-0.265632,36.3473,46.8473,-15.3466,1
39.625,115.057,-0.265624,36.2194,46.7194,-15.3466,1
39.6333,115.093,-0.265615,36.0915,46.5915,-15.3466,1
39.6417,115.129,-0.265607,35.9636,46.4636,-15.3466,1
39.65,115.165,-0.265598,35.8357,46.3357,-15.3466,1
39.6583,115.202,-0.265589,35.7079,46.2079,-15.3466,1
39.6667,115.238,-0.265581,35.58,46.08,-15.3466,1
39.675,115.274,-0.265572,35.4521,45.9521,-15.3466,1
39.6833,115.31,-0.265563,35.3242,45.8242,-15.3466,1
39.6917,115.346,-0.265555,35.1963,45.6963,-15.3467,1
39.7,115.382,-0.265546,35.0684,45.5684,-15.3467,1
39.7083,115.419,-0.265538,34.9405,45.4405,-15.3467,1
39.7167,115.455,-0.265529,34.8126,45.3126,-15.3467,1
39.725,115.491,-0.26552,34.6847,45.1847,-15.3467,1
39.7333,115.527,-0.265512,34.5569,45.0569,-15.3467,1
39.7417,115.563,-0.265503,34.429,44.929,-15.3467,1
39.75,115.599,-0.265494,34.3011,44.8011,-15.3466,1
39.7583,115.636,-0.265486,34.1732,44.6732,-15.3466,1
39.7667,115.672,-0.265477,34.0453,44.5453,-15.3466,1
39.775,115.708,-0.265469,33.9174,44.4174,-15.3465,1
39.7833,115.744,-0.26546,33.7895,44.2895,-15.3465,1
39.7917,115.78,-0.265451,33.6616,44.1616,-15.3464,1
39.8,115.816,-0.265443,33.5337,44.0337,-15.3464,1
39.8083,115.853,-0.265434,33.4059,43.9059,-15.3463,1
39.8167,115.889,-0.265426,33.278,43.778,-15.3463,1
39.825,115.925,-0.265417,33.1501,43.6501,-15.3462,1
39.8333,115.961,-0.265408,33.0222,43.5222,-15.3462,1
39.8417,115.997,-0.2654,32.8943,43.3943,-15.3461,1
39.85,116.034,-0.265391,32.7664,43.2664,-15.3461,1
39.8583,116.07,-0.265382,32.6385,43.1385,-15.346,1
39.8667,116.106,-0.265374,32.5107,43.0107,-15.346,1
39.875,116.142,-0.265365,32.3828,42.8828,-15.346,1
39.8833,116.178,-0.265357,32.2549,42.7549,-15.3459,1
39.8917,116.214,-0.265348,32.127,42.627,-15.3459,1
39.9,116.251,-0.265339,31.9991,42.4991,-15.3458,1
39.9083,116.287,-0.265331,31.8712,42.3712,-15.3458,1
39.9167,116.323,-0.265322,31.7434,42.2434,-15.3457,1
39.925,116.359,-0.265313,31.6155,42.1155,-15.3457,1
39.9333,116.395,-0.265305,31.4876,41.9876,-15.3456,1
39.9417,116.431,-0.265296,31.3597,41.8597,-15.3456,1
39.95,116.468,-0.265288,31.2318,41.7318,-15.3456,1
39.9583,116.504,-0.265279,31.104,41.604,-15.3455,1
39.9667,116.54,-0.26527,30.9761,41.4761,-15.3455,1
39.975,116.576,-0.265262,30.8482,41.3482,-15.3454,1
39.9833,116.612,-0.265253,30.7203,41.2203,-15.3454,1
39.9917,116.649,-0.265245,30.5924,41.0924,-15.3453,1
40,116.685,-0.265236,30.4646,40.9646,-15.3453,1
40.0083,116.721,-0.265227,30.3367,40.8367,-15.3453,1
40.0167,116.757,-0.265219,30.2088,40.7088,-15.3453,1
40.025,116.793,-0.26521,30.0809,40.5809,-15.3453,1
40.0333,116.829,-0.265201,29.9531,40.4531,-15.3452,1
40.0417,116.866,-0.265193,29.8252,40.3252,-15.3452,1
40.05,116.902,-0.265184,29.6973,40.1973,-15.3452,1
40.0583,116.938,-0.265176,29.5694,40.0694,-15.3453,1
40.0667,116.974,-0.265167,29.4415,39.9415,-15.3453,1
40.075,117.01,-0.265158,29.3137,39.8137,-15.3453,1
40.0833,117.046,-0.26515,29.1858,39.6858,-15.3453,1
40.0917,117.083,-0.265141,29.0579,39.5579,-15.3453,1
40.1,117.119,-0.265133,28.93,39.43,-15.3453,1
40.1083,117.155,-0.265124,28.8021,39.3021,-15.3453,1
40.1167,117.191,-0.265115,28.6743,39.1743,-15.3453,1
40.125,117.227,-0.265107,28.5464,39.0464,-15.3453,1
40.1333,117.264,-0.265098,28.4185,38.9185,-15.3453,1
40.1417,117.3,-0.265089,28.2906,38.7906,-15.3453,1
40.15,117.336,-0.265081,28.1628,38.6628,-15.3453,1
40.1583,117.372,-0.265072,28.0349,38.5349,-15.3452,1
40.1667,117.408,-0.265064,27.907,38.407,-15.3452,1
40.175,117.444,-0.265055,27.7791,38.2791,-15.3451,1
40.1833,117.481,-0.265046,27.6512,38.1512,-15.3451,1
40.1917,117.517,-0.265038,27.5234,38.0234,-15.345,1
40.2,117.553,-0.265029,27.3955,37.8955,-15.345,1
40.2083,117.589,-0.265021,27.2676,37.7676,-15.3449,1
40.2167,117.625,-0.265012,27.1397,37.6397,-15.3449,1
40.225,117.661,-0.265003,27.0119,37.5119,-15.3449,1
40.2333,117.698,-0.264995,26.884,37.384,-15.3448,1
40.2417,117.734,-0.264986,26.7561,37.2561,-15.3448,1
40.25,117.77,-0.264977,26.6282,37.1282,-15.3447,1
40.2583,117.806,-0.264969,26.5004,37.0004,-15.3447,1
40.2667,117.842,-0.26496,26.3725,36.8725,-15.3446,1
40.275,117.879,-0.264952,26.2446,36.7446,-15.3446,1
40.2833,117.915,-0.264943,26.1168,36.6168,-15.3445,1
40.2917,117.951,-0.264934,25.9889,36.4889,-15.3445,1
40.3,117.987,-0.264926,25.861,36.361,-15.3444,1
40.3083,118.023,-0.264917,25.7331,36.2331,-15.3444,1
40.3167,118.059,-0.264908,25.6053,36.1053,-15.3443,1
40.325,118.096,-0.2649,25.4774,35.9774,-15.3443,1
40.3333,118.132,-0.264891,25.3495,35.8495,-15.3443,1
40.3417,118.168,-0.264883,25.2217,35.7217,-15.3442,1
40.35,118.204,-0.264874,25.0938,35.5938,-15.3442,1
40.3583,118.24,-0.264865,24.9659,35.4659,-15.3441,1
40.3667,118.276,-0.264857,24.8381,35.3381,-15.3441,1
40.375,118.313,-0.264848,24.7102,35.2102,-15.344,1
40.3833,118.349,-0.26484,24.5823,35.0823,-15.344,1
40.3917,118.385,-0.264831,24.4545,34.9545,-15.344,1
40.4,118.421,-0.264822,24.3266,34.8266,-15.3439,1
40.4083,118.457,-0.264814,24.1987,34.6987,-15.3439,1
40.4167,118.494,-0.264805,24.0709,34.5709,-15.3439,1
40.425,118.53,-0.264796,23.943,34.443,-15.3439,1
40.4333,118.566,-0.264788,23.8151,34.3151,-15.3439,1
40.4417,118.602,-0.264779,23.6873,34.1873,-15.3439,1
40.45,118.638,-0.264771,23.5594,34.0594,-15.3439,1
40.4583,118.674,-0.264762,23.4315,33.9315,-15.3439,1
40.4667,118.711,-0.264753,23.3037,33.8037,-15.3439,1
40.475,118.747,-0.264745,23.1758,33.6758,-15.344,1
40.4833,118.783,-0.264736,23.0479,33.5479,-15.344,1
40.4917,118.819,-0.264728,22.9201,33.4201,-15.344,1
40.5,118.855,-0.264719,22.7922,33.2922,-15.344,1
40.5083,118.891,-0.26471,22.6643,33.1643,-15.344,1
40.5167,118.928,-0.264702,22.5365,33.0365,-15.344,1
40.525,118.964,-0.264693,22.4086,32.9086,-15.344,1
40.5333,119,-0.264684,22.2807,32.7807,-15.3439,1
40.5417,119.036,-0.264676,22.1529,32.6529,-15.3439,1
40.55,119.072,-0.264667,22.025,32.525,-15.3439,1
40.5583,119.109,-0.264659,21.8971,32.3971,-15.3439,1
40.5667,119.145,-0.26465,21.7693,32.2693,-15.3438,1
40.575,119.181,-0.264641,21.6414,32.1414,-15.3438,1
40.5833,119.217,-0.264633,21.5135,32.0135,-15.3437,1
40.5917,119.253,-0.264624,21.3857,31.8857,-15.3437,1
40.6,119.289,-0.264616,21.2578,31.7578,-15.3436,1
40.6083,119.326,-0.264607,21.1299,31.6299,-15.3436,1
40.6167,119.362,-0.264598,21.0021,31.5021,-15.3435,1
40.625,119.398,-0.26459,20.8742,31.3742,-15.3435,1
40.6333,119.434,-0.264581,20.7463,31.2463,-15.3434,1
40.6417,119.47,-0.264572,20.6185,31.1185,-15.3434,1
40.65,119.506,-0.264564,20.4906,30.9906,-15.3433,1
40.6583,119.543,-0.264555,20.3628,30.8628,-15.3433,1
40.6667,119.579,-0.264547,20.2349,30.7349,-15.3432,1
40.675,119.615,-0.264538,20.107,30.607,-15.3432,1
40.6833,119.651,-0.264529,19.9792,30.4792,-15.3431,1
40.6917,119.687,-0.264521,19.8513,30.3513,-15.3431,1
40.7,119.724,-0.264512,19.7235,30.2235,-15.343,1
40.7083,119.76,-0.264504,19.5956,30.0956,-15.343,1
40.7167,119.796,-0.264495,19.4677,29.9677,-15.343,1
40.725,119.832,-0.264486,19.3399,29.8399,-15.3429,1
40.7333,119.868,-0.264478,19.212,29.712,-15.3429,1
40.7417,119.904,-0.264469,19.0842,29.5842,-15.3428,1
40.75,119.941,-0.26446,18.9563,29.4563,-15.3428,1
40.7583,119.977,-0.264452,18.8284,29.3284,-15.3427,1
40.7667,120.013,-0.264443,18.7006,29.2006,-15.3427,1
40.775,120.049,-0.264435,18.5727,29.0727,-15.3427,1
40.7833,120.085,-0.264426,18.4449,28.9449,-15.3426,1
40.7917,120.121,-0.264417,18.317,28.817,-15.3426,1
40.8,120.158,-0.264409,18.1892,28.6892,-15.3426,1
40.8083,120.194,-0.2644,18.0613,28.5613,-15.3426,1
40.8167,120.23,-0.264392,17.9335,28.4335,-15.3426,1
40.825,120.266,-0.264383,17.8056,28.3056,-15.3426,1
40.8333,120.302,-0.264374,17.6777,28.1777,-15.3426,1
40.8417,120.339,-0.264366,17.5499,28.0499,-15.3426,1
40.85,120.375,-0.264357,17.422,27.922,-15.3426,1
40.8583,120.411,-0.264349,17.2942,27.7942,-15.3426,1
40.8667,120.447,-0.26434,17.1663,27.6663,-15.3426,1
40.875,120.483,-0.264331,17.0385,27.5385,-15.3426,1
40.8833,120.519,-0.264323,16.9106,27.4106,-15.3426,1
40.8917,120.556,-0.264314,16.7828,27.2828,-15.3427,1
40.9,120.592,-0.264305,16.6549,27.1549,-15.3426,1
40.9083,120.628,-0.264297,16.527,27.027,-15.3426,1
40.9167,120.664,-0.264288,16.3992,26.8992,-15.3426,1
40.925,120.7,-0.26428,16.2713,26.7713,-15.3426,1
40.9333,120.736,-0.264271,16.1435,26.6435,-15.3426,1
40.9417,120.773,-0.264262,16.0156,26.5156,-15.3425,1
40.95,120.809,-0.264254,15.8878,26.3878,-15.3425,1
40.9583,120.845,-0.264245,15.7599,26.2599,-15.3425,1
40.9667,120.881,-0.264237,15.6321,26.1321,-15.3424,1
40.975,120.917,-0.264228,15.5042,26.0042,-15.3424,1
40.9833,120.954,-0.264219,15.3763,25.8763,-15.3423,1
40.9917,120.99,-0.264211,15.2485,25.7485,-15.3423,1
41,121.026,-0.264202,15.1206,25.6206,-15.3422,1
41.0083,121.062,-0.264193,14.9928,25.4928,-15.3422,1
41.0167,121.098,-0.264185,14.8649,25.3649,-15.3421,1
41.025,121.134,-0.264176,14.7371,25.2371,-15.3421,1
41.0333,121.171,-0.264168,14.6092,25.1092,-15.342,1
41.0417,121.207,-0.264159,14.4814,24.9814,-15.342,1
41.05,121.243,-0.26415,14.3535,24.8535,-15.3419,1
41.0583,121.279,-0.264142,14.2257,24.7257,-15.3419,1
41.0667,121.315,-0.264133,14.0978,24.5978,-15.3418,1
41.075,121.351,-0.264125,13.97,24.47,-15.3418,1
41.0833,121.388,-0.264116,13.8421,24.3421,-15.3417,1
41.0917,121.424,-0.264107,13.7143,24.2143,-15.3417,1
41.1,121.46,-0.264099,13.5864,24.0864,-15.3417,1
41.1083,121.496,-0.26409,13.4586,23.9586,-15.3416,1
41.1167,121.532,-0.264081,13.3307,23.8307,-15.3416,1
41.125,121.569,-0.264073,13.2029,23.7029,-15.3415,1
41.1333,121.605,-0.264064,13.0751,23.5751,-15.3415,1
41.1417,121.641,-0.264056,12.9472,23.4472,-15.3414,1
41.15,121.677,-0.264047,12.8194,23.3194,-15.3414,1
41.1583,121.713,-0.264038,12.6915,23.1915,-15.3414,1
41.1667,121.749,-0.26403,12.5637,23.0637,-15.3413,1
41.175,121.786,-0.264021,12.4358,22.9358,-15.3413,1
41.1833,121.822,-0.264013,12.308,22.808,-15.3413,1
41.1917,121.858,-0.264004,12.1801,22.6801,-15.3412,1
41.2,121.894,-0.263995,12.0523,22.5523,-15.3412,1
41.2083,121.93,-0.263987,11.9244,22.4244,-15.3412,1
41.2167,121.966,-0.263978,11.7966,22.2966,-15.3412,1
41.225,122.003,-0.26397,11.6688,22.1688,-15.3412,1
41.2333,122.039,-0.263961,11.5409,22.0409,-15.3412,1
41.2417,122.075,-0.263952,11.4131,21.9131,-15.3412,1
41.25,122.111,-0.263944,11.2852,21.7852,-15.3413,1
41.2583,122.147,-0.263935,11.1574,21.6574,-15.3413,1
41.2667,122.184,-0.263926,11.0295,21.5295,-15.3413,1
41.275,122.22,-0.263918,10.9017,21.4017,-15.3413,1
41.2833,122.256,-0.263909,10.7738,21.2738,-15.3413,1
41.2917,122.292,-0.263901,10.646,21.146,-15.3413,1
41.3,122.328,-0.263892,10.5182,21.0182,-15.3413,1
41.3083,122.364,-0.263883,10.3903,20.8903,-15.3413,1
41.3167,122.401,-0.263875,10.2625,20.7625,-15.3413,1
41.325,122.437,-0.263866,10.1346,20.6346,-15.3412,1
41.3333,122.473,-0.263858,10.0068,20.5068,-15.3412,1
41.3417,122.509,-0.263849,9.87894,20.3789,-15.3412,1
41.35,122.545,-0.26384,9.75109,20.2511,-15.3411,1
41.3583,122.581,-0.263832,9.62325,20.1232,-15.3411,1
41.3667,122.618,-0.263823,9.49541,19.9954,-15.341,1
41.375,122.654,-0.263814,9.36756,19.8676,-15.341,1
41.3833,122.69,-0.263806,9.23972,19.7397,-15.3409,1
41.3917,122.726,-0.263797,9.11188,19.6119,-15.3409,1
41.4,122.762,-0.263789,8.98404,19.484,-15.3408,1
41.4083,122.799,-0.26378,8.8562,19.3562,-15.3408,1
41.4167,122.835,-0.263771,8.72836,19.2284,-15.3407,1
41.425,122.871,-0.263763,8.60052,19.1005,-15.3407,1
41.4333,122.907,-0.263754,8.47268,18.9727,-15.3406,1
41.4417,122.943,-0.263746,8.34484,18.8448,-15.3406,1
41.45,122.979,-0.263737,8.217,18.717,-15.3405,1
41.4583,123.016,-0.263728,8.08916,18.5892,-15.3405,1
41.4667,123.052,-0.26372,7.96133,18.4613,-15.3404,1
41.475,123.088,-0.263711,7.83349,18.3335,-15.3404,1
41.4833,123.124,-0.263703,7.70565,18.2057,-15.3404,1
41.4917,123.16,-0.263694,7.57782,18.0778,-15.3403,1
41.5,123.196,-0.263685,7.44998,17.95,-15.3403,1
41.5083,123.233,-0.263677,7.32214,17.8221,-15.3402,1
41.5167,123.269,-0.263668,7.19431,17.6943,-15.3402,1
41.525,123.305,-0.263659,7.06647,17.5665,-15.3401,1
41.5333,123.341,-0.263651,6.93864,17.4386,-15.3401,1
41.5417,123.377,-0.263642,6.8108,17.3108,-15.3401,1
41.55,123.414,-0.263634,6.68297,17.183,-15.34,1
41.5583,123.45,-0.263625,6.55513,17.0551,-15.34,1
41.5667,123.486,-0.263616,6.4273,16.9273,-15.34,1
41.575,123.522,-0.263608,6.29947,16.7995,-15.3399,1
41.5833,123.558,-0.263599,6.17163,16.6716,-15.3399,1
41.5917,123.594,-0.263591,6.0438,16.5438,-15.3399,1
41.6,123.631,-0.263582,5.91597,16.416,-15.3399,1
41.6083,123.667,-0.263573,5.78813,16.2881,-15.3399,1
41.6167,123.703,-0.263565,5.6603,16.1603,-15.3399,1
41.625,123.739,-0.263556,5.53247,16.0325,-15.3399,1
41.6333,123.775,-0.263548,5.40463,15.9046,-15.3399,1
41.6417,123.811,-0.263539,5.2768,15.7768,-15.3399,1
41.65,123.848,-0.26353,5.14897,15.649,-15.3399,1
41.6583,123.884,-0.263522,5.02113,15.5211,-15.3399,1
41.6667,123.92,-0.263513,4.8933,15.3933,-15.34,1
41.675,123.956,-0.263504,4.76547,15.2655,-15.34,1
41.6833,123.992,-0.263496,4.63763,15.1376,-15.34,1
41.6917,124.029,-0.263487,4.5098,15.0098,-15.34,1
41.7,124.065,-0.263479,4.38197,14.882,-15.3399,1
41.7083,124.101,-0.26347,4.25413,14.7541,-15.3399,1
41.7167,124.137,-0.263461,4.1263,14.6263,-15.3399,1
41.725,124.173,-0.263453,3.99847,14.4985,-15.3399,1
41.7333,124.209,-0.263444,3.87063,14.3706,-15.3398,1
41.7417,124.246,-0.263436,3.7428,14.2428,-15.3398,1
41.75,124.282,-0.263427,3.61497,14.115,-15.3397,1
41.7583,124.318,-0.263418,3.48714,13.9871,-15.3397,1
41.7667,124.354,-0.26341,3.35931,13.8593,-15.3396,1
41.775,124.39,-0.263401,3.23148,13.7315,-15.3396,1
41.7833,124.426,-0.263393,3.10365,13.6036,-15.3395,1
41.7917,124.463,-0.263384,2.97582,13.4758,-15.3395,1
41.8,124.499,-0.263375,2.84799,13.348,-15.3394,1
41.8083,124.535,-0.263367,2.72016,13.2202,-15.3394,1
41.8167,124.571,-0.263358,2.59233,13.0923,-15.3393,1
41.825,124.607,-0.263349,2.4645,12.9645,-15.3393,1
41.8333,124.644,-0.263341,2.33667,12.8367,-15.3392,1
41.8417,124.68,-0.263332,2.20885,12.7088,-15.3392,1
41.85,124.716,-0.263324,2.08102,12.581,-15.3391,1
41.8583,124.752,-0.263315,1.95319,12.4532,-15.3391,1
41.8667,124.788,-0.263306,1.82537,12.3254,-15.3391,1
41.875,124.824,-0.263298,1.69754,12.1975,-15.339,1
41.8833,124.861,-0.263289,1.56971,12.0697,-15.339,1
41.8917,124.897,-0.263281,1.44189,11.9419,-15.3389,1
41.9,124.933,-0.263272,1.31406,11.8141,-15.3389,1
41.9083,124.969,-0.263263,1.18624,11.6862,-15.3388,1
41.9167,125.005,-0.263255,1.05842,11.5584,-15.3388,1
41.925,125.041,-0.263246,0.930592,11.4306,-15.3388,1
41.9333,125.078,-0.263238,0.802768,11.3028,-15.3387,1
41.9417,125.114,-0.263229,0.674945,11.1749,-15.3387,1
41.95,125.15,-0.26322,0.547122,11.0471,-15.3386,1
41.9583,125.186,-0.263212,0.4193,10.9193,-15.3386,1
41.9667,125.222,-0.263203,0.291478,10.7915,-15.3386,1
41.975,125.259,-0.263194,0.163655,10.6637,-15.3386,1
41.9833,125.295,-0.263186,0.0358334,10.5358,-15.3386,1
41.9917,125.331,-0.263177,-0.0919885,10.408,-15.3385,1
42,125.367,-0.263169,-0.21981,10.2802,-15.3385,1
42.0083,125.403,-0.26316,-0.347632,10.1524,-15.3385,1
42.0167,125.439,-0.263151,-0.475454,10.0245,-15.3385,1
42.025,125.476,-0.263143,-0.603276,9.89672,-15.3386,1
42.0333,125.512,-0.263134,-0.731098,9.7689,-15.3386,1
42.0417,125.548,-0.263126,-0.85892,9.64108,-15.3386,1
42.05,125.584,-0.263117,-0.986742,9.51326,-15.3386,1
42.0583,125.62,-0.263108,-1.11456,9.38544,-15.3386,1
42.0667,125.656,-0.2631,-1.24239,9.25761,-15.3386,1
42.075,125.693,-0.263091,-1.37021,9.12979,-15.3386,1
42.0833,125.729,-0.263083,-1.49803,9.00197,-15.3386,1
42.0917,125.765,-0.263074,-1.62585,8.87415,-15.3386,1
42.1,125.801,-0.263065,-1.75368,8.74632,-15.3386,1
42.1083,125.837,-0.263057,-1.8815,8.6185,-15.3386,1
42.1167,125.874,-0.263048,-2.00932,8.49068,-15.3385,1
42.125,125.91,-0.263039,-2.13714,8.36286,-15.3385,1
42.1333,125.946,-0.263031,-2.26496,8.23504,-15.3384,1
42.1417,125.982,-0.263022,-2.39278,8.10722,-15.3384,1
42.15,126.018,-0.263014,-2.5206,7.9794,-15.3383,1
42.1583,126.054,-0.263005,-2.64842,7.85158,-15.3383,1
42.1667,126.091,-0.262996,-2.77624,7.72376,-15.3382,1
42.175,126.127,-0.262988,-2.90406,7.59594,-15.3382,1
42.1833,126.163,-0.262979,-3.03188,7.46812,-15.3381,1
42.1917,126.199,-0.262971,-3.1597,7.3403,-15.3381,1
42.2,126.235,-0.262962,-3.28752,7.21248,-15.338,1
42.2083,126.271,-0.262953,-3.41533,7.08467,-15.338,1
42.2167,126.308,-0.262945,-3.54315,6.95685,-15.3379,1
42.225,126.344,-0.262936,-3.67097,6.82903,-15.3379,1
42.2333,126.38,-0.262928,-3.79878,6.70122,-15.3378,1
42.2417,126.416,-0.262919,-3.9266,6.5734,-15.3378,1
42.25,126.452,-0.26291,-4.05442,6.44558,-15.3377,1
42.2583,126.489,-0.262902,-4.18223,6.31777,-15.3377,1
42.2667,126.525,-0.262893,-4.31004,6.18996,-15.3377,1
42.275,126.561,-0.262885,-4.43786,6.06214,-15.3376,1
42.2833,126.597,-0.262876,-4.56567,5.93433,-15.3376,1
42.2917,126.633,-0.262867,-4.69349,5.80651,-15.3375,1
42.3,126.669,-0.262859,-4.8213,5.6787,-15.3375,1
42.3083,126.706,-0.26285,-4.94911,5.55089,-15.3375,1
42.3167,126.742,-0.262841,-5.07693,5.42307,-15.3374,1
42.325,126.778,-0.262833,-5.20474,5.29526,-15.3374,1
42.3333,126.814,-0.262824,-5.33255,5.16745,-15.3373,1
42.3417,126.85,-0.262816,-5.46036,5.03964,-15.3373,1
42.35,126.886,-0.262807,-5.58817,4.91183,-15.3373,1
